intellij_action_id,intellij_action_class,category,capability,engine_api,swiftui_entry,status,success_path,failure_path,test_evidence,notes
Arbor.Current.GitPull.MainMenuAction.2026-08-28,current verification override,push_fetch,Git.Pull single-action main-menu interaction,pull_with_settings_and_policy + pull_remote_branch_with_settings_and_policy,ArborApp.swift: VCS > Git > Pull… + PullDialogView.swift,verified-partial,One Pull action opens the existing root/remote/remote-branch/options dialog and restores its persisted default rebase choice; explicit Merge/Rebase remain available as dialog options and branch actions,Native GitPull/DialogWrapper/VcsNotifier/DataContext lifecycle and UI automation remain partial,ArborTests/CompareSelectionTests.swift::testVCSActionContextMatchesGitMenuEnablement + focused/full xcodebuild test + script/build_and_run.sh --verify,Current verification override for fork Git.Pull main-menu registration
Arbor.Current.GitCreateNewBranch.TopLevelUnborn.2026-08-28,current verification override,branch,GitCreateNewBranchAction top-level fresh/unborn presentation and invocation guard,branch_list + headId,ArborApp.swift: VCS > Git > New Branch… + WorkspaceOperations.swift: newBranch handler,verified-partial,New Branch remains visible but is disabled when any affected Git root lacks HEAD; the notification handler repeats the same guard before opening the dialog,Branch action/DataContext lifecycle and UI automation remain partial,ArborTests/CompareSelectionTests.swift::testVCSActionContextMatchesGitMenuEnablement + focused/full xcodebuild test + script/build_and_run.sh --verify,Current verification override for fork GitCreateNewBranchAction fresh-repository boundary
Arbor.Current.FindMergedLocalBranches.Presentation.2026-08-28,current verification override,branch,FindMergedLocalBranchesAction candidate-count presentation,local branch count,RebasedDialogs.swift: single-root and multi-root Branches Popup Find Merged action,verified-partial,Find Merged remains visible but is disabled unless at least one affected Git root has more than one local branch; the existing read-only scan and report flow is unchanged,Native FindMergedLocalBranchesAction/DataContext lifecycle and UI automation remain partial,ArborTests/CompareSelectionTests.swift::isFindMergedBranchesActionEnabled + focused/full xcodebuild test + script/build_and_run.sh --verify,Current verification override for fork FindMergedLocalBranchesAction.update
Arbor.Current.CheckoutUpdate.InvocationGuard.2026-08-28,current verification override,branch,Checkout and Update invocation-time tracking validation,checkoutAndUpdateUpstream + switch_branch / smart_switch_branch / force_switch_branch + pull_remote_branch,WorkspaceOperations.swift: checkoutAndUpdate,verified-partial,Valid tracking is preserved through the existing checkout-then-upstream-update flow; stale tracking state fails closed before any branch switch,Malformed or deleted tracking state shows actionable refresh feedback; native ActionData/DataContext/VcsNotifier lifecycle and UI automation remain partial,ArborTests/CompareSelectionTests.swift::testCheckoutAndUpdateRevalidatesTrackingBeforeSwitching + focused/full xcodebuild test + script/build_and_run.sh --verify,Current verification override for GitCheckoutWithUpdateAction invocation-time guard
Arbor.Current.Branches.SingleRootPush.2026-08-27,git4idea.actions.branch.GitPushBranchAction,branch,single-root Branches Popup Push for the selected local branch,beginPushDialog(branch:),RebasedDialogs.swift: RebasedBranchesPopover local branch menu,verified-partial,"The local-branch menu now exposes Push… for both current and non-current branches and opens the existing Push dialog with the selected branch as its source, matching GitPushBranchAction instead of silently routing through the checked-out branch.","No remote now enters the existing Push dialog and offers Configure Remotes; native VcsPushDialog/VcsNotifier/DataContext lifecycle and UI automation remain partial","ArborTests/HostingProviderTests.swift::testBranchDashboardSingleLocalSelectionUsesRootScopedActionGroup + focused/full xcodebuild test + script/build_and_run.sh --verify","Closes the user-visible single-root Branches Popup gap; multi-root branch Push was already root-qualified"
Arbor.Current.Branches.SingleRootPush.NoRemote.2026-08-27,git4idea.actions.branch.GitPushBranchAction,branch,single-root Branches Popup Push with no configured remote,beginPushDialog(branch:) + PushDialogMode.allowsCommitOnlyFallbackWithoutRemote,WorkspaceOperations.swift: beginPushDialog + PushDialogView.swift: empty-remote state,verified-partial,"A visible local-branch Push action now opens the dialog even when no remote is configured; Push mode clearly asks the user to configure a remote and offers that action, while Commit and Push alone retains its intentional commit-only fallback.","Native VcsPushDialog empty-remote presentation, VcsNotifier/DataContext lifecycle and UI automation remain partial; no Git transport starts without a selected remote","ArborTests/HostingProviderTests.swift::PushDialogTests::testOnlyCommitAndPushKeepsNoRemoteCommitFallback + focused/full xcodebuild test + script/build_and_run.sh --verify","Closes the silent no-op after selecting Push for a local branch in a repository without remotes"
Arbor.Current.Branches.TagCheckout.2026-08-27,git4idea.actions.ref.GitCheckoutAction,branch,Branches Popup tag checkout,smart_checkout_detached / smart_switch_branch / checkoutTagInRoot,RebasedDialogs.swift: tag context menus,verified-partial,"Single-root and multi-root tag rows now expose Checkout for non-current tags and route to the existing root-scoped tag checkout flow; current tags keep the IntelliJ-safe action set and no longer expose branch-only New Working Tree or Rename actions.","Native GitCheckoutAction/DataContext/VcsNotifier lifecycle, smart-checkout dialog details and UI automation remain partial","ArborTests/HostingProviderTests.swift::BranchDirectoryTreeTests::testBranchDashboardTagSelectionUsesReferenceActions + focused/full xcodebuild test + script/build_and_run.sh --verify","Closes the missing tag Checkout action and removes branch-only actions from the tag context menu"
Arbor.Current.LogRewrite.InMemoryCancellation.2026-08-27,current verification override,rebase,cancellable in-memory Log Drop/Interactive Rebase,drop_selected_commits_with_policy_and_cancel + rebase_with_todo_and_policy_and_cancel,WorkspaceOperations.swift: dropSelectedCommitsFromLog + startTodoRebase,verified-partial,"The same GitCancelHandle is consumed by the object-level history rewrite before local-scene preservation and before each replay step; cancellation returns Cancelled, restores the original HEAD boundary, and lets the preservation wrapper restore the staged/unstaged/untracked scene. Log Drop now uses the cancellable API; native fallback behavior remains unchanged.","Native ProgressIndicator/ProgressWindow/DataContext lifecycle and UI automation remain partial","arbor-engine/tests/log_drop_commits.rs::cancelled_in_memory_drop_keeps_head_and_worktree_unchanged + focused/full xcodebuild test + cargo test --all-targets + script/build_and_run.sh --verify","Closes the user-visible gap where the default in-memory rewrite ignored the Cancel action"
Arbor.Current.LogApply.AbortSession.2026-08-27,current verification override,history,Abort multi-root Log Revert/Cherry-pick session,logApplyRecoveryCancellationTargets + root-scoped marker cleanup,WorkspaceOperations.swift: doOperationAbort,verified-partial,"Aborting the active root cancels the complete ordered Log Revert/Cherry-pick session; current and later root recovery markers are removed and their stale Retry notifications expire","Native VcsNotifier/DataContext lifecycle and UI automation remain partial","ArborTests/CompareSelectionTests.swift::testAbortingLogApplyCancelsEveryPendingRootInTheSession + focused xcodebuild test","Closes stale later-root Retry state after a compound Log operation is aborted"
Arbor.Current.GitAutoFetch.IncomingBranchState.2026-08-27,git4idea.branch.GitBranchIncomingOutgoingManager,branch,root-qualified live incoming branch state,remoteIncomingBranchesWithAuthAndCancel + GitIncomingBranch snapshot,RepositoryIndexRevisionMonitor.swift: GitAutoFetchMonitor + ContentView.swift: incoming state + RebasedDialogs.swift/RebasedWorkspaceViews.swift: Branches/status badges,verified-partial,"Each FETCH/LS_REMOTE cycle publishes incoming state with checked remote identities, retaining root/remote/branch identity for live remote branches whose local tracking ref is stale; Branches Popup, multi-root Branches, branch button, and status bar show an unknown-count down marker, while empty results clear only remotes actually checked and merged state clears stale notifications.","Native VcsNotifier permission/banner lifecycle, full GitBranchIncomingOutgoingManager dashboard data model, authentication-success persistence, and UI automation remain partial","ArborTests/CompareSelectionTests.swift::testAutoFetchIncomingBranchesStayQualifiedByRootAndRemote + ArborTests/CompareSelectionTests.swift::testAutoFetchIncomingSnapshotPreservesUncheckedRemotes + focused/full xcodebuild test + cargo test --all-targets + script/build_and_run.sh --verify","Display-only state does not change tracked-upstream resolution or checkout/pull/push action availability"
Arbor.Current.GitIncomingOutgoingInfo.AdvancedGate.2026-08-27,git4idea.branch.GitBranchIncomingOutgoingManager,branch,incoming/outgoing information advanced visibility gate,GitIncomingOutgoingInfoSettings + effective incoming strategy,DiagnosticsLogger.swift: global/project Git Incoming Changes settings + ContentView.swift: monitor/Branch Popup + RebasedDialogs.swift/RebasedWorkspaceViews.swift: badges,verified-partial,"The setting defaults to enabled; disabling it makes the effective incoming strategy NONE, stops Auto Fetch/LS_REMOTE, hides sync badges in single-root and multi-root branch surfaces, expires prior incoming/error actions, and re-enabling restores the saved strategy.","Native AdvancedSettingsPredicate/GitVcsSettings state component, VcsNotifier/DataContext lifecycle, and UI automation remain partial","ArborTests/CompareSelectionTests.swift::testIncomingOutgoingInfoAdvancedSettingDefaultsOnAndGatesStrategy + focused xcodebuild test + full xcodebuild test + script/build_and_run.sh --verify","Aligns git.update.incoming.outgoing.info without changing tracked-upstream LS_REMOTE or FETCH transport semantics"
Arbor.Current.UpdateProject.GlobalReadiness.2026-08-27,current verification override,update,Update Project project-level readiness preflight,update_not_ready_results + operation_state/status,WorkspaceOperations.swift: executeMultiRootUpdate,verified-partial,"Before fetch, preservation, or integration, every selected Git root is checked for an in-progress operation or unresolved index conflicts; blocker roots fail, untouched roots remain visible as skipped, and no root is updated when the project is not ready.","Native GitUpdateExecutionProcess/VcsNotifier/DataContext lifecycle and UI automation remain partial","arbor-engine/tests/multi_root.rs::multi_root_update_is_globally_not_ready_before_touching_other_roots + ArborTests/HostingProviderTests.swift::testUpdateProjectNotReadyClassifierCoversEngineAndLegacyMessages + focused/full xcodebuild test + cargo test --all-targets","Closes the partial-update race against GitUpdateProcess.isUpdateNotReady"
Arbor.Current.UpdateProject.AllSkippedReadiness.2026-08-27,current verification override,update,Update Project all-skipped readiness and recovery,updateProjectHasEligibleRoot + feedbackResultRows,WorkspaceOperations.swift: executeMultiRootUpdate,verified-partial,"When every discovered root is detached or has no tracked upstream, Update Project publishes an unavailable error instead of a completed result; root-qualified result rows remain in Operation Log and Choose Upstream/Open Branches actions are offered. Mixed projects still update eligible roots and report the others as skipped.","Native GitUpdateProcess/VcsNotifier/DataContext lifecycle and UI automation remain partial","ArborTests/HostingProviderTests.swift::testUpdateProjectRequiresAnEligibleRootWhenAllRootsAreSkipped + focused/full xcodebuild test","Closes the false-success boundary for GitUpdateProcess.checkTrackedBranchesConfiguration"
Arbor.Current.Shelf.DeleteProvider.MixedSelection.2026-08-27,current verification override,stash,Shelf DeleteProvider mixed active and Recently Deleted selection lifecycle,ShelfDeletePlan + serialized shelf mutation runner,RebasedWorkspaceViews.swift: deleteSelectedShelfItems + WorkspaceOperations.swift: deleteShelfPlan,verified-partial,"Mixed active whole/member and Recently Deleted whole/member selections execute in one root-scoped serialized plan with one progress/notification lifecycle and one final snapshot; Retry preserves failed scopes and Undo only covers active deletions moved to Recently Deleted","Native ShelvedChangesViewManager/DeleteProvider/DataContext/VcsNotifier lifecycle, full recycle action model and UI automation remain partial","ArborTests/CompareSelectionTests.swift::testShelfDeletePlanMatchesIntellijDeleteProviderSelectionScope + testShelfDeletePlanExpandsMixedScopesInStableOrder + testShelfDeletePlanRetryActionRequestRoundTrips + focused/full xcodebuild test + cargo test --all-targets + script/build_and_run.sh --verify","Closes the concurrent multi-runner mutation race without changing Git/Shelf storage semantics"
Arbor.Current.Shelf.ActionFeedbackTitles.2026-08-27,current verification override,stash,Shelf single-action feedback title semantics,shelfFeedbackTitle + ShelfBatchOperation,WorkspaceOperations.swift: single Shelf Apply/Pop/Drop routes,verified-partial,"Apply (Keep) writes Apply Shelf; Unshelve and Remove writes its destructive variant; Pop and Drop retain their own operation titles","Native VcsNotifier/DataContext lifecycle and UI automation remain partial","ArborTests/CompareSelectionTests.swift::testShelfFeedbackTitlesMatchApplyAndPopActions + focused xcodebuild test","Closes the user-visible Operation Log title inversion without changing Shelf mutation semantics"
Arbor.Current.SearchEverywhereGitContributor.2026-08-27,current verification override,history,Search Everywhere Git refs and commit contributor,commit_info + log_with_command --all --grep,RebasedDialogs.swift: SearchEverywhereView + ContentView.swift: root-aware Log routing,verified-partial,"Searches local branches, remote-tracking branches, tags, commits by >=7-character hex hash and commits by >=3-character message across all discovered Git roots; preserves root identity and opens the matching ref or commit in that root's Log","Native GitSearchEverywhereContributor/index freshness/DataContext/action-group lifecycle and UI automation remain partial","ArborTests/CompareSelectionTests.swift::testSearchEverywhereReferencesPreserveKindsAndRootIdentity + testSearchEverywhereCommitQueryThresholdsMatchGitContributor + focused xcodebuild test + Debug xcodebuild build","Aligns GitSearchEverywhereContributor item kinds and Log navigation while keeping query arguments out of shell parsing"
Arbor.Current.RebaseTodoGroupActions.2026-08-27,current verification override,rebase,Interactive Rebase squash/fixup group action semantics,RebaseTodoItem + structured todo action application,RebasedDialogs.swift: RebaseTodoEditorView + MultiRootRebaseTodoEditorView,verified-partial,"Pick/Edit/Drop on a squash/fixup child detaches it and moves it after the group; Drop on a group root drops the entire group; child Reword is hidden and rejected; arrow movement and drag/drop preserve complete UniteRoot/UniteChild groups, detach a child as pick across a boundary, and reattach it as fixup before another group child; single-root and multi-root callers relocate by commit identity after mutations","merge-preserving label/reset/merge control rows remain native-todo fallback; complete merge descendant editing, notification grouping and UI automation remain partial","ArborTests/CompareSelectionTests.swift::testRebaseTodoActionDetachesChangedSquashChildAndPreservesGroup + testRebaseTodoDropOnSquashRootDropsTheWholeGroup + testRebaseTodoMoveDetachesChildWhenLeavingGroup + testRebaseTodoMoveKeepsSquashGroupTogether + testRebaseTodoMoveJoinsExistingGroupAtBoundary + testRebaseTodoDragMovesWholeSquashGroup + focused/full xcodebuild test","Aligns structured todo actions and movement with GitRebaseTodoModel UniteRoot/UniteChild exchangeIndices semantics"
Arbor.Current.Gpg.RemotePinentryEntrypoint.2026-08-26,current verification override,commit,GPG remote pinentry entrypoint routing,launcher PINENTRY_USER_DATA dispatch,BeforeCommitSettingsView.swift: ArborEmbeddedPinentry launcherScript,verified-partial,"IJ_PINENTRY_ENTRYPOINT token extracts the remote entrypoint and forwards the original pinentry argv while local AR_PINENTRY sessions still use --arbor-pinentry","Remote entrypoint creation and lifecycle remain the responsibility of a remote-development host; real GPG signing GUI automation and native DialogWrapper lifecycle remain partial","ArborTests/CompareSelectionTests.swift::testEmbeddedPinentryLauncherForwardsRemoteEntrypointBeforeFallback + focused/full xcodebuild test","Aligns the fork launcher dispatch without inventing a remote transport host"
Arbor.Current.Shelf.ProjectScopedTreeSettings.2026-08-26,current verification override,stash,Shelf project-scoped tree view settings,project-keyed UserDefaults + ShelfViewSettings,RebasedWorkspaceViews.swift: ShelfViewSettings + RebasedCommitWorkspace,verified-partial,"Shelves 展开、目录分组和 Recently Deleted 展开按标准化 project path 持久化并在切换项目时重新加载","完整回收 action model、细粒度通知生命周期和 UI automation 仍 partial","ArborTests/CompareSelectionTests.swift::testShelfTreeSettingsAreProjectScoped + focused/full xcodebuild test + cargo fmt --check","Closes cross-project Shelf view state contamination"
Arbor.Current.LogCommitWorkingTreeCompareTab.2026-08-26,current verification override,history,Log/Reflog Compare with Current selected revision to Working Tree tab lifecycle,tree_changes_with_worktree,WorkspaceOperations.swift: compareFromLog + openTreeComparisonTab,verified-partial,"Compare with Current from Log/Reflog/Compare Branches rows now uses selected revision ↔ Working Tree semantics, preserves the current Log context, and reuses the root-qualified independent file-diff tab lifecycle","IntelliJ GitLogDiffHandler/CompareWithLocalDialog native presentation, native DataContext/Changes Browser action lifecycle and UI automation remain partial","ArborTests/CompareSelectionTests.swift::testLogCommitComparisonUsesSelectedRevisionAgainstWorkingTree + focused/full xcodebuild test","Current verification override for GitLogDiffHandler.showDiffWithLocal"
Arbor.Current.LogChangesBrowser.RootQualifiedCommitGroups.2026-08-27,current verification override,history,Log Changes Browser root-qualified commit grouping,logChangesCommitIdentity + logChangesCommitRecords + logChangesCommitGroupName,LogSidebar.swift: LogChangesBrowserView,verified-partial,"Aggregate Changes Browser now groups selected commits by Git root plus commit ID; same object IDs in independent roots keep separate file lists and root-qualified submodule request IDs, while same-named roots display full paths","Native VcsLog/ChangesBrowser/DataContext/VcsNotifier lifecycle and UI automation remain partial","ArborTests/CompareSelectionTests.swift::testLogChangesBrowserGroupsEqualCommitIDsByGitRoot + focused/full xcodebuild test","Closes the concrete multi-root Changes Browser mixing and duplicate-selection gap"
Arbor.Current.BranchPairHeadResolution.2026-08-25,current verification override,branch,Branches Dashboard HEAD + branch comparison pair resolution,branch_compare_commitwise / tree_changes,RebasedDialogs.swift: branchDashboardComparisonPair + LogSidebar.swift dashboard callbacks,verified-partial,"A synthetic HEAD + named branch resolves to selected branch versus current branch before commit/file comparison; HEAD + current branch, detached HEAD and unborn HEAD are disabled; ordinary two-ref ordering remains unchanged","Native BranchesPairActionBase/DataContext/VcsNotifier/Changes Browser lifecycle and UI automation remain partial","ArborTests/HostingProviderTests.swift::testBranchDashboardHeadAndBranchSelectionExposesPairComparisons + testBranchDashboardHeadAndCurrentBranchSelectionDisablesPairComparisons + testBranchDashboardHeadPairFailsClosedWithoutNamedCurrentBranch + focused/full xcodebuild test","Current verification override for IntelliJ BranchesPairActionBase and ShowArbitraryBranchesFileDiffAction pair semantics"
Arbor.Current.BranchComparisonEditorTabLifecycle.2026-08-26,current verification override,branch,Compare Branches editor-tab lifecycle,branch_compare_commitwise,WorkspaceOperations.swift: openBranchComparisonTab + ContentView.swift: makeBranchComparisonLogTab,verified-partial,"Compare with Current and Compare Branches now preserve the current Log context, open a root-qualified dedicated comparison tab, restore it through normal tab persistence with tab-local pane filters, switch/close independently, and reuse an existing exact root/range tab","IntelliJ VcsLogFile/VFS editor integration, native DataContext/action-group lifecycle and UI automation remain partial","ArborTests/CompareSelectionTests.swift::testBranchComparisonLogTabIsRootQualifiedAndPreservesRange + focused/full xcodebuild test","Current verification override for GitBranchesUIHandler and GitCompareBranchesFilesManager editor-tab semantics"
Arbor.Current.BranchFileDiffEditorTabLifecycle.2026-08-26,current verification override,branch,Branch HEAD and Working Tree file-diff tab lifecycle,tree_changes / tree_changes_with_worktree / diff_commits,WorkspaceOperations.swift: openTreeComparisonTab + ContentView.swift: makeTreeComparisonLogTab,verified-partial,"Show Files Diff and Show Diff with Working Tree now preserve the current Log context, open a root-qualified dedicated Changes Browser tab, restore through normal Log tab persistence, switch/close independently, and reuse an exact root/range/working-tree tab","IntelliJ CompareWithLocalDialog versus ChangesBrowserToolWindow native presentation, native Changes Browser action lifecycle and UI automation remain partial","ArborTests/CompareSelectionTests.swift::testTreeComparisonLogTabsSeparateCommittedAndWorkingTreeDiffs + focused/full xcodebuild test","Current verification override for ShowArbitraryBranchesFileDiffAction and GitShowDiffWithBranchPanel tab semantics"
Arbor.Current.AggregateLogCursorPagination.2026-08-25,current verification override,log,Multi-root VCS Log cursor pagination,log_filtered_with_paths_with_message_and_date_options_for_revisions_with_after_id,WorkspaceOperations.swift: loadAggregatedLog + ContentView.swift: logAggregatePageCursors,verified-partial,"Each Git root continues from its own last visible commit; multi-path filters and root-qualified merge/de-duplication remain unchanged; cached first pages restore their root cursors","A root that has reached its end may receive one harmless empty cursor request while another root still has more; IntelliJ permanent graph/data manager, native VisiblePackRefresher/DataContext lifecycle and UI automation remain partial","arbor-engine/tests/log_filter.rs::multiple_paths_log_cursor_continues_after_the_previous_visible_commit + cargo test --all-targets + full xcodebuild test + script/build_and_run.sh --verify","Removes aggregate Log prefix re-queries without claiming permanent VCS Log parity"
Arbor.Current.BranchesPopup.CompareWithCurrent.2026-08-25,current verification override,branch,Branches Popup Compare with Current opens committed-revision history comparison,branch_compare_commitwise,ContentView.swift + WorkspaceOperations.swift,verified-partial,"Single-root Branches Popup Compare with Current now routes to the existing two-pane unique-commit comparison, while Show Diff with Working Tree remains the separate reference-vs-working-tree file Changes Browser","Repository-open failures and stale async results remain fail-closed; native VCS Log/Changes Browser DataContext and action lifecycle plus UI automation remain partial","ArborTests/CompareSelectionTests.swift::testBranchComparisonSeparatesHistoryFromWorkingTreeDiff + focused/full xcodebuild test + script/build_and_run.sh --verify","Closes the single-root Branches Popup destination mismatch without claiming native IntelliJ action lifecycle parity"
Arbor.Current.CompareWithBranchDirectory.2026-08-25,current verification override,history,Directory Compare with Branch or Tag Changes Browser,tree_changes_with_worktree,ProjectFileTreeView.swift + FileReferenceComparisonView.swift,verified-partial,"Directory context menu loads the selected local/remote branch or tag and projects the Rust working-tree change list onto that directory; the SwiftUI Changes Browser keeps Added/Modified/Deleted/Renamed rows, preserves both rename endpoints, and opens the existing file-level diff with previous/next navigation","Empty directory diffs and Git errors are explicit; untracked files remain excluded like IntelliJ git diff, while native Changes Browser/DataContext/VcsNotifier lifecycle and UI automation remain partial","ArborTests/CompareSelectionTests.swift::testFileReferenceDirectoryChangesKeepRenameEndpointsUnderDirectory + xcodebuild focused/full test + script/build_and_run.sh --verify","Closes the missing directory branch/tag compare path without claiming native IntelliJ Changes Browser lifecycle"
Arbor.Current.ExternalDifftool.2026-08-25,current verification override,diff,Diff Viewer explicit external difftool action,git difftool --no-prompt --tool + git config --get diff.tool/diff.guitool,DiffDetailView.swift: External Diff action,verified-partial,"The active two-side status/revision comparison can be opened in the user's configured Git difftool; staged/working-tree/revision pairs, reverse Local→Staged, rename endpoints and untracked --no-index all keep separate argv values and use -- before paths; the running Git/difftool process is cancellable through a process-group handle and stale Diff generations cannot overwrite the current view","No diff.tool or diff.guitool fails closed instead of opening Git's interactive picker; implicit arbitrary diff.<driver>.command settings, file-type tool selection and native DiffManager lifecycle remain partial","arbor-engine/tests/console.rs::cancellable_raw_git_command_maps_process_group_cancel_to_engine_error + Arbor/ArborTests/FileContentViewTests.swift::testExternalDiffCommandKeepsRevisionAndRenamePathsSeparate + testExternalDiffCommandUsesNoIndexForUntrackedFiles + focused/full xcodebuild test + script/build_and_run.sh --verify","Closes the explicit external-diff invocation and cancellation gap without claiming IntelliJ's full ExternalDiffSettings matrix"
Arbor.Current.GitTasksPanel.2026-08-25,current verification override,cross-cutting,expandable Git task progress and cancellation surface,git_progress_state + FeedbackCenter lifecycle,FeedbackCenter.swift: GitTasksView + ContentView.swift: OperationsViewMode.tasks,verified-partial,"When a Git operation is running, the status-bar operation entry opens a dedicated Git Tasks view showing operation name, transport phase/percentage, batch progress, current root and completed/total roots for Fetch/Pull/Push/Update Project/Merge/Rebase/Checkout/Reset runners, cancellation and recent completed entries; nested system-Git progress restores the outer root snapshot; gix Merge/Rebase phases remain indeterminate while paused/skipped root state is explicit; completed detail remains in the shared Operation Log","Other custom runners still lack complete root-level aggregation or unified transport percentage; concurrent task queue, native ProgressWindow/VcsNotifier/DataContext lifecycle and UI automation remain partial","arbor-engine/src/gitprocess.rs::tests::multi_root_progress_exposes_root_identity_and_completion + arbor-engine/src/gitprocess.rs::tests::nested_operation_progress_restores_multi_root_context + arbor-engine/tests/multi_root.rs::multi_root_merge_continues_after_conflict_and_reports_each_pending_root + arbor-engine/tests/rebase_options.rs::multi_root_rebase_preserves_failure_and_skips_later_roots + arbor-engine/tests/console.rs::cancellable_raw_git_command_maps_process_group_cancel_to_engine_error + Arbor/ArborTests/CompareSelectionTests.swift::testFeedbackCenterTracksBatchProgressUntilOperationFinishes + focused/full xcodebuild test + script/build_and_run.sh --verify","Extends the status-bar-only progress presentation gap to custom Merge/Rebase/Checkout/Reset root boundaries without claiming Git transport percentages that gix does not expose or full IntelliJ ProgressWindow/task-queue parity"
Arbor.Current.GitPullDialog.2026-08-25,git4idea.actions.GitPull,push_fetch,IntelliJ-style Pull root/remote/remote-branch dialog with persisted options,Repository.pull_with_settings_and_policy + pull_remote_branch_with_settings_and_policy,PullDialogView.swift + WorkspaceOperations.swift,verified-partial,"VCS > Git > Pull > Merge/Rebase selects a root remote and remote-tracking branch; ff-only/no-ff/squash/no-commit/no-verify are persisted and sent to Rust; Fetch refreshes the selected root; selected secondary roots use a root-local pull preservation marker with the project Shelve/Stash policy and conflict-workbench recovery","Native GitPullDialog/DialogWrapper/VcsNotifier/DataContext lifecycle remains partial",arbor-engine/tests/pull.rs::pull_remote_branch_policy_restores_dirty_tracked_and_untracked_files + pull_policy_restores_dirty_files_after_merge_conflict_is_finished + pull_policy_restores_dirty_files_after_rebase_abort + ArborTests/HostingProviderTests.swift::testPullDialogDefaultsToTrackedRemoteThenOriginThenFirst + testPullDialogOptionsMatchIntelliJIncompatibilities + focused/full xcodebuild test,"The explicit dialog closes the old default-upstream-only gap and the selected-secondary dirty-preservation gap without claiming native Swing lifecycle parity"
Arbor.Current.GitUpdateActionUpdate.2026-08-25,current verification override,push_fetch,Update Project action-update busy boundary,feedback operation state + multi-root runner state,ArborApp.swift: ArborVCSActionContext + isArborBackgroundVCSOperationInProgress; ContentView.swift: action context; WorkspaceOperations.swift: VCS handler/requestUpdateProject/executeMultiRootUpdate,verified-partial,"Update Project 执行任意后台 VCS operation 或 multi-root runner 时保留入口但禁用；VCS 菜单、通知 handler 与 options dialog 确认后的执行入口共享 busy guard，不会重复覆盖当前 Update/恢复反馈状态","原生 VcsManager.isBackgroundVcsOperationRunning、DataContext/VcsNotifier lifecycle 与 UI automation 仍为 partial",ArborTests/CompareSelectionTests.swift::testVCSActionContextMatchesGitMenuEnablement + focused/full xcodebuild test + script/build_and_run.sh --verify,对齐参考 AbstractCommonUpdateAction 的后台 VCS operation presentation boundary，并收口非菜单直接入口
Arbor.Current.GitFetchActionUpdate.2026-08-25,current verification override,index,Git.Fetch action-update busy boundary,feedback operation state + fetch transport operation names,ArborApp.swift: ArborVCSActionContext + isArborFetchInProgress; ContentView.swift: action context; WorkspaceOperations.swift: VCS handler/doFetch/doFetchAll/doFetchPrune/doFetchUnshallow,verified-partial,"Fetch、Fetch All、分支级 Fetch、Prune、Unshallow 执行中保留入口但禁用；VCS 菜单、Quick Actions、Branches Popup 和直接 handler 共享 busy guard，不会重复覆盖同一 Fetch/反馈状态","原生 GitFetchSupport 任务注册、VcsNotifier/DataContext lifecycle 与 UI automation 仍为 partial",ArborTests/CompareSelectionTests.swift::testVCSActionContextMatchesGitMenuEnablement + focused/full xcodebuild test + script/build_and_run.sh --verify,对齐参考 GitFetch.update() 的 fetch-running presentation boundary，并收口非菜单直接入口
Arbor.Current.GitMergeActionUpdate.2026-08-25,current verification override,index,Git.Merge action-update 的 project-wide presentation/enablement boundary,operation_state + all discovered root operation states,ArborApp.swift: ArborVCSActionContext + ProjectCommands; ContentView.swift: action context/openMergeDialog/openRebaseDialog; WorkspaceOperations.swift: VCS handler/doMerge/doRebase,verified-partial,"干净 root 保留 Merge…；任一已发现 root 进入 merge operation state 时菜单项隐藏且 handler 拒绝；所有 root 都处于非 NORMAL/DETACHED operation 时入口保留但禁用；当前 root 的分支弹窗/侧栏/Rebase 直接入口不能绕过 active-operation guard","secondary-root state 的刷新时序、原生 ActionUpdateThread/DataContext lifecycle 与 UI automation 仍为 partial",ArborTests/CompareSelectionTests.swift::testVCSActionContextMatchesGitMenuEnablement + focused/full xcodebuild test + script/build_and_run.sh --verify,对齐参考 GitMerge.update() 的 project-wide presentation/enablement 边界，并收口非菜单直接入口
Arbor.Current.ExternalVFSRenameReview.2026-08-23,current verification override,index,歧义目录 rename 与外部 VFS action lifecycle review,repositoryExternalVCSActionPaths + repositoryNonConflictingExternalVCSMoves + runRepositoryExternalVCSActions,WorkspaceOperations.swift: selectExternalVCSMoves + externalVCSRetryFeedbackAction,verified-partial,"按每个新端点提供一个选择控件；唯一候选默认选中，多候选默认 Skip；提交前保证旧端点与新端点一对一；Add、empty-blob Add、Remove 和 case-only force move 失败后从同一稳定 notification ID 提供可持久化 Retry","Retry 只回放用户已确认的相对路径与 move 对，执行前校验 root containment/path safety 并刷新所属 root；仍缺 IntelliJ 原生逐文件 operation-state、VFS permission/banner、完整 action history 聚合与 UI automation",ArborTests/RepositoryFileChangeMonitorTests.swift::testAmbiguousDirectoryRenameOffersPerFileReviewCandidates + testAmbiguousRenameSelectionRemainsOneToOne + testExternalVCSRetryPayloadRoundTripsAndRejectsUnsafePaths + xcodebuild test + script/build_and_run.sh --verify,This row supersedes stale historical wording in Vcs.Internal.ExternalChangeEvents and Arbor.Current.DirtyScopeLifecycle.2026-08-21
Arbor.Current.GitTextconvDiff.2026-08-23,current verification override,diff,.gitattributes diff-driver textconv across structured Diff previews,diff_file_with_settings + diff_commits_with_settings + diff_commits_with_paths_with_settings + diff_revision_path_with_worktree_with_settings + commit_file_diff_with_settings + stash_file_diff_with_settings + shelve_file_diff_with_settings + shelve_deleted_file_diff_with_settings + parse_external_unified_diff + reverse_file_diff,DiffDetailView.swift + RebasedWorkspaceViews.swift + CommitDetailView.swift + LogGraphView.swift + LogSidebar.swift + SubmoduleChangeView.swift + DiagnosticsLogger.swift,verified-partial,"When the explicit external conversion setting is enabled and Git attributes resolve diff=<driver>, Arbor invokes system Git with --no-ext-diff --textconv for current-file, revision, commit, same-path and cross-path rename revision/worktree, rename endpoint, active/Recently Deleted Shelf and Stash structured previews, parses ordinary and binary textconv unified output, and preserves read-only reversal semantics","Default remains fail-closed; configured textconv command failures surface as Git errors; the cross-path rename mapping is isolated in a temporary GIT_INDEX_FILE, imported/raw patch APIs retain raw patch semantics, implicit arbitrary external diff/merge helpers remain disabled, and large-repository conversion caching remains partial","arbor-engine/tests/diff_behavior.rs::textconv_diff_is_opt_in_and_reversible + diff_commits_with_paths_handles_renamed_file_endpoints + revision_to_renamed_worktree_diff_uses_opt_in_textconv; arbor-engine/tests/shelve.rs::shelve_file_diff_with_settings_uses_textconv_for_both_sources + recently_deleted_shelf_file_diff_supports_structured_and_local_views; arbor-engine/tests/stash_workspace.rs::stash_preview_uses_opt_in_textconv_for_tracked_files + cargo test --all-targets + xcodebuild test + script/build_and_run.sh --verify","Current verification override for opt-in textconv parity across structured Diff entry points"
Arbor.Current.MultiRootPullViewCommits.2026-08-23,current verification override,push_fetch,Git Roots Pull View Commits post-action,run_multi_root_operation + headCommitIDs + semantic retry range,WorkspaceOperations.swift: executeMultiRootOperation and multiRootUpdateViewCommitsAction,verified-partial,"Pull All Merge/Rebase captures HEAD before and after each root and exposes View Commits only for successful non-skipped roots that advanced","No upstream no common ancestor first publish failed or skipped roots omit ranges; Fetch All does not fabricate local commit ranges; native VcsNotifier DataContext and UI automation remain partial",Arbor/ArborTests/CompareSelectionTests.swift::testMultiRootRetryActionRequestRoundTripsOperationAndRootScopes + Arbor/ArborTests/HostingProviderTests.swift::testUpdateSessionRevisionRangesOnlyIncludeChangedSuccessfulRoots + xcodebuild test,Reference GitUpdateInfoAsLog attaches the update range action to the Pull or Update notification; Arbor preserves the same root-qualified boundary across retry and reload
Arbor.Current.InteractiveRebaseDiscardConfirmation.2026-08-23,current verification override,rebase,interactive rebase modified-todo cancel confirmation,GitInteractiveRebaseDialog.doCancelAction + RebaseTodoEditorView + MultiRootRebaseTodoEditorView + RawRebaseTodoEditorView,RebasedDialogs.swift: rebaseTodoHasUnsavedChanges + structured/native cancel alerts,verified-partial,"After a todo edit, Cancel opens Keep Editing/Discard Changes confirmation; an untouched editor cancels directly; single-root structured, multi-root structured and native todo editors share the same explicit discard boundary","The current native control-row structured presentation, full notification grouping and UI automation remain partial","Arbor/ArborTests/CompareSelectionTests.swift::testRebaseTodoDiscardConfirmationTracksStructuredAndRawChanges + xcodebuild focused/full test + script/build_and_run.sh --verify","Current verification override for IntelliJ GitInteractiveRebaseDialog modified-cancel semantics"
Arbor.Current.LogApply.Recovery.2026-08-23,current verification override,history,cross-restart root-scoped Log Revert/Cherry-pick recovery,cherry_pick_many_with_options + revert_many + operation_state + Codable semantic action,WorkspaceOperations.swift: PersistedLogApplyRecovery + ordered session retry + operation recovery refresh,verified-partial,"Each root persists session/order, ordered commit IDs, initial HEAD, preserve-local-changes policy, empty-commit policy and suffix option before mutation; legacy single-root payloads migrate to a safe session; retry after restart requires no active Git operation, an unchanged exact HEAD and the earliest pending root; multi-root roots remain separately addressable; Abort preserves a safe retry, Continue auto-advances the next root and completed roots clear their markers","Native GitApplyChangesNotificationsHandler grouping, DataContext lifecycle and UI automation remain partial","Arbor/ArborTests/CompareSelectionTests.swift::testLogApplyRecoveryActionRequestRoundTripsRootAndHeadGuard + testLegacyLogApplyRecoveryPayloadDefaultsToSingleRootSession + testLogApplyRecoveryOnlyRunsTheEarliestPendingRoot + xcodebuild test + script/build_and_run.sh --verify","Current verification override for ordered cross-restart Log apply recovery"
Arbor.Current.MergeViewCommits.2026-08-23,GitMergeAction,merge,Merge View Commits post-action,merge_with_settings + MultiRootMergeResult initial_head/final_head,WorkspaceOperations.swift: runMerge/finishMerge/mergeBranchInRoot/runMultiRootMergeOperation/runMultiRootResolverRecovery,verified-partial,"Completed single-root/root-scoped/multi-root merges and Continue derive real before/after HEAD and expose root-qualified semantic View Commits alongside Delete/Rollback","Pending conflict failed skipped up-to-date or missing-boundary roots omit the range; native UpdateInfoTree VcsNotifier DataContext action-group and UI automation remain partial",Arbor/ArborTests/CompareSelectionTests.swift::testCompletedMergeRevisionRangesExcludePendingFailedSkippedAndUnchangedRoots + xcodebuild test + script/build_and_run.sh --verify,Closes the GitMergeAction received-commits follow-up within the product boundary while preserving fail-closed behavior
Arbor.Current.CommitSuccessRewordAction.2026-08-23,current verification override,commit,Commit success Reword post-action,ArborVCSActionRequest.rewordCommit + openRewordCommit + FeedbackCenter,WorkspaceOperations.swift: commitRewordFeedbackAction and openRewordCommit,verified-partial,"Single-root and multi-root Commit success or partial feedback exposes a root-qualified Reword Commit action and reopens the owning Log/Reword flow after reload","Cross-root atomic reword and native VcsNotifier/UI automation remain partial; stale HEAD or unavailable roots fail closed",Arbor/ArborTests/CompareSelectionTests.swift::testCommitRewordActionRoundTripsRootAndHeadAcrossReload + xcodebuild test,Reference GitCommitSuccessNotificationRewordProvider offers reword only for recorded commits that remain repository HEAD; Arbor now preserves the same safety boundary through Codable semantic actions
Arbor.Current.RewordSuccessUndo.2026-08-23,current verification override,rebase,Reword success Undo post-action,restoreHeadRefIfExpected + ArborVCSActionRequest.undoRewordCommit,WorkspaceOperations.swift: submitLogHeadReword + undoRewordCommit + FeedbackCenter,verified-partial,"HEAD and Root Reword success feedback exposes a root-qualified Undo Reword Commit action carrying initial/expected HEAD and attached or detached branch identity; Undo checks operation state, protected remote reachability and expected state before restoring only the HEAD ref","Cross-root atomic undo, complete native VcsNotifier lifecycle and UI automation remain partial; HEAD/branch drift and published protected history fail closed",Arbor/ArborTests/CompareSelectionTests.swift::testRewordUndoPersistsExpectedHeadAndDetachedBranchState + arbor-engine/tests/staging.rs::reword_undo_restores_head_without_touching_local_scene + xcodebuild test + cargo test --all-targets,Reference GitCommitEditingOperationResult.Complete and GitCommitEditingNotifications undo by restoring the old HEAD; Arbor preserves staged/worktree state through the narrower ref-only CAS API
Arbor.Current.RebaseUndoProtectedBoundary.2026-08-23,current verification override,rebase,Rebase success Undo protected-history and operation-state boundary,merge_base_revision_id + logWithCommand(--reverse) + remoteBranchList + isCommitReachableFrom + reset(.keep),WorkspaceOperations.swift: rebaseUndoProtectionCommitBeforeOperation + rebaseUndoTargetAfterCompletion + undoLastRebase,verified-partial,"Single-root Rebase Undo records the oldest changed commit before an onto/upstream rewrite, including configured upstream resolved for ordinary Pull/Rebase, carries it through the seed, expected-HEAD target and Codable semantic action, then checks active operation state, branch/expected HEAD and protected remotes before reset --keep","Legacy payloads, root rebases, no common ancestor and unavailable ranges use the conservative old/new HEAD fallback; cross-root atomic Undo, complete native VcsNotifier lifecycle and UI automation remain partial",Arbor/ArborTests/CompareSelectionTests.swift::testRebaseUndoTargetAfterContinueKeepsExpectedHeadSafetyBoundary + testRebaseUndoSeedCodableRoundTripsRecoveryBoundary + testDropUndoTargetAndSemanticActionRoundTripAcrossPersistence + arbor-engine/tests/log_filter.rs::command_log_filter_supports_oldest_commit_in_a_rewrite_range + xcodebuild test + cargo test --all-targets + script/build_and_run.sh --verify,Reference GitCommitEditingOperationResult.checkUndoPossibility uses firstChangedHash; Arbor now persists the equivalent pre-rewrite anchor whenever the configured onto/upstream can be resolved
Arbor.Current.ShelfDirtyScopeLifecycle.2026-08-23,current verification override,stash,Shelf and Apply Patch dirty-scope/index refresh lifecycle,repositoryShelfMutationDirtyPaths + RepositoryDirtyScopeManager + refreshAll,WorkspaceOperations.swift: refreshAfterShelfMutation,verified-partial,"Shelf create, single/batch Unshelve, Pop, Apply Patch, conflict completion and exact rollback now enqueue root-qualified dirty paths and consume them through the packed dirty-scope lifecycle; refresh updates file content token, staging model and index revision, while metadata changes widen the refresh only to the Git root","Unpaired external VFS/PSI index notification and native VcsNotifier/UI automation remain outside this refresh boundary; full Recently Deleted action model remains partial",Arbor/ArborTests/RepositoryFileChangeMonitorTests.swift::testShelfMutationDirtyPathsNormalizeRelativeAndAbsolutePathsSafely + xcodebuild test,Reference GitApplyChangesProcess refreshes changed VFS/staged paths and marks the repository dirty after Apply Changes; Arbor now applies the same root-scoped refresh invariant to Shelf operations
Arbor.Current.MultiRootCommitCatastrophicRetry.2026-08-22,current verification override,commit,Commit catastrophic failure retry and Commit-and-Push context,runMultiRootCommitWithOptions + Codable PersistedMultiRootCommitRetry,WorkspaceOperations.swift: performMultiRootCommit,verified-partial,"Engine throw/cancel paths reuse the Commit stable notification ID and persist message, all Commit options, failed root scope, Commit-and-Push flag and prior committed roots; Operation Log exposes Retry Failed Commits and preserves Push Committed Roots when applicable","Cross-root atomic rollback remains unsafe and intentionally unavailable; native commit-result UI grouping remains partial",ArborTests/CompareSelectionTests.swift::testFeedbackHistoryRestoresCatastrophicCommitRetryContextAcrossReload + testMultiRootCommitRetryRequestRoundTripsFullCommitContext + xcodebuild test,Reference GitStageCommitter reports per-root success/failure and only starts Push after a clean commit phase; this override closes Arbor catastrophic throw/cancel recovery loss
Arbor.Current.PushCompoundRecoveryLifecycle.2026-08-22,current verification override,push_fetch,Push compound failure and recovery retry lifecycle,runMultiRootPushWithForceOptions + runMultiRootPushRecoveryWithOptionsAndFetchTags + pushInRoot + updateRootForPushRecovery,WorkspaceOperations.swift: runMultiRootPush / recoverMultiRootPushRoots / updateRootForPushRecovery,verified-partial,"Catastrophic Push and Push-recovery failures retain stable project notification IDs and Codable Retry actions; single-root Update with Merge/Rebase and the following Push reuse the root notification history while preserving the original Push parameters","Cross-root rollback, joint diff and full native VcsNotifier grouping remain partial",ArborTests/CompareSelectionTests.swift::testFeedbackHistoryRestoresPushRecoveryRetryActionAcrossReload + testFeedbackBeginReusesStableNotificationHistoryEntryForRetry + xcodebuild test,Reference GitPushOperation and GitPushResultNotification keep rejected Push follow-up actions attached to the operation notification; this override closes unlinked failure/recovery paths
Arbor.Current.SingleRootPushRecoveryAction.2026-08-23,current verification override,push_fetch,Single-root Push and Commit-and-Push rejected recovery plus received-commits action,do_push / commit_and_push_with_options + PersistedPushRecovery + multiRootPushRevisionRanges,WorkspaceOperations.swift: doPush / offerPushRecovery / retrySingleRootPushRecovery,verified-partial,"Non-fast-forward Push now replaces the transient modal with stable Merge/Rebase semantic actions; the current-branch standard Push persists a merge-base → local-tip View Commits range only when the target remote matches configured upstream; no-upstream, different-remote, refspec, non-current-branch and unrelated-history cases are omitted; the action persists remote, expected checked-out branch, force/lease, upstream, tag and hook parameters, refuses to run after the root, branch, or upstream changes, and routes the selected recovery through the root-scoped Update → Push compound runner","Cross-root rollback, joint diff, complete native VcsNotifier lifecycle and UI automation remain partial",ArborTests/CompareSelectionTests.swift::testSingleRootPushRecoveryRequestRoundTripsExpectedBranch + xcodebuild test,Reference GitPushResultNotification attaches rejected Push follow-up actions to the operation notification; this closes the standard single-root doPush and Commit-and-Push path that previously lost its recovery action on relaunch
Arbor.Current.Log.AddCommitsFeedbackLifecycle.2026-08-22,current verification override,history,Add Commits to Remote Branch terminal feedback lifecycle,fetch_remote_branch_with_auth_and_cancel + prepare_add_commits_to_remote_branch,WorkspaceOperations.swift: prepareAddCommitsToRemoteBranch,verified-partial,"Stable root-scoped notification ID is supplied when the operation begins; a prepared detached tip finishes FeedbackCenter before PushDialog opens, no-op/failure/cancel all publish terminal feedback and no path leaves the operation in Working state","Authentication, replay conflicts and transport failures remain retryable through the operation entry; cross-root notification orchestration and SwiftUI UI automation remain partial",ArborTests/CompareSelectionTests.swift::testFeedbackCenterStableRetryHistory + xcodebuild test,Reference GitAddCommitToRemoteBranchOperation uses fetch then in-memory replay then Push dialog; this override closes the local Working-state lifecycle gap
Arbor.Current.SubmoduleGitlinkStaging.2026-08-22,current verification override,submodule,parent-repository Stage and Unstage for existing submodule gitlinks,stage / unstage,RebasedCommitWorkspace staging actions,verified-partial,"When a changed initialized submodule is selected in the parent Changes Browser, Stage reads the nested repository HEAD and updates the existing 160000 gitlink index entry; Unstage restores the parent HEAD gitlink without staging nested files; ordinary directories fail closed","Uninitialized or no-HEAD nested repositories, missing gitlink entries, and ordinary directories return EngineError without writing partial index state",arbor-engine/tests/staging.rs::stage_and_unstage_changed_submodule_gitlink + stage_uninitialized_submodule_directory_fails_without_mutating_index + cargo test --all-targets,Reference StagingAreaOperationAction groups submodule nodes by parent repository and applies normal Git add/reset there; native DataContext and UI automation remain partial
Arbor.Current.SubmodulePanelRetry.2026-08-22,current verification override,submodule,SubmodulePanel durable retry and notification history,submodule_add/update/sync/deinit/remove/set_branch with auth and cancel,WorkspaceOperations.swift: runSubmoduleOperation + ArborApp.swift: PersistedSubmoduleRetry,verified-partial,"Add, Update (including init/recursive/--remote), Sync, Deinit, Remove and Set Branch share one durable operation runner; failed/cancelled operations retain root-qualified parameters and stable notification IDs, and Update keeps expected-HEAD guarded Undo",Add/Remove intentionally do not expose unconditional rollback because that would overwrite later .gitmodules/index/worktree changes; full IntelliJ VcsNotifier/DataContext/UI automation remains partial,ArborTests/CompareSelectionTests.swift::testSubmoduleRetryActionRequestRoundTripsCompleteOperationContext + xcodebuild test,Current verification override for standalone SubmodulePanel action lifecycle
Arbor.Current.MultiRootFetchPullRetry.2026-08-22,current verification override,push_fetch,Git Roots Fetch/Pull partial retry and action history,run_multi_root_operation_on_roots + Codable semantic retry action,WorkspaceOperations.swift: executeMultiRootOperation + FeedbackCenter.swift: stable notification history,verified-partial,"Fetch All/Pull All now report per-root success/failed/skipped results; failed and cancelled roots expose root-scoped Retry actions, retries invoke only the remaining roots, and stable notification IDs reuse the same Operation Log entry across reload",IntelliJ native VcsNotifier/DataContext/UI automation and deeper Push/Commit/Submodule compound post-actions remain partial,arbor-engine/tests/multi_root.rs::multi_root_retry_operation_only_touches_selected_roots + ArborTests/CompareSelectionTests.swift::testMultiRootGenericRetryOperationsRoundTrip + testFeedbackBeginReusesStableNotificationHistoryEntryForRetry + xcodebuild test,Current verification override for generic multi-root Fetch/Pull retry semantics
Arbor.Current.MultiRootMerge.RollbackAction.2026-08-21,current verification override,merge,multi-root Merge rollback and recovery action lifecycle,rollback_multi_root_merge + FeedbackCenter semantic action,ArborApp.swift: PersistedMultiRootMergeRollbackTarget + ArborVCSActionRequest; WorkspaceOperations.swift: rollback action/request/notification,verified-partial,"Partial Merge now persists expected-HEAD guarded targets, branch context, pending-merge state, and root-scoped semantic Rollback Successful Roots action; rollback retries only remaining roots after partial failure and replaces stale native/history actions on Keep Partial or completion",cross-root atomic rollback remains intentionally unavailable; full IntelliJ VcsNotifier permission/banner lifecycle and UI automation remain partial,ArborTests/CompareSelectionTests.swift::testMultiRootMergeRollbackActionRoundTripsAndSurvivesReload + xcodebuild test + script/build_and_run.sh --verify,Current verification override for IntelliJ GitMergeOperation rollback proposal and result lifecycle
Arbor.Current.Merge.AllRefsValidation.2026-08-21,current verification override,merge,Merge rejects already-merged local and remote-tracking refs,branch_list_merged_all,RebasedDialogs.swift: RebasedMergeDialog + WorkspaceOperations.swift: runMerge and presentMultiRootMergeDialog,verified-partial,"Reference GitMergeDialog uses git branch --all --no-merged; Arbor now blocks merged local/current/remote-tracking refs while keeping revision input available",failed merged-ref load stays fail-open and the runner rechecks the current HEAD before executing,arbor-engine/tests/staging.rs::branch_list_merged_all_includes_remote_tracking_refs + ArborTests/CompareSelectionTests.swift::testMergeDialogRejectsAlreadyMergedLocalBranchesButAllowsRevisions,Current verification override for IntelliJ all-refs Merge validation
Arbor.Current.BranchDelete.2026-08-21,current verification override,branch,delete tracked remote branch after local deletion,delete_remote_branch,BranchDeleteRecoveryView and RebasedMultiRootBranchDeleteRecoveryView,verified-partial,sole live tracker with existing unprotected remote exposes root-scoped action and preserves local restore context,other tracking branch missing tracking ref protected remote or per-root remote failure keeps recovery safe,ArborTests/CompareSelectionTests.swift::testTrackedRemoteDeletionRequiresTheSoleLiveTrackerAndAnUnprotectedRemote,Reference GitDeleteBranchOperation action semantics implemented; native notification lifecycle and UI automation remain partial
Arbor.Current.BranchDelete.RestoreAction.2026-08-21,current verification override,branch,restore deleted local branch after notification or Operation Log reload,branch_create + branch_set_upstream,WorkspaceOperations.swift: branchDeleteRestoreAction + restoreDeletedBranchesFromSemanticTargets; ArborApp.swift: PersistedBranchDeleteRecoveryTarget + ArborVCSActionRequest,verified-partial,"Deletion success and partial results expose a stable root-qualified Restore action; exact deleted tip/upstream survives FeedbackCenter reload, restore reopens each Git root, and retry retains only failed roots",complete VcsNotifier lifecycle and UI automation remain partial,ArborTests/CompareSelectionTests.swift::testBranchDeleteRestoreActionRoundTripsAndSurvivesReload + focused xcodebuild test + script/build_and_run.sh --verify,Current verification override for IntelliJ GitDeleteBranchOperation BRANCH_DELETED
Arbor.Current.BranchDelete.ViewCommitsAction.2026-08-21,current verification override,branch,view unmerged commits after local branch deletion,BranchDeletePreview snapshot + BranchDeleteRecoveryView,WorkspaceOperations.swift: branchDeleteViewCommitsAction + viewDeletedBranchCommitsFromSemanticTargets; ArborApp.swift: PersistedBranchDeleteCommit + PersistedBranchDeleteRecoveryTarget + ArborVCSActionRequest,verified-partial,"Force-deletion results expose View Commits only when unmerged commits exist; base branches and exact commit snapshot survive FeedbackCenter reload and reconstruct the single-root or multi-root recovery view with Restore",complete VcsNotifier lifecycle and UI automation remain partial,ArborTests/CompareSelectionTests.swift::testBranchDeleteViewCommitsActionRoundTripsAndSurvivesReload + focused xcodebuild test + script/build_and_run.sh --verify,Current verification override for IntelliJ GitDeleteBranchOperation getViewCommits
Arbor.Current.MultiRootMerge.Validation.2026-08-21,current verification override,merge,multi-root Merge per-root already-merged validation,branch_list_merged per root,RebasedMultiRootMergeDialog + MultiRootMergePresentationModifier,verified-partial,每个 Git root 独立读取 merged branches；已合并 root 禁用并从默认全选移除；未知读取错误保持可操作并由 multi-root runner 安全 no-op；关闭或重开会丢弃旧异步结果,跨 root unified notification/action history 与 UI automation 仍缺,ArborTests/CompareSelectionTests.swift::testMultiRootMergeChecksMergedBranchesPerRepository,Current verification override for IntelliJ per-root multi-root Merge validation
Arbor.Current.MultiRootMerge.DeleteOnMergeAction.2026-08-21,current verification override,merge,multi-root Merge Delete-on-Merge follow-up action,delete_multi_root_merge_branch + FeedbackCenter semantic action,ArborApp.swift: ArborVCSActionRequest; WorkspaceOperations.swift: merge delete action/request/notification,verified-partial,"PROPOSE now exposes one root-qualified semantic Delete branch action for all merged roots; stable notification ID and Operation Log/native notification restore the action after relaunch; click reuses one multi-root confirmation and existing per-root delete/recovery results",cross-root atomic rollback and full IntelliJ VcsNotifier permission/banner lifecycle remain partial,ArborTests/CompareSelectionTests.swift::testMultiRootMergeDeleteActionRoundTripsAndSurvivesReload + xcodebuild test + script/build_and_run.sh --verify,Current verification override for IntelliJ GitMergeOperation DELETE_BRANCH_ON_MERGE action
Arbor.Current.MultiRootMerge.SmartRetryResults.2026-08-21,current verification override,merge,multi-root Merge Smart retry result aggregation,run_multi_root_merge_with_policy,WorkspaceOperations.swift: mergeMultiRootMergeResults + runMultiRootMergeOperation,verified-partial,"Smart Merge 只重试 local-changes-overwrite 的 root；首轮其它 root 的 initial/final HEAD、conflict 和 rollback metadata 按原始 root 顺序保留，重试 root 只替换自身",跨 root atomic rollback、完整 rollback/action history 与 native notification/UI automation 仍缺,ArborTests/CompareSelectionTests.swift::testMultiRootMergeSmartRetryKeepsNonBlockedResultsAndRollbackMetadata + xcodebuild test + script/build_and_run.sh --verify,Current verification override for IntelliJ GitMergeOperation smart retry scope
Arbor.Current.MultiRootChangesBrowser.2026-08-21,current verification override,changes,project-level multi-root Changes Browser,status() per discovered root + diff_file(path),RebasedDialogs.swift: MultiRootPanel View Changes + RebasedWorkspaceViews.swift: MultiRootChangesBrowser,verified-partial,"Git Roots opens a root-grouped Changes Browser with macOS multi-selection; every row identity includes rootPath and every detail diff uses that root's Repository, so identical relative paths remain isolated; Stage Selected/Unstage Selected batch selected paths by owning root, continue independent paths after a failure, and persist only failed root-qualified paths for retry; Commit Selected Files opens a file-level commit flow and commits only selected staged blobs through a temporary index, preserving unselected staged/worktree content; refresh generation guards prevent stale root snapshots from replacing newer state","Atomic transactions and the complete IntelliJ Changes Browser action/update lifecycle remain partial",ArborTests/CompareSelectionTests.swift::testMultiRootChangeSelectionSeparatesSamePathAcrossRoots + testMultiRootChangesBatchRetryPreservesRootQualifiedPaths + arbor-engine/tests/staging.rs::selected_commit_preserves_unselected_index_and_partial_worktree_changes + arbor-engine/tests/multi_root.rs::multi_root_selected_commit_is_root_qualified_and_preserves_unselected_staged_files + xcodebuild test + script/build_and_run.sh --verify,Current verification override for the multi-root aggregate Changes gap
Arbor.Current.MultiRootCommitWorkflow.2026-08-22,current verification override,push_fetch,project-level multi-root Commit workflow,run_multi_root_commit_with_options + run_multi_root_commit_selected_paths_with_options,RebasedDialogs.swift: MultiRootCommitDialogView + WorkspaceOperations.swift: commitMultiRootSelectedRoots + commitMultiRootSelectedChanges + multiRootCommitRetryFeedbackAction,verified-partial,"Commit All opens explicit root selection and commit-message UI; only selected roots with staged non-conflicted changes are committed in nested-root dependency order; Changes Browser selected-file Commit additionally groups root-qualified files and commits only selected staged blobs while preserving all unselected index/worktree content; empty messages and unknown roots are rejected; each selected root runs built-in identity/conflict checks and configured before-commit commands, and supports identity overrides, sign-off, co-authors, amend, template/recent messages, and skip-hooks; failed roots publish a Codable Retry Failed Commits action carrying the full commit context and selected file scope; Commit and Push only auto-opens Push after an all-successful commit phase","Custom check failure still offers Commit Anyway; cross-root atomic transaction, complete non-modal notification history grouping, and UI automation remain partial",arbor-engine/tests/multi_root.rs::multi_root_commit_commits_only_selected_roots_and_rejects_empty_message + multi_root_selected_commit_is_root_qualified_and_preserves_unselected_staged_files + multi_root_commit_options_run_checks_identity_and_amend + ArborTests/CompareSelectionTests.swift::testMultiRootCommitRetryRequestRoundTripsFullCommitContext + testMultiRootCommitAndPushOnlyStartsPushAfterAnAllSuccessfulCommitPhase + xcodebuild test + script/build_and_run.sh --verify,Current verification override for the historical multi-root Commit gap
Arbor.Current.UpdateProjectRollback.2026-08-20,current verification override,push_fetch,Update Project partial rollback with nested gitlink roots,"restore_head_if_expected_with_ignored_paths_and_branch + materialize_tree_ignoring_paths","WorkspaceOperations.swift: updateSessionRollbackTargets + rollbackMultiRootUpdate; FeedbackCenter.swift: expired semantic action cleanup; arbor-engine/src/repo.rs + merge.rs",verified-partial,"Only successful roots that actually advanced are persisted; targets are ordered deepest-first, guarded by expected commit and symbolic HEAD identity, and parent materialization ignores independently handled nested gitlink worktrees; the Codable semantic action survives FeedbackCenter reload; rollback takes over a stable notification and resolved update notifications no longer retain stale actions","This is an Arbor recovery enhancement, not IntelliJ cross-root atomic rollback; full joint diff, complete post-update action history, and native notification/UI automation remain partial","arbor-engine/tests/multi_root.rs::restore_head_if_expected_rolls_back_branch_and_detached_head + multi_root_update_rollback_restores_advanced_gitlinks_after_nested_failure + ArborTests/CompareSelectionTests.swift::testMultiRootUpdateRollbackTargetsIncludeOnlyAdvancedSuccessfulRoots + testMultiRootUpdateRollbackActionRoundTripsAndSurvivesReload + testFeedbackExpirationRemovesDisplayIndexButKeepsHistory","Current verification override for the historical Update Project/submodule rollback gap"
Arbor.Current.SmartCheckoutStashIdentity.2026-08-20,current verification override,branch,Smart Checkout preserving stash identity,smart_switch_branch_with_policy + smart_checkout_detached_with_policy + smart_checkout_remote_branch_with_policy + run_multi_root_checkout_with_policy,arbor-engine/src/repo.rs + roots.rs,verified-partial,"Stash preserving retains the exact stash object ID and restores with --index for single-root and shared multi-root Smart Checkout paths; staged and unstaged boundaries remain intact",Shelf and broader checkout rollback/provider action surface remain partial,arbor-engine/tests/branch_workspace.rs::smart_checkout_stash_policy_restores_staged_and_unstaged_boundaries + arbor-engine/tests/multi_root.rs::multi_root_smart_checkout_stash_policy_preserves_staged_and_unstaged_changes,Current verification override for the historical GitCheckoutAction row
Arbor.Current.SmartCheckoutSavedChangesAction.2026-08-20,current verification override,branch,Smart Checkout saved-scene recovery action,EngineError::StashApplyConflict(stash_id) + run_multi_root_checkout_with_policy,WorkspaceOperations.swift: savedChangesFeedbackAction + showSavedChanges + multi-root checkout recovery,verified-partial,"Restore conflicts expose View saved changes… with the exact stash object ID or Shelf name plus project/root scope; root-scoped preview reopens the correct repository and survives FeedbackCenter history reload","Broader IntelliJ checkout provider/action grouping and UI automation remain partial",arbor-engine/tests/branch_workspace.rs::smart_checkout_leaves_stash_and_conflict_state_when_restore_conflicts + ArborTests/CompareSelectionTests.swift::testFeedbackHistoryRestoresSavedChangesPreviewActionAcrossReload,Current verification override for Smart Checkout and Checkout and Update restore-conflict actions
Arbor.Current.UpdateProjectNotificationParity.2026-08-20,current verification override,push_fetch,Update Project notification and View Commits,run_multi_root_update_with_policy + run_multi_root_update_selected_with_policy,WorkspaceOperations.swift: executeMultiRootUpdate + retryMultiRootUpdateFailedRoots + performMultiRootCheckoutAndUpdate,verified-partial,"success and partial results use project-scoped stable IDs and the standard VcsNotifier group; before/after HEAD snapshots generate root-qualified ranges only for roots that actually advanced successfully; View Commits is a Codable semantic action and opens single-root or aggregate Log; Update failed-root retry uses the completion-state project ID and Checkout and Update retry reuses its operation ID so retry sessions do not leave Working history rows",post-update action groups remain narrower than IntelliJ and native notification/UI automation is not complete,"xcodebuild test -only-testing:ArborTests/GitUpdateNotificationSummaryTests; ArborTests/CompareSelectionTests.swift::testUpdateSessionLogRangeActionRoundTripsRootQualifiedRanges + testCompoundRetryNotificationIDsAvoidWorkingHistoryRows + ArborTests/HostingProviderTests.swift::testUpdateSessionRevisionRangesOnlyIncludeChangedSuccessfulRoots",This row supersedes the historical Vcs.UpdateProject wording for the notification tail
Arbor.Current.MultiRootRebaseStageAndRetry.2026-08-20,current verification override,rebase,multi-root Rebase Continue Stage-and-Retry recovery action,run_multi_root_rebase + rebase_continue + stage_tracked,WorkspaceOperations.swift: runMultiRootResolverRecovery + multiRootRebaseRecoveryFeedbackAction + handleVCSActionRequest,verified-partial,"Tracked-only Continue failures expose a root/session-scoped Codable Stage-and-Retry action; the action uses the stable multi-root rebase notification ID, survives FeedbackCenter history reload, stages only tracked changes, and retries Continue after validating the persisted session","Full VcsNotifier grouping, native banner lifecycle, and UI automation remain partial","ArborTests/CompareSelectionTests.swift::testMultiRootRebaseRecoveryActionRequestsRoundTripAllRecoveryModes + testFeedbackHistoryRestoresMultiRootRebaseStageAndRetryActionAcrossReload",Current verification override for the historical multi-root Rebase recovery row
Arbor.Current.MultiRootRebaseUndoProtectedBoundary.2026-08-23,current verification override,rebase,multi-root Rebase Undo protected-history and stable rollback lifecycle,merge_base_revision_id + logWithCommand(--reverse) + remoteBranchList + isCommitReachableFrom + restoreBranchIfExpected,WorkspaceOperations.swift: runPendingMultiRootRebase + multiRootRebaseRollbackTargets + rollbackMultiRootRebase,verified-partial,"Each root records the oldest changed commit before the batch rewrite when onto/upstream resolves, persists it in the root session and rollback target, and checks active Git operation state, expected branch/HEAD and protected remotes before restoring its branch; rollback start, success and partial failure reuse the stable multi-root notification and partial failure retains only remaining root Undo targets","Legacy sessions or unavailable/non-standard ranges use the conservative old/new HEAD fallback; rollback remains per-root rather than an atomic cross-root transaction; native VcsNotifier/DataContext and UI automation remain partial","ArborTests/CompareSelectionTests.swift::testMultiRootRebaseRecoveryActionRequestsRoundTripAllRecoveryModes + testFeedbackHistoryRestoresMultiRootRebaseRecoveryActionAcrossReload + testRebaseUndoTargetAfterContinueKeepsExpectedHeadSafetyBoundary + arbor-engine/tests/log_filter.rs::command_log_filter_supports_oldest_commit_in_a_rewrite_range + xcodebuild test + cargo test --all-targets + script/build_and_run.sh --verify",Reference GitCommitEditingOperationResult and multi-root update/rollback semantics; Arbor now persists the equivalent per-root pre-rewrite anchor when it can resolve the configured onto/upstream
Arbor.Current.MultiRootRebaseMergeTodo.2026-08-22,current verification override,rebase,multi-root preserve-merges branch-scoped todo and merge-row actions,rebase_todo_for_branch_with_options + run_multi_root_rebase,arbor-engine/src/repo.rs: branch-scoped todo generation and native action translation; WorkspaceOperations.swift: prepareMultiRootRebaseEditor,verified-partial,"multi-root preserve-merges now loads the full native commit-row model including merge rows, preserves merge topology, rewords merge messages, and maps non-merge actions without an action-count/order mismatch; nested roots retain their independent todo and save policy","Native label/reset/merge control-row editing, complete VcsNotifier grouping, and UI automation remain partial","arbor-engine/tests/rebase_options.rs::multi_root_rebase_preserves_merge_rows_and_rewords_the_merge + tests/rebase_merges.rs + cargo test --test rebase_options + cargo test --test rebase_merges + xcodebuild test + script/build_and_run.sh --verify",Current verification override for the multi-root preserve-merges todo gap
Arbor.Current.MultiRootRebaseOrderedTodo.2026-08-25,current verification override,rebase,multi-root preserve-merges structured todo identity and segment-safe reorder,MultiRootRebaseSpec.ordered_commit_ids + rebase_branch_with_ordered_merge_todo_and_policy,Arbor/RebasedDialogs.swift + Arbor/WorkspaceOperations.swift + arbor-engine/src/roots.rs + arbor-engine/src/repo.rs,verified-partial,"Each root persists visible commit IDs with actions; same native branch-segment non-merge rows may reorder, merge anchors remain fixed, and cross-segment reorder fails closed before rewriting refs; post-reorder squash/fixup is narrowed in the SwiftUI editor","Native control-row/editor lifecycle, complete VcsNotifier/DataContext grouping, and UI automation remain partial","arbor-engine/tests/rebase_options.rs::multi_root_preserve_merges_reorders_commits_inside_one_branch_segment + multi_root_preserve_merges_rejects_cross_segment_reorder_before_rewriting + ArborTests/CompareSelectionTests.swift::testMultiRootPreserveMergeOrderChangeIsScopedPerRepository + cargo test --test rebase_options + xcodebuild focused/full test + script/build_and_run.sh --verify",Current verification override for the multi-root preserve-merges structured todo identity gap
Arbor.Current.ExternalVCSParity.2026-08-20,current verification override,index,Current external VCS dirty and notification parity,RepositoryDirtyFileManager + RepositoryExternalVCSActionPaths + FeedbackCenter,RepositoryIndexRevisionMonitor.swift + WorkspaceOperations.swift + FeedbackCenter.swift,verified-partial,"逐文件 dirty ledger 已覆盖 pending/in-progress/processed；非递归 rename parent、watcher oldPath 合并、嵌套 root 传播和 non-primary async completion 已有回归/构建验证；VcsNotifier 四组、stable display ID replacement/expire、operation recovery important group 与 group 持久化已接入；未配对 rename 通过全量 status reconciliation，Git 提供唯一 oldPath 时 Add+Remove，大小写变更继续使用独立 git mv -f，否则仅保守 Add 新端点",缺少权威旧路径时不猜测旧端点 Remove；业务通知尚未全部迁移到精确 IntelliJ display-id 常量；原生 permission/banner/UI automation 仍是长尾,"xcodebuild full test + cargo test --all-targets + script/build_and_run.sh --verify; ArborTests/RepositoryFileChangeMonitorTests; ArborTests/OperationRecoveryTests",This row supersedes historical rows that still describe the pre-2026-08-20 implementation state
Arbor.Current.UpdateRecoveryActions.2026-08-20,current verification override,push_fetch,Update Project/Pull upstream recovery actions,N/A,WorkspaceOperations.swift: updateRootRecoveryTargets + updateRootRecoveryActions + presentUpstreamDialogInRoot + chooseUpstreamFeedbackAction,verified-partial,"Multi-root skipped detached/no-upstream roots expose root-qualified Choose Upstream or Open Branches actions; submodule skips are excluded because IntelliJ handles detached submodules through the parent updater; single-root Pull exposes Choose Upstream Branch for NoUpstream and TrackingMissing errors; multi-root upstream recovery loads remote-tracking branches from the target root and reuses the picker with the root name visible","The picker is still Arbor's SwiftUI SetUpstreamDialogView rather than IntelliJ's FixTrackedBranchDialog; detached-root checkout remains a separate action surface","ArborTests/CompareSelectionTests.swift::testUpdateRootRecoveryTargetsStayRootQualifiedAndSkipSubmodules; xcodebuild focused CompareSelectionTests; script/build_and_run.sh --verify","Current verification override for the Update/Pull notification recovery tail"
Arbor.Current.StagingCompareActions.2026-08-20,current verification override,index,Changes Browser staging comparison actions,"staging_model(path presence) + staging_diff(path) + staging_file_versions(path) + stage(path) + unstage(path) + restore_unstaged_path(path) + restore_unstaged_lines(path,selections) + stage_lines(path,selections) + unstage_lines(path,selections)","RebasedWorkspaceViews.swift: stagingComparisonActions + stagingVersionPresence + stagingHunkActions + RebasedChangeGroup + StagingDiffPreviewView + refreshToken + generation guard; DiffDetailView.swift: old/new line selection + refreshToken + generation guard; ContentView.swift: DiffHunkAction + hunk header actions + visible refresh token; WorkspaceOperations.swift: stagePath + unstagePath + revertUnstagedPath + incremental status token; ContentView.swift: staging preview routing",verified-partial,"Changes file context menus expose Local with Staged, Staged with Local, Staged with HEAD, and Three Versions using exact HEAD/index/worktree presence facts; the ordinary Commit/Stash preview exposes file-level Stage, Unstage, and Revert plus hunk-level Stage Hunk, Unstage Hunk, and Rollback Hunk; line selection preserves the active Unstaged/Staged dimension, supports deletion and pure insertion lines, and returns to the ordinary preview; hunk rollback restores only worktree relative to index and preserves partially staged content, deleting selected untracked additions when appropriate; an external visible status/index refresh and incremental staging operation reload the preview even when path/status kind are unchanged, and path+generation guards reject stale reads across ordinary, line, and three-version viewers","The native IntelliJ DiffManager action/update lifecycle, exact editor/VFS lifecycle and UI automation remain partial","ArborTests/CompareSelectionTests.swift::testStagingComparisonActionsRequireTheExpectedStatusDimensions + testStagingActionsUseExactVersionPresenceWhenAvailable + testStagingPreviewFileActionsRespectIndexAndWorktreeBoundaries + testStagingPreviewLineModeUsesTheActiveDiffDimension + testStagingHunkActionsExposeStageUnstageAndRollbackPerDimension + testLineSelectionMapsDeletionAndPureInsertionToTheirOwnSides + testDiffReadRejectsOlderPathGeneration; arbor-engine/tests/staging.rs::restore_unstaged_path_keeps_staged_content + restore_unstaged_lines_keeps_other_hunk_and_index + restore_unstaged_lines_removes_selected_untracked_addition + stage_lines_hunk_level + stage_lines_pure_insertion_selected_by_new_line + unstage_lines_partial_reverse; arbor-engine/tests/staging_model.rs::staging_model_reports_head_index_and_worktree_presence; xcodebuild test + script/build_and_run.sh --verify","Current verification override for the four historical Git.Stage.Compare rows plus file-level, hunk-level and line-level preview actions"
Arbor.Current.StagingVersionActions.2026-08-20,current verification override,index,Local/Staged version viewers,read_worktree_file(path) + read_index_file(path) + diff_file(path),"FileContentView.swift: FileContentVersion + fileContentVersions + resolvedFileContentVersion + refreshToken + generation guard; RebasedWorkspaceViews.swift: stagingVersionActions + context menu; ContentView.swift: explicit version routing + version switcher + visible refresh token",verified-partial,"Changes entries now expose Show Local Version and Show Staged Version only when the corresponding worktree/index content exists; the viewer reads the actual selected version, computes its line changes against HEAD, keeps binary/truncated handling, allows direct Local/Staged switching when both sides exist, drops unavailable sides after status refresh and resolves the selection to a remaining side, reloads after visible status/index refresh, and rejects stale asynchronous reads/blame results","IntelliJ's GitIndexVirtualFile, caret position transfer between Local and Staged, native editor navigation and UI automation are not yet equivalent","tests/read_file.rs::read_index_file_returns_the_staged_version; ArborTests/CompareSelectionTests.swift::testStagingVersionActionsOnlyExposePresentVersions; ArborTests/FileContentViewTests.swift::testOlderFileContentReadCannotReplaceNewerRefreshGeneration + testFileContentVersionOptionsFollowPresence + testFileContentVersionResolvesToTheFirstAvailableVersion; script/build_and_run.sh --verify",Current verification override for Git.Stage.Show.Local and the staging action tail
Arbor.Current.UnstashAsValidation.2026-08-20,current verification override,stash,Unstash to new branch input parity,"validate_branch_name(path) + stash_branch(index, branch)","RebasedDialogs.swift: RebasedUnstashDialog branch validation and action state; ContentView.swift: root-scoped validator",verified-partial,"Create Branch from Stash now validates the selected root's Git branch name while typing, disables submission for invalid or existing names, and resets Pop/Restore staged state when the branch field is cleared","IntelliJ's native DialogWrapper focus/help/notification lifecycle and UI automation remain different","arbor-engine/tests/branch_ops.rs::branch_create_rejects_invalid_and_existing_names_before_mutation; arbor-engine/tests/stash_workspace.rs::unstash_as_branch_creates_branch_and_pops; script/build_and_run.sh --verify",Current verification override for Git.Stash.UnstashAs
Vcs.Apply.Patch.BaseInference,platform.vcs-impl.MatchPatchPaths.workWithNotExisting,stash,新增文件缺失末端目录时的 base 与 path-strip 推导,patch_index_paths,RebasedDialogs.swift: RebasedUnshelveDialog.discoverBaseMappings,verified-partial,当补丁目标文件尚不存在且末端父目录也不存在时，从已存在的中间目录/文件按 IntelliJ 路径反向匹配推导 repository base 与 -pN；与多文件候选交集和同分 project-root fallback 共用候选模型,候选目录被删除或路径无法安全归一化时保留手动 base/strip 选择,ArborTests/CompareSelectionTests.swift::testImportedNewPatchInfersBaseWhenTrailingDirectoriesDoNotExist,Aligned with MatchPatchPaths.workWithNotExisting
Vcs.Internal.LinkedWorktreeMetadataRoots,git4idea.repo.GitRepositoryUpdater,index,linked worktree common/worktree Git metadata monitoring,N/A,RepositoryIndexRevisionMonitor.swift: RepositoryFileChangeWatcher + repositoryCommonGitDirectory + repositoryMetadataRootPaths,verified-partial,linked worktree 同时监听 worktree-specific Git directory 与 commondir 指向的现存 common Git directory；refs/tags/branches 和 HEAD/index/operation markers 的外部变化都会进入 root-qualified metadata refresh,完整 VcsDirtyScope 生命周期和 operation-state 细分仍缺,ArborTests/RepositoryFileChangeMonitorTests.swift::testLinkedWorktreeMetadataRootsIncludeTheCommonGitDirectory + testInvalidLinkedWorktreeCommonDirectoryFallsBackToWorktreeGitDirectory + testLinkedWorktreeCommonMetadataChangesAreDelivered,Aligned with GitRepositoryUpdater.rootDirs
Vcs.Internal.GitVFSListenerActions,git4idea.vfs.GitVFSListener,index,external VFS create/delete/move Git actions,N/A,RepositoryIndexRevisionMonitor.swift + WorkspaceOperations.swift,verified-partial,IntelliJ 按 VcsVFSListener 设置对新增/删除/移动执行 Add to Git、Remove from Git 或 case-only move；新增文件先过滤 ignored；staging area 下通过空 blob index 保留新文件的 AM 双侧语义；旧/新端点都会标记 dirty,Arbor 已实现新增/删除的 Ask、Perform silently、Do nothing 策略，Ask 模式可在可滚动列表中逐文件选择；只对真实 untracked/deleted 状态执行 staging-area empty-blob add 与 git rm --ignore-unmatch --cached -r；唯一设备号+inode 可证明的文件、目录及目录子项 rename 会同时路由旧/新端点；Git status 唯一 oldPath 的 case-only move 执行 `git mv -f -- old new`；目录事件会优先使用唯一身份映射，身份缺失或冲突时仅对 basename 候选提供显式 one-to-one review，无法证明时只保守处理新端点，不自动 Remove 旧端点；FSEvents 缺少 old endpoint 的文件 rename 会计算 Git clean-filtered blob ID，仅在新旧候选对各自唯一时自动执行 Add+Remove；重复 blob、内容已修改、查询失败或无法唯一配对时回到 review/保守路径；root-scoped external-action ledger 按 IntelliJ StateProcessor 语义合并 pending create/delete/rename，等待可见 refresh 完成后逐 root 串行读取 status、确认并执行 Git action，后续事件不会并发写入,ArborTests/RepositoryFileChangeMonitorTests.swift::testExternalVCSActionPathsOnlySelectUntrackedCreatesAndDeletedTrackedFiles + testExternalVCSActionPathsExpandDirectoryEventsAndIgnoreRenames + testExternalVCSActionPathsRoutePairedRenamesAndCaseOnlyMoves + testExternalVCSActionPathsReconcileUnpairedRenamesWithoutGuessing + testUnpairedRenameUsesUniqueGitBlobIdentityForArbitraryBasenames + testUnpairedRenameDoesNotAutoPairDuplicateGitBlobIdentity + testRenamePairingUsesFilesystemIdentityAndRejectsAmbiguousIdentity + testGitVFSListenerSettingsDefaultToAskAndPersistIndependently + testExternalVCSActionSelectionPreservesOrderAndDeduplicates + testExternalVCSActionManagerCoalescesPendingEventsAndSerializesRoots；arbor-engine/tests/staging_model.rs::repository_can_stage_vfs_created_files_with_empty_index_blobs + arbor-engine/tests/console.rs::raw_git_commands_cover_external_vfs_add_and_remove_semantics + raw_git_commands_cover_external_case_rename_semantics + arbor-engine/tests/shelve.rs::blob_identity_matches_a_clean_filtered_worktree_rename_without_mutation,仍缺原生 VFS permission/banner/UI automation、完整 action history，以及相同内容但来源无关时更强的 VFS provenance、modified-rename similarity 语义；Gap confirmed against GitVFSListener.java
Vcs.Apply.Patch.FilenameIndexScope,platform.vcs-impl.PsiPatchBaseDirectoryDetector + MatchPatchPaths,stash,project-scoped patch candidate filtering,patch_index_paths,RebasedDialogs.swift: RebasedPatchFilenameIndex + RebasedUnshelveDialog.discoverBaseMappings,verified-partial,IntelliJ 通过 project-scoped FilenameIndex 查找候选并排除 Shelf resources；Arbor 的 RebasedPatchFilenameIndex 合并物理项目文件、Git index-backed 路径和注入的 virtual/index 路径，并在候选生成前应用 RebasedPatchCandidateScope 的 content/excluded scope；默认排除 .git/Shelf resources,仍缺持久化 VFS/PSI FilenameIndex、多 content-root 项目模型、dirty-scope 生命周期与完整索引更新通知；不能用猜测性的 .idea/build 黑名单替代 scope 模型,ArborTests/CompareSelectionTests.swift::testImportedPatchBaseSearchIncludesUntrackedPackageDescendants + testImportedPatchBaseSearchHonorsExplicitExcludedScope + testImportedPatchUsesProjectFilenameIndexForVirtualPathsAndExcludesResources,Provider boundary implemented; IDE VFS index lifecycle remains partial
Git.Pull.Recovery,platform reference,push_fetch,"Pull --rebase pause and local-scene recovery","pull(rebase=true) + operation_state + rebaseContinue + stash/shelve restore","WorkspaceOperations.swift: runPull + doOperationContinue + persisted recovery","completed","Root-scoped rebase seed and exact Shelf/Stash identity survive restart; Continue restores the saved local scene and successful completion may expose expected-HEAD Undo","Abort, restore conflict, missing saved object, or non-rebase failure retain or clear the marker according to the observed root state","ArborTests/CompareSelectionTests.swift::testPullLocalChangesPreservationCodableKeepsExactShelfOrStashIdentity","Uses exact Shelf name or stash message, never a drifting stash index; remote-development Shelf executor remains out of scope"
Vcs.Show.Shelf.AutoChangelist,platform reference,stash,Unshelve 自动 Changelist 归属,changelist_ensure + shelve_unshelve_with_options + shelve_unshelve_paths_with_options + shelve_pop,BeforeCommitSettingsView.swift: GitChangelistSettingsSection + WorkspaceOperations.swift: automaticUnshelveTarget,completed,按 IntelliJ CREATE_CHANGELISTS_AUTOMATICALLY 设置控制；无显式目标时按 Shelf description 找到或创建 Changelist；整组/成员级 Unshelve 与 Pop 均在成功应用后归属目标；冲突现场持久化目标并在完成后继续归属,无效 description 或 changelist metadata 返回结构化 EngineError；已存在列表不重复创建,tests/changelist.rs::changelist_ensure_is_idempotent_and_preserves_active_list + ArborTests/CompareSelectionTests.swift::testAutomaticChangelistSettingDefaultsOffAndPersists,IntelliJ 默认关闭；显式拖入目标 Changelist 仍优先于自动策略
Vcs.Show.Shelf.RecoveryState,platform reference,stash,Shelf recycled/deferred-delete lifecycle,shelve_list + shelve_unshelve_with_options + shelve_unshelve_paths_with_options + shelve_restore_deleted,RebasedWorkspaceViews.swift: Unshelve policy dialog + Shelves filter toggle + Recently Deleted actions,verified-partial,默认 Unshelve 应用后保留并标记 recycled；Remove Applied Files from Shelf 开启时整组应用成员进入 Recently Deleted、部分应用成员拆成独立 deleted changelist，冲突完成沿用策略；Pop 与 Unshelve 分开且 Pop 成功后消费 shelf；Drop/Restore 保留 description 与 recycled 状态；读取时收敛 toDelete,持久化 metadata 损坏或状态迁移失败 -> 保留原 patch 并返回错误,tests/shelve.rs::shelve_unshelve_remove_applied_moves_whole_shelf_to_recently_deleted + shelve_partial_unshelve_remove_applied_creates_deleted_copy + shelve_partial_unshelve_remove_strategy_survives_conflict_completion + shelve_recycled_state_survives_reopen_and_keeps_description + shelve_pending_delete_converges_after_reopen + ArborTests/CompareSelectionTests.swift::testShelfLifecycleRunsImmediatelyThenDaily,剩余差距是完整 action model 与通知语义
Git.Init,git4idea.actions.GitInit,other,Create (init) Git repository,initialize_repository,ArborApp.swift: ProjectCommands (File > Initialize Git Repository…) + ContentView.swift: ProjectEmptyStateView,completed,init 成功返回仓库路径并直接打开,目录不可写/已是仓库 -> EngineError 反馈,tests/project_lifecycle.rs,补充说明: 空状态页 Init 入口同源
Git.Clone,git4idea.actions.GitCloneAction,other,Clone repository into new folder,clone_repository,ArborApp.swift: VCS > Git + File 菜单 + RebasedDialogs.swift: RebasedCloneDialog,completed,clone 后自动打开新目录；递归 submodule 默认开启并可持久化调整,URL 无效/目标已存在 -> 前置校验+EngineError,tests/project_lifecycle.rs::clone_local_repository + clone_local_repository_with_recursive_submodule,Git 主菜单、File 菜单和空状态页均可达同一 clone dialog；递归 submodule 已覆盖真实 clone 路径
Vcs.ToolbarWidget.CreateRepository,platform group reference,other,Create repository from welcome screen,initialize_repository,ContentView.swift: ProjectEmptyStateView (Open/Init/Clone/最近),completed,同 Git.Init,-,tests/project_lifecycle.rs,组行
CopyPathFromRepositoryRootProvider,git4idea.actions.CopyPathFromRepositoryRootProvider,other,Copy path relative to repository root,none,ProjectFileTreeView.swift: file/folder context menu Copy Relative Path,verified-partial,相对仓库根路径写入剪贴板；文件树按 canonical worktree identity 刷新，两个同名 Git root 不会复用旧目录；clipboard boundary 拒绝绝对路径和 parent traversal,原生 FileSystemTree/CopyProvider/DataContext 生命周期与 UI automation 仍缺,ArborTests/CompareSelectionTests.swift::testProjectFileTreeRepositoryIdentityUsesCanonicalWorktreePath + testRepositoryRelativeClipboardPathRejectsUnsafeEndpoints,对照 CopyPathFromRepositoryRootProvider；当前验证关闭了 root identity 与 clipboard boundary 的具体行为差异
Show.Current.Revision,com.intellij.openapi.vcs.actions.ShowBaseRevisionAction,history,显示文件当前提交版本元数据,log_with_command(--all;--follow;-n1;--;path),ProjectFileTreeView.swift + WorkspaceOperations.swift + CurrentRevisionView,verified-partial,项目文件树文件右键显示最近提交的 revision、author、date 和完整 message；按最深 owning Git root 查询 --all 路径历史并保留 follow-renames；无历史、untracked、ignored、conflicted 文件 fail-closed；SwiftUI sheet 替代原生 notification popup,原生 DataContext/ProgressManager/VcsNotifier lifecycle 与 UI automation 仍缺,ArborTests/CompareSelectionTests.swift::testProjectFileTreeShowCurrentRevisionFollowsGitFileStatus + arbor-engine/tests/log_filter.rs::command_log_filter_can_find_file_revision_on_another_ref_with_follow,对照 ShowBaseRevisionAction；不宣称完整 native notification/action lifecycle
git4idea.commands.TestGitHttpLoginDialogAction,git4idea.commands.TestGitHttpLoginDialogAction,commands,HTTP login dialog (internal test action),none,none,out-of-scope,-,-,none,internal=true 调试动作
src git4idea/commands (GitHttpAuthService/GitAskPass),git4idea.commands.GitHttpAuthService,commands,HTTPS credential + askpass auth flow,CredentialBroker + clone_repository_with_auth + fetch/pull_with_auth + push_with_auth + run_git_with_askpass,CredentialAuth.swift: CredentialDialogView + CredentialRequestHandlerImpl + KeychainStore.gitCredential,verified-partial,首次提示弹登录框;首次请求 Keychain 静默命中;401/403 认证失败最多重建一次 askpass 会话;重试 request 携带脱敏 previous_error 且跳过旧 Keychain 值;取消 -> EngineError.Cancelled,真实 sshd/Keychain UI 自动化仍缺;agent/helper 来源级成功观测仍缺;SSH passphrase 不写入 Git remote credential Keychain,tests/auth.rs + tests/remote_config.rs + auth.rs::retry_prompt_carries_redacted_previous_error + gitprocess.rs::classifies_auth_failures (mock HTTP/askpass/helper 全流程),AUTH-001 已完成 clone/fetch/pull/push 的 askpass 引擎+UI 接线与 Git SSH Settings 的 helper 可用性诊断及 local helper 编辑、应用级 Git executable 选择；应用级 credential helper 开关、结构化 SSH host-key/auth/identity/known_hosts、Ask 多行指纹 prompt、changed-host-key 分类与 SSH Settings 恢复、认证失败重建会话、prompt 成功后的 last-successful method 和只读 agent 探测均已接入；参考 SSHConnectionSettings 只要求 last-successful map，agent/helper 来源级成功观测不作为已证实的基线缺口
src git4idea/commands (Git command service),git4idea.commands.GitImpl,commands,Run arbitrary git command with captured output,run_git_command,RebasedWorkspaceViews.swift: GitConsoleView,completed,stdout/stderr/exit code/耗时完整展示并进操作历史,非零退出码红色标记不中断,tests/console.rs,XML 未注册;Arbor 以 Git Console 承载
vcs.Git (projectConfigurable),git4idea.config.GitVcsPanel,settings,Git 配置页 (executable/SSH/根映射),git_identity + set_git_identity + config_value + set_ssh_command + set_git_executable + set_project_git_executable + clear_project_git_executable + project_git_executable + set_git_executable_override + ssh_connection_settings + set_ssh_connection_settings + credential_helper_config + set_credential_helper_config + ssh_agent_diagnostics,DiagnosticsLogger.swift: GitExecutableSettingsSection + ProjectGitIncomingChangesSettingsView + ContentView.swift: GitIdentitySettingsView + PushDialogView: SSH Settings…,verified-partial,identity/签名/作者覆盖、应用级 Git executable、项目级 override 的持久化/继承/清除、按最长 Git root 匹配与 Repository 级 system-Git 运行时隔离、repository-scoped SSH transport 与 local credential helper 列表保存生效，并可查看只读 agent 状态,无效 executable -> Git --version 校验失败反馈；项目 root 注册失败或 override 失效 -> 项目级设置错误/结构化诊断并回退应用默认,tests/identity.rs + tests/remote_config.rs::credential_helper_local_config_can_be_replaced_and_cleared + tests/git_executable.rs + ArborTests/HostingProviderTests.swift::GitExecutableSettingsTests + ssh_agent_diagnostics,Git executable 核心 project override 已接入；仍缺的是项目设置 UI automation、root 注册清理和后台调度器的更细 operation context；参考 SSHConnectionSettings 仅要求 last-successful map，agent/helper 来源级成功观测不作为已证实的 IntelliJ 基线缺口
src git4idea/config (SSH executable settings),git4idea.config.GitVcsApplicationSettings,settings,SSH executable & connection settings,git_executable + set_git_executable + set_project_git_executable + clear_project_git_executable + project_git_executable + set_git_executable_override + config_value + set_ssh_command + ssh_connection_settings + set_ssh_connection_settings + credential_helper_config + set_credential_helper_config + ssh_agent_diagnostics,BeforeCommitSettingsView.swift: GitExecutableSettingsSection + ProjectGitIncomingChangesSettingsView + GitSSHSettingsView,verified-partial,应用级 Git executable 可 Browse/Test/Save/Reset 并作用于 system Git；项目级 override 继承/清除、已发现 root 注册和 Repository 级隔离已作用于 system Git；仓库级 core.sshCommand 与 local credential.helper 可读取/保存/清除，host-key/known_hosts/identity/auth method 可配置并作用于传输；Git SSH Settings 可只读探测 SSH_AUTH_SOCK 与 agent 身份数量,非法路径/版本 -> 结构化错误；项目 override 失效 -> 项目级保存失败或回退应用默认,tests/git_executable.rs + tests/remote_config.rs::structured_ssh_settings_compile_into_transport_command + credential_helper_local_config_can_be_replaced_and_cleared + ArborTests/HostingProviderTests.swift::GitExecutableSettingsTests + ssh_agent_diagnostics_never_returns_identity_material,已覆盖 application/project-level executable、结构化 SSH transport、Ask/changed-host-key、last-successful prompt method、repository-local helper 与 agent 诊断；仍有 UI automation/root registry cleanup/background operation context 长尾；agent/helper 来源级成功观测不属于已证实的参考基线
Git.Stage.Enable,git4idea.index.actions.GitEnableStagingAreaAction,settings,Enable staging area mode,N/A (固定双栏模型),N/A,out-of-scope,-,-,-,Arbor 固定启用 staging 模型;见 git-parity-decisions.md 决策 5
Git.Stage.Disable,git4idea.index.actions.GitDisableStagingAreaAction,settings,Disable staging area mode,N/A,N/A,out-of-scope,-,-,-,同上
src GitProtectedBranches,git4idea.config.GitProtectedBranches,settings,Protected branches (force push 防护),RootProtectedBranchPatterns + GitProtectedBranchRules + protectedBranchPatterns,DiagnosticsLogger.swift: Protected Branches + Remote Protection sections + Project Git Settings + PushDialogView force guard,verified-partial,main/master 默认禁止 force push;配置正则与 GitHub/GitLab/Bitbucket Fetch 后同步的远端规则都会合并，并由操作层再次拦截;多 root 现在按所属 root 加载、同步并传入 Push 对话框、Push All Rust runner 及执行前 force guard,同步失败保留对应 Git root 缓存;项目可 override 本地保护正则与 hosted-rule 同步开关，未 override 时继承全局设置;custom refspec 与 root-scoped Push 目标仍逐 root 检查,ArborTests/HostingProviderTests.swift::GitProtectedBranchRulesTests + testMultiRootRemotePatternsDoNotCrossProtectRepositories + tests/multi_root.rs::multi_root_force_push_uses_only_the_owning_root_protection_rules + testProjectProtectedBranchSettingsOverrideAndThenInheritGlobalValues + testGitHubProtectedBranchPatternsUseGraphQLPagination + GitLab/Bitbucket protected branch pagination tests,仍缺 IntelliJ GitProtectedBranchProvider 扩展点及各 provider 更细粒度的保护策略映射;原生通知/DataContext/UI automation 仍是 partial
registry git.use.push.force.with.lease,advancedSetting,settings,Push 默认使用 force-with-lease,"push_force_with_lease (独立 API,拒绝时分类 NonFastForward)",DiagnosticsSettingsView GitPushSettingsSection + PushDialogView + doPush/commitAndPush,completed,显式 force push 默认使用 lease；用户可在 Settings 或当前 Push 对话框关闭 lease,stale info 分类为 NonFastForward,tests/remote_config.rs + ArborTests/HostingProviderTests.swift::GitPushSettingsTests,AppStorage 默认 true；普通 push 不受影响；custom refspec 与多 root 复用同一选择
registry git.clone.recurse.submodules,advancedSetting,settings,Clone 时递归初始化 submodules,clone (recursive 参数),DiagnosticsLogger.swift: DiagnosticsSettingsView + RebasedDialogs.swift: RebasedCloneDialog 递归开关,completed,递归 clone 含子模块；默认 true 且用户选择可从 Git Settings 或 Clone dialog 持久化调整,-,tests/project_lifecycle.rs::clone_local_repository_with_recursive_submodule + ArborTests/CompareSelectionTests.swift::testCloneRecursiveSubmodulesSettingDefaultsOnAndPersists,IntelliJ registry 默认 true；Arbor 已对齐默认值、实际 clone 结果与设置入口
git.branches.popup.resize,com.intellij.vcs.git.branch.popup.GitBranchesTreePopupResizeAction,settings,分支弹窗尺寸调整,N/A,N/A,out-of-scope,-,-,-,UI 布局细节
Git.Configure.Remotes,git4idea.remote.GitConfigureRemotesAction,remote,查看/添加/删除 remote,remote_list / remote_add / remote_remove / remote_rename / remote_set_url / remote_set_push_url / remote_set_refspecs,RebasedDialogs.swift: MultiRootRemoteConfigDialogView + RemoteConfigDialogView,completed,单 root/多 root 均按 repository 分组展示；Add 使用当前 root，双击/Edit 使用选中 remote，Remove 有确认；新增/保存前执行带 askpass 的 git ls-remote；新增/编辑后可选 Fetch,同名/非法名/空 URL/URL 不可达/系统 Git remote 错误 -> FeedbackCenter,tests/remote_config.rs::remote_crud_set_url_push_url_refspecs_rename + remote_add_and_remove_use_git_crud_and_clean_tracking_refs + auth.rs::ls_remote_with_broker,标准 git remote CRUD 与 tracking refs 清理；项目级 Configure Remotes 与 IntelliJ 多 root 聚合模型对齐
Git.Fetch,git4idea.actions.GitFetch,push_fetch,Fetch 当前/全部远程,fetch_all_remotes,RebasedWorkspaceViews.swift: RebasedTopBar Fetch + ArborApp.swift: VCS 菜单 Fetch,completed,无 remote 参数时按 IntelliJ 语义抓取项目内所有 Git root 的所有 remote；显式 remote 配置流程仍可只抓一个 remote,网络/认证失败 -> 反馈中心错误详情,tests/remote_refs.rs,IntelliJ 无默认快捷键;Arbor 同
Git.Branches.Popup.Fetch,git4idea.ui.branch.GitBranchPopupFetchAction,push_fetch,Fetch 指定远程分支,fetch_remote_branch + fetch_remote_branch_with_auth_and_cancel,RebasedDialogs.swift: RebasedBranchesPopover Fetch Remote Branch,completed,仅更新选中的 remote-tracking ref,-,tests/remote_refs.rs::fetch_remote_branch_updates_only_the_selected_remote_tracking_ref,单 root 与多 root 均使用显式 refs/heads/<branch>:refs/remotes/<remote>/<branch> refspec，即使 remote.<name>.fetch 是自定义映射也不回退为 remote 级 fetch；认证与取消路径复用统一 Git process
Git.Unshallow,git4idea.actions.GitUnshallowRepositoryAction,remote,补全 shallow clone 历史 (--unshallow),is_shallow + fetch_unshallow_with_auth_and_cancel,WorkspaceOperations.swift: doFetchUnshallow + RebasedBranchesPopover Remote maintenance,completed,仅 shallow repository 显示入口；确认后以 configured upstream remote 优先执行认证/可取消 fetch --unshallow,网络/认证/非 shallow 错误 -> FeedbackCenter,tests/remote_config.rs::fetch_unshallow_downloads_full_history,入口可见性由 Rust shallow 文件状态驱动，成功后刷新状态隐藏入口
Git.Pull,git4idea.actions.GitPull,push_fetch,Pull/Update 当前分支 (merge 或 rebase),"pull_with_settings_and_policy + pull_remote_branch_with_settings_and_policy",RebasedWorkspaceViews.swift: RebasedTopBar Update (⌘T) + ArborApp.swift: Pull > Merge/Rebase,verified-partial,当前 root 与 selected secondary root 都按项目 Shelve/Stash 保存 tracked/untracked/ignored 后恢复；Pull dialog 显式选择 root/remote/remote-tracking branch，并将 strategy/no-commit/no-verify 传入 Rust；Pull 自身 merge/rebase 冲突 Continue/Skip/Abort 完成后按 root 恢复保存现场,分叉冲突 -> Merge Revisions；原生 Pull dialog/VcsNotifier/DataContext lifecycle 仍缺,arbor-engine/tests/pull.rs + tests/pull_errors.rs + ArborTests/HostingProviderTests.swift::testPullDialogOptionsMatchIntelliJIncompatibilities,IntelliJ GitSaveChangesPolicy;显式 Pull 不再只使用默认 upstream
Vcs.UpdateProject,platform action reference,push_fetch,Update Project (pull 全部仓库),pull / run_multi_root_update_with_policy,ArborApp.swift: ProjectCommands Update Project (⌘T) + ContentView.swift: multi-root update,verified-partial,单 root 与多 root 自动发现全部 Git root，按 Settings 保存并保留 dirty tracked/untracked/ignored 现场及 staged/unstaged 边界；单 root Pull 的临时 stash 通过本次唯一 message 精确定位并保留 index，多 root Update 的同进程恢复保留 Shelf/stash 结果，重启后按稳定 Update label 重新发现；detached submodule 递归发现最近父仓库，最深层优先保存现场，父 root 更新 gitlink 后逐层 checkout 并恢复现场；Git Roots 冲突区按 root 聚合受影响路径，支持 Cmd/Shift 跨 root 多选批量 Accept Ours/Theirs，并可从路径打开对应 root-scoped 三栏 workbench；冲突后进入项目级 resolver queue，统一展示各 root 的 operation/unmerged/Shelf/Stash 冲突，并提供 Continue/Skip/Abort，Shelf/Stash 恢复冲突再进入 root workbench；Checkout and Update 复合入口已补 root 定向/全量执行与 checkout 阶段补偿回滚；重启后从 root snapshot、Git stash 栈或命名 Shelf 重新发现临时 Update 保存，并在无进行中操作时提供 root-scoped Restore；已对齐 IntelliJ GitUpdateProcess 的逐 root partial-result 语义，最终 Update Project 反馈会汇总 updated file 数与 commit 数并按 skip reason 列出 skipped roots，终态反馈不会被刷新任务覆盖；Update 失败 root 的 Retry action 现在以 Codable semantic action 保存精确 root scope 与 rebase 策略，并以稳定 notification ID 跨重启恢复；更完整的 rollback/action surface 仍缺，冲突文件可从 root workbench 调用外部 merge tool,tests/pull.rs + tests/roots.rs::discovers_nested_submodule_and_marks_nearest_parent + tests/multi_root.rs::multi_root_update_updates_detached_submodule_from_parent_and_restores_local_changes + tests/multi_root.rs::multi_root_update_processes_nested_detached_submodules_in_parent_order + tests/multi_root.rs::multi_root_update_shelve_preserves_staged_and_unstaged_changes + ArborTests/HostingProviderTests.swift::GitUpdateNotificationSummaryTests + ArborTests/HostingProviderTests.swift::testSuccessDetailIncludesCommitCountAndSkippedReasons + ArborTests/CompareSelectionTests.swift::testMultiRootRetryActionRequestRoundTripsOperationAndRootScopes,⌘T 已在多 root 项目聚合 configured upstream；旧 Git Roots Pull All 仍是较低级聚合入口,
Vcs.Push,platform action reference,push_fetch,Push All (全部 Git roots),run_multi_root_push / run_multi_root_push_recovery,ArborApp.swift: VCS Push + ContentView.swift: Git Roots Push All,verified-partial,"按 child-first 依赖顺序聚合 Push partial result；失败或取消的 submodule 会阻止父 gitlink 发布；失败 root Retry 以及 non-fast-forward 的 Update with Merge/Rebase 会保存精确 root scope、更新范围和策略，并以 Codable semantic action + stable notification ID 跨重启恢复；初始 Push All 成功/部分成功时按 transport 前已知 local tip 与 tracked upstream tip 的 merge-base → local tip，为实际成功 root 提供可跨重启的 root-qualified View Commits；无法确认旧边界的首次 publish/tag-only/unrelated-history root 安全省略；Push recovery 完成后按实际前进的 root 生成可跨重启的 root-qualified View Commits；Push recovery 按最深层保存并恢复嵌套 submodule 与父 root 的本地现场；Retry Failed Push Roots / Force Push Anyway 只替换失败 root 的结果行，保留首轮成功 root，并把完整结果树写入可跨重启的 semantic retry action","仍缺真正跨 root rollback（参考实现本身也不默认回滚成功 root）、联合 diff、恢复后的复杂后续 action 编排和更细通知历史分组","tests/multi_root.rs::multi_root_push_partial_failure_isolated + tests/multi_root.rs::multi_root_push_publishes_submodule_before_superproject + tests/multi_root.rs::multi_root_push_recovery_updates_and_republishes_selected_root + ArborTests/HostingProviderTests.swift::testPushRecoveryRevisionRangesIncludeOnlyRootsThatUpdatedAndRepublished + ArborTests/HostingProviderTests.swift::testSuccessfulPushRevisionRangesOnlyIncludeCompletedRoots + ArborTests/HostingProviderTests.swift::testMultiRootPushRetryRowsRetainSuccessfulRootsAndReplaceRetriedRoots + ArborTests/CompareSelectionTests.swift::testMultiRootRetryActionRequestRoundTripsOperationAndRootScopes + testFeedbackHistoryRestoresMultiRootRetryActionAcrossReload","与 IntelliJ GitPushOperation/GitPushResultNotification 的 dependency ordering、partial result、累计 repository result map、初始 Push 成功后提交查看和 recovery 后提交查看动作对齐；更完整的 rollback/通知分组仍缺"
Arbor.Current.PushRecoverySingleRoot.ViewCommits,GitPushResultNotification,push_fetch,Single-root and nested-root Push recovery View Commits,updateSessionRevisionRanges + joinedRevisionRanges + showLogRanges,WorkspaceOperations.swift: updateRootForPushRecovery + pushInRoot,verified-partial,"Update with Merge/Rebase 前后 HEAD 只在成功且实际前进时生成 root-qualified View Commits；后续 Push 的 success/rejected/stale-lease/error notification 以及 Retry Push/Force Push Anyway 都继续携带同一 semantic action；重复 recovery 按 root 合并范围并可跨重启恢复","跨 root atomic rollback、联合 diff、完整 native VcsNotifier 生命周期和 UI automation 仍 partial","ArborTests/HostingProviderTests.swift::testPushRecoveryRevisionRangesIncludeOnlyRootsThatUpdatedAndRepublished + testJoinedRevisionRangesKeepOriginalBoundaryAcrossRepeatedPushRecovery + ArborTests/CompareSelectionTests.swift::testFeedbackHistoryRestoresRootPushRecoveryViewCommitsActionAcrossReload + xcodebuild test + script/build_and_run.sh --verify","补齐 IntelliJ rejected Push -> Update -> Push 在单 root及嵌套 root的 received-commits后续动作边界"
(GitUpdateSelectedBranchAction),git4idea.actions.branch.GitUpdateSelectedBranchAction,branch,Update tracked branch (当前分支按配置集成 非当前分支直接快进),update_branch / update_branch_with_options_and_auth_and_cancel / run_root_update_for_push_recovery_with_options,WorkspaceOperations.swift: executeBranchUpdateInRoot + RebasedDialogs.swift Branches Popup Update,verified-partial,当前分支使用项目 Merge/Rebase 设置并保存本地变更 非当前分支仅快进本地 ref 不切换工作树 两者都使用认证 broker 和取消句柄 多选允许当前与非当前分支混选,非快进/冲突进入现有更新状态恢复；原生 GitUpdateExecutionProcess GitFetchSupport VcsNotifier/DataContext 生命周期和 UI automation 仍 partial,tests/pull.rs::update_non_current_branch_fast_forwards_without_checkout + update_non_current_branch_with_auth_and_cancel_fast_forwards_without_checkout + ArborTests/HostingProviderTests.swift::testBranchDashboardMultipleLocalSelectionBlocksDeleteWhenCurrentIsIncluded + ArborTests/CompareSelectionTests.swift::testConfiguredUpstreamResolvesTheLongestRemotePrefix + xcodebuild test + script/build_and_run.sh --verify,对齐 GitUpdateSelectedBranchAction 与 GitBranchActionsUtil.updateBranches 的 current/non-current 分流及 mixed selection presentation
(GitPushBranchAction),git4idea.actions.branch.GitPushBranchAction,push_fetch,Push 指定分支,push_with_options,RebasedDialogs.swift: RebasedBranchesPopover Push -> PushDialogView.swift: PushDialogView,completed,推送目标分支/force/lease/发布 upstream/自定义 refspec/Push tags(All / Current Branch)/Run git hooks；root-scoped stable notification history；stale lease 拒绝提供 Force Push Anyway 与 Retry,non-fast-forward -> 结构化 PushFailureKind+Merge/Rebase 恢复；stale lease -> Force Push Anyway（保留 refspec/tag/hooks/upstream 且重新校验 protected branch）,tests/commit_push.rs + tests/remote_config.rs::force_with_lease_rejects_remote_updates + ArborTests/CompareSelectionTests.swift::testStalePushRejectionKeepsStructuredLeaseGuidance + ArborTests/HostingProviderTests.swift::PushDialogTests,
(GitPullBranchAction$WithMerge),git4idea.actions.branch.GitPullBranchAction$WithMerge,branch,Pull 指定分支 (merge 不切换),pull_branch(rebase=false),RebasedDialogs.swift: RebasedBranchesPopover Pull,completed,merge 进所选分支,脏树/冲突 -> 结构化引导,tests/pull.rs::pull_non_current_branch_merges_into_selected_branch_without_checkout,
(GitPullBranchAction$WithRebase),git4idea.actions.branch.GitPullBranchAction$WithRebase,branch,Pull 指定分支 (rebase 不切换),pull_branch(rebase=true),RebasedDialogs.swift: RebasedBranchesPopover Pull with Rebase,completed,rebase 进所选分支,同上,tests/pull.rs::pull_non_current_branch_rebases_into_selected_branch_without_checkout,
(GitDeleteRefAction on remote branch),git4idea.actions.ref.GitDeleteRefAction,branch,删除远程分支 (确认),delete_remote_branch + delete_remote_branch_with_auth_and_cancel,RebasedDialogs.swift: RebasedBranchesPopover Delete Remote Branch + MultiRootBranchesPopover Delete in Repositories…,verified-partial,单 root 删除远程分支并清理 remote-tracking ref；多 root 可选择仓库，按所选 root 求共同 tracking 分支并选择同时删除；远端已并发删除时执行 prune；只有所有选定 root 的远程删除成功后才清理共同 tracking 分支；tracking 分支 force-delete 后保留精确 tip/upstream 恢复；单 root、Branches Popup multi-root、Log 多选和 recovery 删除现在统一经过 credential broker 与 process-group cancel；Branches Popup/Log 多选远程分支按 remote branch 分组，统一询问是否删除共同 local tracking branches，并在本组全部远程删除成功后执行，失败/取消按 root 返回且不误删本地 tracking,权限不足/其他 Git 错误逐 root 返回且不会额外删除本地 tracking；剩余是完整原生 VcsNotifier action history、远程 tag 同类通知分组和 SwiftUI UI automation,tests/remote_refs.rs::delete_remote_branch_removes_remote_and_tracking_refs + remote_branch_delete_with_auth_cancellation_returns_cancelled + ArborTests/HostingProviderTests.swift::testSelectedRemoteBranchDeleteGroupsStayRootQualified,已接入 IntelliJ 一次确认、共同 tracking branch 选项、认证/取消和全量远程成功后的 tracking 清理顺序
Git.Tag.Push,git4idea.actions.tag.GitPushTagAction,push_fetch,推送单个 tag,tag_push,LogSidebar.swift: 标签页/Branches Popup/Log Branches dashboard Push to Remote,completed,tag 推送到明确选择的 remote；单 remote 保持直接入口,无远程 -> 按钮禁用,tests/tags.rs,
Git.Push.Tags (group),git4idea.actions.tag.GitPushTagsActionGroup,push_fetch,批量推送 tags,push_refspec_with_auth_and_cancel,RebasedDialogs.swift: TAGS 区域 Push All Tags,completed,按当前 root 的第一个 configured remote 以非 force wildcard refspec 推送全部本地 tags；认证/取消/远端拒绝进入 FeedbackCenter,-,tests/tags.rs::push_all_tags_refspec_publishes_every_local_tag,多 root 按 root 定向执行；不覆盖远程 divergent tag
Git.PushUpToCommit,git4idea.actions.GitPushUpToCommitAction,push_fetch,Push 到所选提交为止,push_refspec 可表达 + is_commit_reachable_from,LogGraphView.swift + WorkspaceOperations.swift + PushDialogView.swift: Push Up to Commit,completed,当前分支或包含提交的本地分支自动预填；无本地分支时使用可编辑 detached source revision + remote target branch,空 source/target 禁止提交；protected target、force-with-lease、认证和远程拒绝沿用 PushDialog/FeedbackCenter 结构化路径,tests/commit_push.rs::push_refspec_can_publish_head_to_a_selected_target + push_refspec_can_publish_a_detached_commit_to_a_selected_target + tests/branch_ops.rs::commit_reachability_identifies_the_branch_that_contains_a_log_commit + Arbor/ArborTests/HostingProviderTests.swift::PushDialogTests,对齐 GitPushUpToCommitAction：有分支优先分支 source，无分支仍打开完整 Push Dialog；支持 source/target 编辑
Git.Branches,git4idea.ui.branch.GitBranchesAction,branch,分支弹窗 (本地/远程/tag/recent/stash/shelf 列表+操作),branch_list / remote_branch_list / recent_branches / sync_status / tag_list / stash_list / shelve_list / branch_set_upstream,ContentView.swift: branchPopup -> RebasedBranchesPopover / MultiRootBranchesPopover,verified-partial,单 root 支持搜索/检出/比较/更新/合并/变基/推送/删除/checkout+update/tracking；多 root 按 root 分组、独立 repository picker/flat filter、root 定向 checkout、非当前本地分支 Update/Pull/Pull with Rebase、root-scoped Push dialog、Recent/Tags/Stashes/Shelves 基础动作、local/remote Compare/Merge/Fetch/Pull/Checkout/Delete、per-root remote 配置、local branch Checkout and Update/Rebase 与 stash/Shelf/operation conflict workbench 已接入；remote branch 按 fork 保持 Checkout/Checkout with Rebase/Pull/Fetch，不暴露 local-only Checkout and Update；Update 按 IntelliJ 逐 root partial-result 语义保留已完成 root；普通 checkout 部分成功时对缺少引用的 root 标记 skipped 并继续处理，保留已成功 root，并提供 Rollback Successful Roots 恢复此前 HEAD、删除本次创建的本地 branch；临时 Update stash/Shelf 已可从 root snapshot、Git stash 栈或命名 Shelf 重建 reopen recovery；Branches Popup 的显示 Recent、按 Repository 过滤、multi-root repository 分组和目录组折叠状态现在按标准化 project path 持久化，单 root remote branch 支持 Compare with Current；单 root、多 root Branches Popup 与 Log dashboard 已接入 speed-search-like 匹配、最佳匹配选中、上下键/回车导航，且多 root identity 含 rootPath；多 root Log 已按 rootPath 打开分支历史、比较、提交详情和主要变更动作，刷新时维护 active root,tests/branch_workspace.rs + tests/sync_status.rs + tests/multi_root.rs + ArborTests/HostingProviderTests.swift::BranchDirectoryTreeTests,GitRootBranchSnapshot 保留同名分支及 recent/tag/stash/shelf 的 root 边界；compound API 已覆盖 selected root/all roots，root-specific remote branch actions 与 stash/Shelf/operation recovery 已接线,剩余与 IntelliJ 的完整 tree filter/action group/selection semantics、跨 root 写操作统一聚合和更多 SwiftUI 专测仍有差距
Git.ShowBranches,git4idea.actions.GitBranchesComboBoxAction,branch,工具栏分支 widget,branch_list / sync_status,RebasedWorkspaceViews.swift: RebasedTopBar branchPopup + RebasedStatusBar 分支按钮,completed,同上,-,tests/sync_status.rs,
main.toolbar.git.Branches,com.intellij.vcs.git.frontend.widget.GitToolbarWidgetAction,branch,新 UI 工具栏分支 widget,branch_list / sync_status,RebasedWorkspaceViews.swift: RebasedTopBar branchPopup,completed,同上,-,tests/sync_status.rs,frontend XML 注册
Git.CreateNewBranch,git4idea.actions.GitCreateNewBranchAction,branch,创建新分支 (可指定基点),branch_create(at) / branch_create_and_switch / branch_create_or_reset / validate_branch_name / run_multi_root_branch_create_with_options / rollback_multi_root_branch_create_with_state,RebasedDialogs.swift: RebasedNewBranchDialog + RebasedMultiRootNewBranchDialog (名称+基点+Checkout branch+overwrite/reset+root selection+validation),verified-partial,创建后默认切换且可取消；支持名称与基点；Git ref-name/HEAD/重复分支在提交前校验；单 root 对齐 IntelliJ 的显式 Overwrite existing branch：非当前分支用 branch -f、当前分支用 switch -C；多 root 可选择仓库批量创建或覆盖，失败后保留逐 root branch tip/HEAD 状态并显式回滚成功 root；回滚会拒绝覆盖用户在操作后改动过的 branch tip；Roll Back/Keep Partial 通过 FeedbackCenter、Operation Log 和稳定 semantic action 跨重启恢复,Swift UI/UI automation 与完整原生通知分组仍缺,tests/branch_ops.rs::branch_create_rejects_invalid_and_existing_names_before_mutation + tests/branch_ops.rs::branch_create_or_reset_moves_existing_non_current_branch_without_checkout + tests/branch_ops.rs::branch_create_or_reset_current_branch_updates_worktree + tests/multi_root.rs::multi_root_branch_reset_restores_overwritten_non_current_tips + tests/multi_root.rs::multi_root_branch_reset_checkout_restores_previous_branch_and_tip + tests/multi_root.rs::multi_root_branch_reset_refuses_a_changed_branch_tip + ArborTests/CompareSelectionTests.swift::testMultiRootBranchCreateRollbackRequestRoundTripsExactTipState + testFeedbackHistoryRestoresMultiRootBranchCreateRollbackActionAcrossReload,单 root与多 root overwrite/reset及跨重启 rollback action 已接入
Git.CreateNewTag,git4idea.actions.GitTag,branch,创建轻量或 annotated tag 并支持显式覆盖已有 tag,tag_create_with_force / tag_create_with_options_and_force / tag_list,ContentView.swift: RebasedTagDialog + LogGraphView.swift: Create Tag at Commit,verified-partial,默认创建路径保持 MustNotExist；用户显式勾选 Replace existing tag 后轻量 tag 使用原子 ref 覆盖 annotated/signed tag 使用 git tag --force；目标 revision 为空时默认 HEAD,重复 tag 或无效 revision/签名失败时保留原 tag 并进入 FeedbackCenter,arbor-engine/tests/tags.rs::force_tag_update_requires_explicit_opt_in_and_replaces_target + force_annotated_tag_update_replaces_object_and_message + xcodebuild focused/full test + script/build_and_run.sh --verify,参考 GitTagDialog 的 existing-tag force checkbox；原生 DialogWrapper/DataContext/VcsNotifier 生命周期和 UI automation 仍 partial
Git.New.Branch.In.Log,git4idea.ui.branch.dashboard.BranchesDashboardActions$NewBranchAction,branch,日志中新建分支,branch_create(at) / branch_create_and_switch / branch_create_or_reset / validate_branch_name,LogGraphView.swift: Create Branch from Commit -> single/multi-root New Branch dialog,verified-partial,日志入口预填所选提交为基点、建议分支名且默认可 checkout；共享 IntelliJ Overwrite existing branch/reset 语义；共用提交前 ref-name/重复分支校验；从提交入口按短 hash 显示动态 dialog title；多 root 先选择受影响 repository,-,tests/branch_ops.rs::branch_create_rejects_invalid_and_existing_names_before_mutation + tests/branch_ops.rs::branch_create_or_reset_current_branch_updates_worktree,多 root repository picker 已接入；Swift UI 专测仍缺
Git.CreateNewBranch.FromCommit,git4idea.log.action.GitCreateNewBranchFromCommitAction,branch,从提交创建分支,branch_create(at) / branch_create_and_switch / branch_create_or_reset / validate_branch_name,LogGraphView.swift / CommitDetailView.swift: 从此提交建分支 -> commit 所属 root 的 New Branch dialog,verified-partial,日志与提交详情统一预填 commit 基点、建议名并支持 checkout；共享 IntelliJ Overwrite existing branch/reset 语义；共用提交前 ref-name/重复分支校验；dialog title 按提交短 hash 动态显示；aggregate Log 也按 commit.repositoryPath 路由单一目标 root；多 root repository picker 不适用于单提交 action,-,tests/branch_ops.rs::branch_create_rejects_invalid_and_existing_names_before_mutation + tests/branch_ops.rs::branch_create_or_reset_moves_existing_non_current_branch_without_checkout,root-scoped 行为已接入；Swift UI 专测仍缺
(GitCheckoutAction),git4idea.actions.ref.GitCheckoutAction,branch,检出分支 (未提交变更处理),switch_branch / smart_switch_branch / force_switch_branch / smart_checkout_detached / force_checkout_detached / smart_checkout_remote_branch / force_checkout_remote_branch / run_multi_root_checkout_with_policy,RebasedDialogs.swift + WorkspaceOperations.swift: 单 root checkout recovery、MultiRootBranchesPopover 与 MultiRootPanel,verified-partial,单 root 与多 root Smart Checkout 按 Settings 的 Shelve/Stash 保存 tracked/untracked/ignored 并保留 staged/unstaged 边界；Force/Cancel 保持显式语义；Shelf 冲突可重启后由项目级 resolver 完成或回滚,Branches Popup 已按 root 分组/过滤并可定向 checkout；Checkout and Update 阶段支持 normal checkout 补偿回滚；普通多 root checkout 部分成功按 IntelliJ 保留已成功 root，并提供 Rollback Successful Roots；provider 细节仍有差距,tests/branch_workspace.rs::smart_checkout_* + tests/multi_root.rs,本地/remote/tag/revision checkout 与 Git Roots 多 root 语义已统一；复合同步链在 update operation active 时保留 root 独立恢复状态
(GitCheckoutFromInputAction),git4idea.actions.branch.GitCheckoutFromInputAction,branch,按名称输入检出,switch_branch / smart_switch_branch / checkout_remote_branch / checkout_detached / run_multi_root_checkout,RebasedBranchesPopover + MultiRootBranchesPopover: Checkout Tag or Revision 输入入口,completed,输入 branch/tag/remote branch/commit 后按引用类型检出；dirty worktree 复用 Smart/Force/Cancel,-,tests/checkout.rs + tests/branch_workspace.rs::smart_checkout_* + tests/multi_root.rs::multi_root_checkout_*,已对齐 IntelliJ GitRefDialog；列表中未显示的引用也可直接输入，multi-root 复用聚合 checkout 恢复
Git.CheckoutRevision,git4idea.actions.GitCheckoutRevisionAction,branch,检出提交 (detached HEAD),checkout_detached / smart_checkout_detached / force_checkout_detached,LogGraphView.swift: Checkout Revision -> checkoutFromLog (确认),completed,detached 检出按 Settings 的 Shelve/Stash 提供 Smart/Force/Cancel；恢复冲突保留对应记录并进入冲突工作台,tests/checkout.rs + tests/branch_workspace.rs::smart_checkout_detached_*,,
(GitCheckoutAsNewBranch),git4idea.actions.branch.GitCheckoutAsNewBranch,branch,远程分支检出为本地新分支,checkout_remote_branch / smart_checkout_remote_branch / force_checkout_remote_branch,RebasedDialogs.swift: RebasedBranchesPopover Checkout as Local Branch,completed,建本地跟踪分支按 Settings 的 Shelve/Stash 提供 Smart/Force/Cancel；恢复冲突保留对应记录并进入冲突工作台,tests/project_lifecycle.rs::checkout_remote_tracking_branch_creates_local_branch + tests/branch_workspace.rs::smart_checkout_remote_branch_*,,
(GitCheckoutWithRebaseAction),git4idea.actions.branch.GitCheckoutWithRebaseAction,branch,将选中本地分支检出并 rebase 到当前分支,rebase_branch_on_current / rebase_branch_on_current_with_policy,RebasedDialogs.swift + WorkspaceOperations.swift: Checkout with Rebase -> rebaseBranchOnCurrentWithPolicy（多 root 按 selected root 执行）,verified-partial,单 root 按 Settings 的 Shelve/Stash 保存 tracked/untracked/ignored 后执行 git rebase --autostash HEAD <branch>；目标分支成为 HEAD；冲突保留 system rebase 状态并进入 Continue/Skip/Abort 工作台；local branch 已存在且未 Reset 时复用该 branch，目标就是当前分支时 fail closed；remote Checkout with Rebase 在单 root 与 root-scoped multi-root 路径均先通过 New Branch 对话框创建或复用本地 branch，再 rebase 到当前分支；单 root、独立 multi-root root action 和 Rebase Current in Root 现在持久化 root-scoped seed，并提供可跨重启 Open Rebase Recovery action；多 root Checkout with Rebase 失败可在 Git Roots 面板按失败 root Retry,跨 root rollback/action surface 与完整 Undo 仍有差距,tests/branch_workspace.rs::rebase_branch_on_current_checks_out_and_rebases_selected_branch + ArborTests/CompareSelectionTests.swift::testRebaseRecoveryActionRequestRoundTripsBranchContext + testCheckoutWithRebaseReusesExistingBranchUnlessResetIsExplicit,已纠正为 IntelliJ 的“onto current”语义；多 root 当前分支的 Update with Rebase 与非当前分支 Checkout with Rebase 已区分
(GitOpenExistingWorkingTreeForLocalBranchAction),git4idea.actions.workingTree.GitOpenExistingWorkingTreeForLocalBranchAction,workingTrees,打开分支对应已有 worktree,worktree_list + GitRootBranchSnapshot.worktrees,RebasedDialogs.swift: Branches Popup / LogSidebar.swift: 单 root Log Branches dashboard / RebasedWorkspaceViews.swift: WorktreePanel 打开,completed,仅非当前本地分支存在 linked worktree 时显示 Open Worktree… 并在新窗口打开对应路径；multi-root Log dashboard 隐藏单仓库动作,worktree 已被删除/不可访问时新窗口显示仓库加载错误,tests/worktree.rs + tests/branch_workspace.rs::branch_snapshot_exposes_linked_worktree_for_open_worktree_action,已对齐 IntelliJ GitOpenExistingWorkingTreeForLocalBranchAction；local branch 按 root/branch 精确映射，remote branch 不显示该动作
Git.Rename.Local.Branch,git4idea.actions.branch.GitRenameBranchAction,branch,重命名本地分支,branch_rename,RebasedDialogs.swift: RebasedBranchesPopover 本地分支菜单 Rename… + MultiRootBranchesPopover 的 Rename in Repositories…,verified-partial,单 root 与多 root 均使用 Git 原生命令迁移 upstream/rebase/description 等 branch 配置并原子拒绝已存在目标；多 root 可选择受影响仓库、可在重命名后解除 upstream，部分成功可逐 root查看并显式 rollback,-,tests/branch_ops.rs::branch_rename_preserves_current_head_and_upstream_config + branch_rename_rejects_existing_destination,已补 IntelliJ 的跨 root repository picker、取消 upstream 选项和部分成功 rollback；SwiftUI 专测、通知 action surface 与更完整的恢复细节仍缺
(GitDeleteRefAction on local branch/tag),git4idea.actions.ref.GitDeleteRefAction,branch,删除本地分支/tag (确认),branch_delete / tag_delete,RebasedDialogs.swift: RebasedBranchesPopover 本地分支 Delete + MultiRootBranchesPopover 的 Delete in Repositories… + LogSidebar.swift 标签 Delete,verified-partial,单 root 保留未合并预览后确认并恢复；多 root 排除当前分支，按 IntelliJ 语义先安全删除、未合并时 force delete，逐 root 保存精确 tip/upstream；tag 支持多 root repository picker、精确 peeled target 恢复，恢复面板的 Delete on Remote 逐 remote 复用保存的 raw tag object id 做 lease-protected 删除，支持 Feedback Center 取消并保持已不存在幂等,批量 tag 的 SwiftUI 专测、通知 action surface 与更细的未合并提交跨 root 预览仍缺,tests/branch_ops.rs::branch_delete_requires_force_for_unmerged_tip + tests/branch_ops.rs::branch_delete_preview_captures_tip_unmerged_commits_and_base_branches + tests/tags.rs::tag_delete + tests/tags.rs::delete_remote_tag_is_lease_protected_and_idempotent + tests/tags.rs::delete_remote_tag_with_auth_lease_rejects_stale_listed_object,多 root 分支/tag 删除与恢复 UI 已接入
Git.FindMergedLocalBranches,git4idea.branch.FindMergedLocalBranchesAction,branch,列出已合并分支,branch_list_merged_into + git cherry patch-equivalence,RebasedBranchesPopover + MultiRootBranchesPopover + LogBranchesPanel -> FindMergedBranchesDialogView + FindMergedReportEditorView,verified-partial,独立 sheet 按目标本地分支和名称前缀只读计算；跳过不含目标分支的 root；结果按 Git root 分组，保留具体 root 错误；候选分支现在按 IntelliJ DeepComparator 的 git cherry 语义判断，已 cherry-pick 的等价补丁也算 merged；多 root 扫描按最多 5 个 root 有界并行，结果稳定按 root 顺序提交，批次边界协作式取消并保留已完成 root；target 分支在 engine/API 边界硬排除；Open Report 打开独立纯文本结果编辑器，支持选择/编辑/复制包含 root 列表/扫描统计/错误数/耗时的完整报告；结果持久化并由稳定 standard notification 提供跨重启可恢复的 Open Report semantic action；输入变化会使旧结果失效,-,tests/staging.rs::branch_list_merged_into_target_and_prefix + branch_list_merged_into_excludes_target_branch_with_empty_prefix + branch_list_merged_into_recognizes_patch_equivalent_cherry_pick + ArborTests/CompareSelectionTests.swift::testFindMergedReportKeepsRootErrorsAndStableRows + testFindMergedReportMarksCancelledScans + testFindMergedReportPersistsAndSemanticActionRoundTrips,仍缺 IntelliJ 的 index fast/reliable comparator、原生文本编辑器/通知历史与 UI automation
Git.Cleanup.Branches,git4idea.ui.branch.cleanup.CleanupBranchesAction,branch,按命名规则清理分支,branch_list_merged / branch_list_merged_into / branch_delete,LogSidebar.swift: LogBranchesPanel Cleanup… + RebasedDialogs.swift: BranchCleanupDialogView,verified-partial,项目级加载所有 Git root；按目标分支和名称前缀筛选；计算合并状态；多 root 合并状态按最多 5 个 root 有界并行且保持稳定 root 顺序；target 分支在 engine/API 边界硬排除；展示最后提交时间和独立跟踪分支列；逐项选择并批量删除,-,tests/staging.rs::branch_list_merged_into_target_and_prefix + branch_list_merged_into_excludes_target_branch_with_empty_prefix + branch_cleanup_delete_preserves_current_branch_guard + ArborTests/CompareSelectionTests.swift::testCleanupBranchesClipboardUsesIntellijTableColumnsAndOrder + ArborTests/CompareSelectionTests.swift::testCleanupBranchesCopyUsesTableRowsNotDeleteCheckboxSelection,复制 payload 已对齐当前表格行顺序及 branch/date/tracked 三列 tab-separated 格式；SwiftUI List 行选择与 Selected 列删除勾选已分离，Filter 会清理隐藏行选择并提供系统 Copy command；仍与 IntelliJ 原生 JTable/CopyProvider/DataContext 生命周期和 UI automation 有差异
Git.Checkout.Update,com.intellij.vcs.git.actions.branch.GitCheckoutWithUpdateAction,branch,检出后自动 update,switch_branch / smart_switch_branch / force_switch_branch + pull_remote_branch(rebase=false) / run_multi_root_checkout_and_update_with_policy,RebasedDialogs.swift: Checkout and Update,verified-partial,检出后按 configured upstream update；dirty checkout 按 Settings 选择 Smart/Force/Cancel；Shelve/Stash 均保留 staged/unstaged 边界并支持 root-scoped recovery；多 root 失败可按失败 root Retry；普通 checkout 部分成功后的 Rollback Successful Roots 保存精确 root target、previous state 与 checkout 后 expected branch/HEAD 并支持跨重启 semantic action；update 阶段部分成功现在也为成功且未跳过 root 提供 expected-HEAD guarded Rollback Successful Roots，失败 rollback 可只重试剩余 targets,checkout 阶段失败会补偿回滚并保留 update 已进入的 merge/rebase/Shelf/Stash 恢复状态；update-stage Retry Failed Checkout Roots 与 Rollback Successful Roots 现在以 Codable semantic action 保存 reference、失败/成功 root、detach、rebase 和 mode，并以稳定 notification ID 跨重启恢复,tests/pull.rs + tests/branch_workspace.rs + tests/multi_root.rs + ArborTests/CompareSelectionTests.swift::testMultiRootCheckoutRollbackRequestRoundTripsExactTargets + testFeedbackHistoryRestoresMultiRootCheckoutRollbackActionAcrossReload + testMultiRootCheckoutUpdateRetryActionRoundTripsCheckoutContext + testCompoundRetryNotificationIDsAvoidWorkingHistoryRows + multi_root_checkout_rollback_refuses_changed_post_checkout_head,与 IntelliJ checkoutAndUpdate 的 checkout→仅已切换 root update 顺序对齐；跨 root update 冲突仍非 atomic transaction，跨 root atomic rollback、联合 diff 和更广后续 action 编排仍缺
git.branches.show.recent,com.intellij.vcs.git.branch.popup.GitBranchesTreePopupShowRecentBranchesAction,branch,显示最近检出分支,reflog (数据已具备),RebasedDialogs.swift: RebasedBranchesPopover / MultiRootBranchesPopover RECENT,completed,reflog 去重后可直接 checkout,-,tests/reflog.rs,多 root snapshot 也按 root 读取 recent_branches
git.branches.group.by.directory,com.intellij.vcs.git.branch.popup.GitBranchesTreePopupGroupByDirectoryAction,branch,分支按目录分组,N/A,RebasedDialogs.swift: RebasedBranchesPopover / MultiRootBranchesPopover prefix tree + remote group actions + LogSidebar.swift: LogBranchesPanel groupByDirectory,verified-partial,Branches Popup 的 local/remote/recent/tag 现在按 branch prefix 展示层级，默认开启并按 project path 持久化；configured remote group（含无 tracking branch 的 remote）按 root 展示并支持 Edit/Remove/多选 Remove/Configure；目录节点支持展开/折叠且按 section/root/remote 隔离；Log 分支 dashboard 的 local/remote 也使用 prefix tree，并以独立 key 持久化折叠状态；搜索支持大小写/变音符号不敏感、分词候选、组件前缀和模糊子序列，最佳匹配、上下键/回车导航和折叠叶节点排除已接入；多 root Log 已按 rootPath 复用过滤/导航并在刷新时清理失效 root,仍未完全复用 IntelliJ 的全部 tree action-group/selection semantics，跨 root 写操作统一聚合与更多 UI automation 仍缺,ArborTests/HostingProviderTests.swift::GitBranchesPopupSettingsTests + BranchDirectoryTreeTests,分组、折叠、搜索匹配、remote group action 和键盘候选交互已补齐；完整 action group、跨 root 聚合状态仍缺
git.branches.popup.filter.by.action,com.intellij.vcs.git.branch.popup.GitBranchesTreePopupFilterByAction,branch,分支弹窗按动作过滤,N/A,RebasedDialogs.swift: RebasedBranchesPopover / MultiRootBranchesPopover BranchPopupActionID + BranchPopupOperationActionID + Filter by Actions,verified-partial,默认开启并按标准化 project path 持久化；按 Git.Branches.List 将进行中 rebase/merge/cherry-pick/revert action group、Commit Changes…、New Branch… 与 Checkout Tag or Revision… 加入动作区和 speed-search/上下键/回车候选；关闭过滤时动作节点仍显示且可点击，但不参与动作键盘候选；多 root operation action 按 root 显式路由，Cherry-pick 冲突隐藏 Continue；fresh/unborn repository 的 New Branch 保持可见但禁用并显示原因；其它 action 的细粒度 disabled presentation、完整 DataContext/selection semantics 与原生 action update lifecycle 仍缺,ArborTests/CompareSelectionTests.swift::testBranchPopupActionSpeedSearchMatchesOnlyEnabledActionFilter + ArborTests/CompareSelectionTests.swift::testBranchPopupOperationActionsMatchIntelliJGroupsAndConflictVisibility + ArborTests/CompareSelectionTests.swift::testBranchPopupNewBranchActionIsVisibleButDisabledForUnbornRepositories + ArborTests/CompareSelectionTests.swift::testBranchPopupCommitActionRequiresChangesAndExplainsDisabledState + ArborTests/HostingProviderTests.swift::GitBranchesPopupSettingsTests,设置隔离、动作搜索匹配、关闭过滤显示语义、操作组映射、fresh repository disabled presentation、无变更 disabled presentation 与冲突可见性已覆盖,对齐 GitBranchesTreePopupFilterByAction 与 Git.Ongoing.Rebase.Actions
git.branches.popup.filter.by.repository,com.intellij.vcs.git.branch.popup.GitBranchesTreePopupFilterByRepositoryAction,branch,分支按仓库过滤,N/A,MultiRootBranchesPopover repository nodes + root-scoped filter,verified-partial,多 root 数据源按 root 保持边界；Filter by Repository 开启时，仓库名称与 project-relative path 会进入 speed-search 结果，并参与上下键/回车导航；点击或回车仓库节点会收窄到对应 root，顶部提供清除范围入口；仍保留按标准化 project path 的设置持久化,完整 IntelliJ repository node 的嵌套 popup/DataContext action lifecycle、Log dashboard 复用与 UI automation 仍缺,ArborTests/CompareSelectionTests.swift::testMultiRootBranchRepositorySearchMatchesNameAndRelativePath + testMultiRootRepositoryTargetParticipatesInKeyboardSelection + ArborTests/HostingProviderTests.swift::GitBranchesPopupSettingsTests,仓库节点搜索、路径匹配、root scope 和键盘首选目标已覆盖；仍未宣称原生嵌套 popup/action lifecycle
Git.Log.Branches.Change.Branch.Filter,git4idea.ui.branch.dashboard.BranchesDashboardActions$UpdateBranchFilterInLogAction,history,按分支过滤日志,log_filtered(start) / log_filtered_with_message_and_date_options_for_revisions,LogSidebar.swift: 多选分支选择器+输入 revision/range + LogBranchesPanel,completed,按多个 branch/revision heads 的可达历史并集过滤日志；支持 commit/tag/revision 与 A..B（Git ^ends tips）范围；清空回到全 refs；Branches dashboard 搜索支持 speed-search-like 匹配、最佳匹配选中、上下键/回车导航并可跳转当前 root 的最新提交；多 root dashboard 选中 root 后按 rootPath 复用同一过滤/导航入口；本轮新增 Cmd 多选不同 root 分支的 root-scoped 聚合历史、root-qualified commit selection 与按 commit root 路由 Changes Browser,-,tests/log_filter.rs::filters_by_author_since_and_start_revision + multiple_branch_heads_filter_to_their_reachable_history_union + revision_range_filter_excludes_the_left_end + ArborTests/HostingProviderTests.swift::BranchDirectoryTreeTests + ArborTests/ReflogSelectionTests.swift::testRootQualifiedIdentityKeepsEqualObjectIDsInSeparateHistories,当前 root 与 root-aware multi-root 入口已接入；IntelliJ 完整 tree action-group enablement、跨 root 写操作统一聚合与 UI automation 仍缺
Git.Log.Branches.Navigate.Log.To.Selected.Branch,git4idea.ui.branch.dashboard.BranchesDashboardActions$NavigateLogToSelectedBranchAction,history,跳转到所选分支最新提交,log_filtered(start_rev),LogSidebar.swift: LogBranchesPanel Navigate + MultiRootLogBranchesPanel,verified-partial,按分支过滤并精确解析所属 root 的 branch HEAD；异步加载后按完整 commit id 恢复选择，不再依赖日志第一页首行；搜索最佳匹配、上下键与 Enter 复用同一 Navigate 入口,分页/无效 branch -> logError；多 root 按所属 rootPath 打开对应 Log、比较和提交详情；过滤后 HEAD 不可见时保留首个可见提交回退；仍缺完整 action-group enablement,ArborTests/CompareSelectionTests.swift::testLogNavigationPrefersExactBranchHeadOverFirstVisibleCommit + xcodebuild test + ./script/build_and_run.sh --verify,当前 root 与 root-aware multi-root dashboard 已接入；原生 action lifecycle/UI automation 仍 partial
Git.Log.Hide.Branches,git4idea.ui.branch.dashboard.BranchesDashboardActions$HideBranchesAction,history,隐藏分支面板,N/A,N/A,out-of-scope,-,-,-,布局细节
Git.Log.Branches.GroupBy.Repository,git4idea.ui.branch.dashboard.BranchesDashboardActions$GroupBranchByRepositoryAction,history,分支按仓库分组,N/A,LogBranchesPanel local/remote branch data + MultiRootLogBranchesPanel repository/ref-kind grouping toggle,verified-partial,多 root Log dashboard 默认按 repository 展示；关闭 Group by repository 后按 HEAD/LOCAL/REMOTE/TAGS ref-kind 展示并保留 repository context；grouping setting 按 project-scoped GitBranchesPopupSettings 持久化，speed-search-like 搜索/键盘导航、root-aware filter/navigation 与 root-qualified action routing 保持不变,Arbor 的 ref-kind 展示仍以 root-qualified rows 保守保留同名 refs，未完全复用 IntelliJ shared RefInfo/repository selection；完整 action-group/DataContext/UI automation 仍 partial,ArborTests/CompareSelectionTests.swift::testLogBranchesRepositoryGroupingOnlyAppliesToMultiRootDashboard + existing BranchDirectoryTreeTests + focused/full xcodebuild test,对齐 GroupBranchByRepositoryAction 的多 root 可见性与 project-scoped 持久化切换；不改变 Git ref 或 action 的 root 边界
Git.Log.Branches.GroupBy.Directory,git4idea.ui.branch.dashboard.BranchesDashboardActions$GroupBranchByDirectoryAction,history,日志分支按目录分组,N/A,LogSidebar.swift: LogBranchesPanel + MultiRootLogBranchesPanel prefix tree,verified-partial,单 root 与 multi-root Log 分支树均按 ref 名称的目录前缀分组；设置与 Branches Popup 共用 project-scoped GitBranchesPopupSettings，默认开启；切换项目、重建 workspace 或重新进入 Log 面板都会恢复对应项目值，目录折叠状态按 root/project 隔离,IntelliJ 原生 action-group/DataContext、repository tree lifecycle 和 UI automation 仍 partial,ArborTests/HostingProviderTests.swift::GitBranchesPopupSettingsTests::testPopupSettingsAreProjectScopedAndUseIntelliJDefaults + BranchDirectoryTreeTests + focused xcodebuild test,覆盖 Git.Log.Branches.GroupBy.Directory 的用户可见分组与项目边界，不引入全局跨项目状态
src incoming/outgoing status,git4idea.branch.GitBranchIncomingOutgoingManager,branch,ahead/behind 同步指示,sync_status,RebasedWorkspaceViews.swift: RebasedStatusBar ↑↓ 徽标 + popover 同步徽标,completed,展示 ahead/behind/upstream,无 tracking -> Missing upstream 徽标,tests/sync_status.rs,补充行
Git.AutoFetch.IncomingChanges,git4idea.branch.GitBranchIncomingOutgoingManager,branch,自动 Fetch 传入变更,fetchWithAuthAndCancel + remoteIncomingBranchesWithAuthAndCancel,RepositoryIndexRevisionMonitor.swift: GitAutoFetchMonitor + DiagnosticsLogger.swift: Git Incoming Changes + ProjectGitIncomingChangesSettingsView,verified-partial,"项目/策略启用时立即执行第一次检查，之后默认每 20 分钟按所有 Git root 的所有 remote 执行 broker-backed、可取消的 FETCH 或 LS_REMOTE；全局 Git Settings 作为回退，项目级策略按标准化 project path 隔离；间隔对齐 IntelliJ git.update.incoming.info.time Registry，并支持 Arbor 内部 interval key 覆盖；FETCH 更新 remote-tracking refs，LS_REMOTE 只比较配置 upstream 的 live remote tip 并提示未 Fetch 分支；root 初始化、remote 枚举或 remote 传输失败进入统一失败反馈，无 remote 的 root 保持静默；手动 Fetch 成功后的建议计数与 Do Not Ask Again 也按项目保存；本轮新增 retry generation、root/remote 结果稳定排序去重、项目 notification ID 应用内分组、macOS UserNotifications replacement、Fetch All/Retry/Enable/Do Not Ask Again action，Fetch All 覆盖全部 Git roots；四类 AutoFetch action 现在携带 project/root/root-scope Codable semantic request 并可跨 Operation Log/macOS 通知重启恢复",root 初始化/remote 枚举失败 -> 进入失败反馈；无 remote -> 静默；任一 root/remote 失败仍保留其它结果,tests/remote_refs.rs::ls_remote_incoming_check_detects_unfetched_upstream_without_refreshing_refs + ArborTests/CompareSelectionTests.swift::testProjectIncomingStrategyOverridesOnlyItsProjectAndCanInheritGlobal + testFeedbackNotificationIDUpdatesOneGroupedHistoryEntry + testAutoFetchNotificationFingerprintGroupsAndSortsValues + testAutoFetchStartsImmediatelyThenUsesIntelliJTwentyMinuteCadence + testAutoFetchScheduleUsesPositiveInternalIntervalAndFallsBackForInvalidValues + testAutoFetchRootFailureIncludesRootAndPreparationStage + testAutoFetchRootPathsIncludePrimaryAndDiscoveredRootsExactlyOnce + testNativeNotificationActionTitlesRouteToVCSActions + testAutoFetchRecoveryActionRequestRoundTripsRootScope + testFeedbackHistoryRestoresAutoFetchActionAcrossReload,"仍缺完整 VcsNotifier permission/banner 生命周期与专门 timer/multi-root UI 测试"
Arbor.Current.AutoFetch.BackgroundAuthenticationModes.2026-08-27,current verification override,branch,Auto Fetch 后台 NONE/SILENT 认证模式,fetch_with_options_without_auth_and_cancel + fetch_with_options_and_silent_auth_and_cancel + remote_incoming_branches_without_auth_and_cancel + remote_incoming_branches_with_silent_auth_and_cancel,auth.rs: CredentialBroker allowInteraction + successful remote marker; repo.rs: RemoteAuthMode; RepositoryIndexRevisionMonitor.swift: GitAutoFetchMonitor,verified-partial,"首次 remote 检查使用 NONE（credential.helper= 与 GIT_TERMINAL_PROMPT=0），broker 已成功认证的 remote 使用 SILENT；静默缺失凭证不显示 UI、不分类为用户取消且不重试；显式 Fetch/Pull/Push/Clone 仍保持 Interactive",原生 VcsNotifier permission/banner 生命周期、真实 agent/helper 来源观测和 timer/multi-root UI automation 仍 partial,tests/auth.rs::silent_auth_never_classifies_missing_credential_as_user_cancel + tests/auth.rs::wrong_credentials_retry_then_success + cargo test + xcodebuild test + script/build_and_run.sh --verify,参考 GitBranchIncomingOutgoingManager 的 AuthenticationMode.NONE/SILENT 选择；该 override 只收口后台 transport/auth 行为，不把整项 Auto Fetch 的 native lifecycle 宣称完成
src branch compare all,git4idea.branch (branch_compare_all),branch,全部本地分支双向比较,branch_compare_all,RebasedDialogs.swift: popover comparisons 徽标,completed,一次图遍历比较全部分支,-,tests/branch_compare.rs::compares_all_local_branches_in_one_graph_walk,补充行
Git.Merge,git4idea.actions.GitMerge,merge,合并分支到当前分支,"merge_with_settings(branch, options) + merge_with_settings_and_policy(branch, options, save_policy) + run_multi_root_merge_with_policy",RebasedDialogs.swift: RebasedMergeDialog + RebasedMultiRootMergeDialog,verified-partial,默认 fast-forward；支持 fast-forward-only/no-ff/squash、custom message、no-commit、no-verify、allow-unrelated-histories 与冲突后完成；覆盖错误展示 affected paths 后提供 IntelliJ 风格 Smart/Cancel 决策（Merge 不显示 Force），按设置选择 Stash/Shelf，Continue/Abort 后自动恢复，恢复冲突进入统一工作台；单 root 与 multi-root 已提供 IntelliJ 风格 Modify options popup，按项目记忆策略与选项并按兼容矩阵禁用冲突项，且同一参数集贯穿每个 root；干净完成或冲突解决后的非保护本地源分支按 Git Settings 的 DELETE/PROPOSE/NOTHING 策略处理，PROPOSE 使用独立稳定通知 id 并在删除后清理陈旧 semantic action，远程/保护/revision-only 场景保留；跨 root 选择同名本地分支，按 root 保存/恢复，冲突继续后续 root、致命失败停止并提供回滚成功 root / 保留部分结果；rollback 结果现在按 root 持久化为 Operation Log result tree,跨 root atomic rollback 不属于 IntelliJ GitMergeOperation 语义；native VcsNotifier/DataContext lifecycle 与 UI automation 仍缺,tests/merge.rs::merge_settings_* + tests/multi_root.rs::multi_root_merge_* + merge.rs::smart_merge_classifies_overwrite_and_restores_stashed_changes + multi_root.rs::multi_root_smart_merge_preserves_each_root_independently + ArborTests/OperationRecoveryTests + ArborTests/HostingProviderTests.swift::GitDeleteOnMergeOptionTests + ArborTests/CompareSelectionTests.swift::testMergeOptionsMirrorIntelliJCompatibilityMatrix + testMergeDialogSettingsAreProjectScopedAndRoundTrip + ArborTests/CompareSelectionTests.swift::testMultiRootMergeDeleteNotificationExpiresAfterAction + ArborTests/CompareSelectionTests.swift::testMultiRootMergeRollbackResultRowsPersistAcrossReload,设置策略、Smart affected-path decision、跨 root unified PROPOSE confirmation、root-qualified rollback/delete semantic action 与 rollback result tree 已接入；native lifecycle 仍 partial
(GitMergeRefAction),git4idea.actions.ref.GitMergeRefAction,merge,合并指定 ref 到当前,"merge_with_settings(branch, options) + run_multi_root_merge",RebasedBranchesPopover / MultiRootBranchesPopover Merge into Current… / Merge in Repositories…,verified-partial,单 root 与 multi-root 对话框支持 strategy/custom message/no-commit/no-verify/allow-unrelated-histories，并提供按项目记忆、按兼容矩阵禁用冲突项的 Modify options popup，选项贯穿每个 root；干净完成或冲突解决后的非保护本地源分支按 Git Settings 的 DELETE/PROPOSE/NOTHING 策略处理，PROPOSE 使用独立稳定通知 id 并在删除后清理陈旧 semantic action；同名本地分支可选择多个 root，冲突继续、致命失败停止，并提供成功 root 回滚；PROPOSE 跨 root 统一一次确认，rollback action 与结果树按 root 持久化,跨 root atomic rollback 不属于 IntelliJ GitMergeOperation 语义；native notification/action history lifecycle 与 UI automation 仍缺,tests/merge.rs::merge_settings_* + tests/multi_root.rs::multi_root_merge_* + ArborTests/OperationRecoveryTests + ArborTests/HostingProviderTests.swift::GitDeleteOnMergeOptionTests + ArborTests/CompareSelectionTests.swift::testMergeOptionsMirrorIntelliJCompatibilityMatrix + testMultiRootMergeDeleteNotificationExpiresAfterAction + ArborTests/CompareSelectionTests.swift::testMultiRootMergeRollbackResultRowsPersistAcrossReload,已补跨 root Merge 聚合、三种 Delete-on-Merge 策略、统一确认、持久化 rollback action 与 rollback result tree；partial 仅保留 native lifecycle/UI automation
Git.Merge.Commit,git4idea.actions.GitMergeCommitAction,merge,完成合并 (生成 merge commit),finish_merge(message) + conflict_workspace + accept_conflict/reset_conflict,RebasedWorkspaceViews.swift Complete Merge + MergeRevisionsDialogView (统一冲突工作台:四类操作进入),completed,两父提交落库;accept ours/theirs/both;mark resolved;reset 重建现场;外部 merge tool 可从冲突文件入口调用,存在未解决冲突 -> 完成按钮禁用;二进制冲突专用面板仅提供按原始字节 Accept Ours/Theirs,tests/merge.rs + tests/conflict_workspace.rs,CONFLICT-001 已接入;通知/撤销语义仍是恢复链路长尾
Git.Merge.Abort,git4idea.actions.GitAbortOperationAction$Merge,merge,中止合并并复位,merge_abort + merge_continue (引擎自管 + MERGE_HEAD 双路径),RebasedWorkspaceViews.swift: OperationRecoveryBar -> Abort,verified-partial,engine:run_recovery --abort/--continue;MERGE_HEAD 走 git merge --abort;Abort 前显示 operation/repository warning confirmation,失败保留状态可改选 continue,tests/opstate.rs (system merge abort/continue/engine abort) + ArborTests/OperationRecoveryTests::testOperationAbortConfirmationNamesEveryGitOperation,UI 已接线；恢复栏可直达冲突文件；Continue/Abort/Open Recovery 反馈 action 现在携带 Codable project/root 语义并按 root 稳定分组；VcsNotifier 四组、stable display ID replacement/expire 与 important recovery group 已接入，原生 permission/banner/UI automation 仍缺
Git.ResolveConflicts,git4idea.actions.GitResolveConflictsAction,conflicts,冲突解决入口,conflict_workspace / resolve / resolve_edited / open_external_merge_tool,ContentView.swift: MergeRevisionsDialogView + ConflictDetailView (点击冲突文件自动路由; binary 走专用 Accept Ours/Theirs 面板;冲突列表支持 Cmd/Shift 多选批量 Accept Ours/Theirs;External Tool 运行 Git 配置的 mergetool),completed,文本冲突三栏编辑+块级接受;二进制冲突不伪装成 UTF-8 文本;批量动作按路径稳定顺序执行并保留首个失败后的部分结果;外部工具退出后重扫 index stages,冲突工作台读取失败/路径消失/未配置工具/外部工具失败 -> 错误展示,tests/merge.rs + tests/conflict_workspace.rs::binary_conflict_flagged_with_no_blocks + external_merge_tool_resolves_and_rescans_index + external_merge_tool_failure_reports_remaining_conflict + ArborTests/CompareSelectionTests,
Git.ChangesView.Merge,git4idea.merge.GitMergeConflictAction,conflicts,变更视图逐文件合并编辑,conflict_workspace + resolve,ContentView.swift: ConflictDetailView (文本三栏; binary 专用 Accept Ours/Theirs),completed,文本冲突三栏+块级接受;二进制冲突不进入文本编辑器,冲突工作台读取失败 -> 错误展示,tests/merge.rs + tests/conflict_workspace.rs::binary_attribute_conflict_flagged_without_nul_bytes,
Git.ChangesView.AcceptTheirs,git4idea.merge.GitAcceptTheirsAction,conflicts,全部接受对方 (theirs),resolve(全 theirs) -> MergeOutcome / accept_conflict(FilePick::Theirs),ConflictDetailView: 全部接受远程; 块级 远程/两者; MergeRevisionsDialogView 支持 Cmd/Shift 多选批量 Accept Theirs,completed,块级+全部接受+冲突列表批量接受,未解决完冲突禁止完成;批量部分失败保留已成功结果,tests/merge.rs + ArborTests/CompareSelectionTests,Arbor 额外支持 ours+theirs 合并接受
Git.ChangesView.AcceptYours,git4idea.merge.GitAcceptYoursAction,conflicts,全部接受己方 (ours),resolve(全 ours) / accept_conflict(FilePick::Ours),ConflictDetailView: 全部接受本地; MergeRevisionsDialogView 支持 Cmd/Shift 多选批量 Accept Ours,completed,块级+全部接受+冲突列表批量接受,未解决完冲突禁止完成;批量部分失败保留已成功结果,tests/merge.rs + ArborTests/CompareSelectionTests,
Git.RevertResolved,git4idea.actions.GitRevertResolvedAction,conflicts,撤销已解决标记 (回冲突态),revert_resolved_conflict + reset_conflict,ArborApp.swift: VCS > Git Revert Resolved (selected resolved path) + RebasedCommitWorkspace resolved conflict toolbar menu + MergeRevisionsDialogView RESOLVED list,verified-partial,当前操作中已解决文件持久化后确认回到 unmerged index/stage 1/2/3 与冲突 marker；主菜单仅在当前明确选中的路径属于 resolved ledger 时启用,无 resolved ledger/非当前操作路径/裸仓库 -> EngineError + FeedbackCenter；原生 DataContext 多选与 VcsNotifier/UI automation 仍 partial,tests/conflict_workspace.rs::revert_resolved_restores_conflict_and_survives_reopen + revert_resolved_restores_cherry_pick_and_revert_conflicts + revert_resolved_only_reopens_selected_path + revert_resolved_restores_engine_rebase_conflict + ArborTests/CompareSelectionTests.swift::testVCSActionContextMatchesGitMenuEnablement,支持 merge/cherry-pick/revert/system rebase/engine rebase；批量/独立入口与冲突工作台均接线
main.toolbar.git.MergeRebase,git4idea.ui.toolbar.GitMergeRebaseWidget,merge,"merge/rebase 进行中状态 widget",operation_state() -> OperationState,"RebasedWorkspaceViews.swift: GitMergeRebaseWidget + OperationRecoveryBar",verified-partial,"项目主工具栏在 Commit、Log、Branches 等工作区持续显示 root-aware 操作入口；当前 root 可 Continue/Skip/Abort/Resolve Conflicts/Revert Resolved，secondary root 先打开该 root 的 Recovery context","非当前 root 不在错误 Repository 上直接执行；原生 action-group/DataContext/VcsNotifier 生命周期与 UI automation 仍缺",tests/opstate.rs + ArborTests/CompareSelectionTests.swift::testGitMergeRebaseWidgetItemsPreferLiveCurrentRootState + testGitMergeRebaseWidgetItemsRemoveStaleCurrentSnapshotState,"对照 GitMergeRebaseWidget；SwiftUI widget 复用现有恢复状态机"
registry git.merge.conflicts.toolwindow,registry,conflicts,独立冲突工具窗,N/A,ContentView.swift: conflictResolverOverlays + MergeRevisionsDialogView 非模态右侧面板,completed,单 root 与 multi-root 均可关闭面板而不改变进行中的 operation 或 Shelf/Stash restore；可从操作栏或冲突通知 action 重新打开同一 resolver queue,-,tests/merge.rs,跨 root 原子回滚、完整撤销/通知历史和 toolwindow 偏好持久化仍缺
Git.Interactive.Rebase,git4idea.rebase.GitInteractiveRebaseAction,rebase,交互式 rebase todo 编辑,rebase_todo / rebase_todo_with_options (显式模型+autosquash 预览) + rebase_with_todo (顺序=拓扑),RebasedDialogs.swift: RebaseTodoEditorView (action 菜单/排序/批量/打开时 snapshot Reset；结构化 todo 的多选移动按 commit identity 逐行上/下移并保持原 selection，Squash/Fixup 按 IntelliJ unite 语义将非连续选择重排为一个 group，单选吸附到前一个 kept root；结构化 squash 行可编辑最终合并提交的完整消息，留空保持默认拼接；单 root structured todo 提供最多 10 个状态 Undo/Redo，连续 message 编辑合并为一次历史操作；merge-preserving 时 merge root 只显示 pick/reword、merge anchor 固定且同一 native branch segment 的 non-merge 行可重排，跨边界由 UI/helper fail-closed；重排 preserve-merges 行后结构化动作收窄为 pick/reword/edit/drop，避免静态 ancestry 能力误导) + MultiRootRebaseTodoEditorView (每 root 独立选择/移动、Reset 与 Undo/Redo history) + RebasedRebaseDialog (交互模式开关、root 模式可省略 onto，rebase options 按 project path 持久化) + LogGraphView 右键 Interactive Rebase from Here…,verified-partial,按 todo 顺序与 action 重放；选中 merge commit 时按第一个 parent 作为 upstream，preserve-merges todo 按 native 拓扑展示 non-merge 与 merge 行，Git label/reset/merge 控制由 system rebase 保留；root 模式允许空 onto 生成完整 root range，并可选使用 --onto 新基址；结构化执行前校验完整 native row 集合、merge-row 标记和固定 anchor，merge root 允许 pick/reword 而子拓扑仍由 Git 控制，并按 commit id 将编辑后的 branch-segment non-merge order 回写到 native pick slots，同一 branch segment 的连续 squash/fixup 可执行，结构化 squash 消息贯穿线性、root、native --rebase-merges、multi-root 与暂停状态序列化，选择性 unite 仅对非 merge structured rows 开放，前驱 drop 或跨控制行组合由结构化 API fail-closed；非交互模式绕过 todo 编辑器并直接执行 Git 原生 rebase 选项；多 root 各自携带 Shelve/Stash 保存策略，冲突暂停进冲突工作台并支持 root-scoped Stage-and-Retry，部分完成可从持久化通知 Rollback/Keep Partial，全量完成后提供 expected-HEAD 保护 Undo；这些 action 携带 session/expected-HEAD 上下文并通过稳定通知 ID 跨重启恢复；merge descendant 的完整控制行编辑、root 专用交互、完整通知分组和更广的 merge-topology action 语义仍缺,missing/duplicate/out-of-range/foreign todo IDs and edit-amend-continue are implemented and covered; structured table keeps merge descendant control rows in Git's Native Todo editor; native notification grouping and UI automation remain V1 host-bound,tests/rebase_todo.rs::todo_validation_rejects_wrong_sets + tests/rebase.rs::rebase_edit_amend_then_continue_reuses_amended_commit + ArborTests/ReflogSelectionTests.swift::testRebaseEditPauseAllowsAmendOnlyWithoutConflicts + existing preserve-merges tests,REBASE-001 已接入
Git.Rebase,git4idea.actions.GitRebase,rebase,Rebase 主 action 的 update/presentation boundary,operation_state + all discovered root operation states + multi-root rebase session,ArborApp.swift: ProjectCommands + ContentView.swift: ArborVCSActionContext + WorkspaceOperations.swift: loadMultiRoots,verified-partial,"干净仓库保留 Rebase… 入口；当前 root 或已发现 secondary root 进入 rebase operation state，或项目存在 multi-root rebase session 时，菜单项隐藏且 action 逻辑拒绝重复进入；所有 root 都处于其它进行中 operation 时入口保留但禁用","secondary-root state 的刷新时序、原生 ActionUpdateThread/DataContext lifecycle 与 UI automation 仍为 partial",ArborTests/CompareSelectionTests.swift::testVCSActionContextMatchesGitMenuEnablement + focused/full xcodebuild test + script/build_and_run.sh --verify,对齐参考 GitRebase.update() 的 project-wide presentation/enablement 边界
Git.Rebase.Continue,git4idea.actions.GitRebaseContinue,rebase,继续暂停的 rebase,rebase_continue,RebasedCommitWorkspace 横幅 Continue + MergeRevisionsDialogView Continue Rebase,completed,冲突解决后继续重放；单 root 从 edit/conflict 暂停经 Continue 或 Stage-and-Retry 完成后生成 expected-HEAD 保护的 Undo；主 Rebase、Log todo、autosquash、Checkout with Rebase 和 Rebase Current in Root 入口持久化 root-scoped pause seed，重启后由 semantic action 打开 recovery workbench,可再次暂停 (edit/conflict),tests/rebase.rs::rebase_conflict_pauses_resolves_and_continues + ArborTests/CompareSelectionTests.swift::testRebaseUndoTargetAfterContinueKeepsExpectedHeadSafetyBoundary + testRebaseUndoSeedCodableRoundTripsRecoveryBoundary + testRebaseRecoveryActionRequestRoundTripsBranchContext,
Git.Rebase.Abort,git4idea.actions.GitRebaseAbort,rebase,中止 rebase 并复原,rebase_abort,RebasedCommitWorkspace 横幅 Abort + MergeRevisionsDialogView Abort,completed,恢复原分支树,-,tests/rebase.rs::rebase_edit_abort_restores,
Git.Rebase.Skip,git4idea.actions.GitRebaseSkip,rebase,跳过当前提交继续 rebase,rebase_skip,RebasedWorkspaceViews.swift: OperationRecoveryBar -> Skip,verified-partial,跳过当前提交并继续,失败保留暂停状态,tests/opstate.rs + ArborTests/OperationRecoveryTests,UI 与引擎已接线；恢复栏展示原分支/onto/backend/步骤与冲突文件；Skip/Continue/Abort/Open Recovery 反馈 action 现在携带 Codable project/root 语义并按 root 稳定分组；完整 rebase dialog/通知语义仍缺
Arbor.Current.Merge.Validation.2026-08-21,current verification override,merge,Merge dialog rejects already merged local branches,branch_list_merged + mergeBranchIsAlreadyMerged,RebasedDialogs.swift: RebasedMergeDialog + ContentView.swift: openMergeDialog + WorkspaceOperations.swift: runMerge,verified-partial,参考 GitMergeDialog.validateBranchField：已合并本地分支显示提示并禁用 Merge；执行前再次读取当前 HEAD 的已合并分支集合；commit/revision 输入保持可用,跨 root unified notification/action history 与 UI automation 仍缺,ArborTests/CompareSelectionTests.swift::testMergeDialogRejectsAlreadyMergedLocalBranchesButAllowsRevisions,Current verification override for IntelliJ already-merged branch validation
Arbor.Current.RootInteractiveRebase.2026-08-21,current verification override,rebase,Log 根提交进入 interactive todo,rebase_root_todo + rebase_root_with_todo_and_policy,WorkspaceOperations.swift: interactiveRebaseFromLog + RebaseTodoEditorView,verified-partial,根提交不再因无 upstream 被禁用；真正 git rebase -i --root 支持 root todo 的 pick/reword/edit/squash/fixup/drop、线性重排与 root reword；Log root Reword 遇到 merge descendant 时通过 preserve-merges root todo 保留 merge topology；root commit、最终顺序和工作区清洁有回归测试,merge descendant 的完整 --rebase-merges 控制行编辑、通知/撤销长尾和 UI automation 仍缺,tests/rebase_todo.rs::root_todo_includes_root_and_honors_reorder_and_reword + tests/rebase_merges.rs::root_merge_preserving_todo_rewords_root_and_keeps_merge_descendant + ArborTests/CompareSelectionTests.swift::testPreparedRootRewordTodoChangesOnlySelectedRootAndPreservesMergeRows,Current verification override for the root interactive todo slice
Git.Reword.Commit,git4idea.rebase.GitRewordAction,rebase,改写提交信息,reword via rebase_with_options; amend(HEAD) 直接路径,LogGraphView.swift + LogSidebar.swift: HEAD -> LogRewordDialogView -> reword_head(--amend --only); non-HEAD root -> linear rewordRootCommit or merge-preserving rebaseRootTodo; other single/multi-select -> RebaseTodoEditorView,verified-partial,HEAD 直接改写完整消息且不消费 staged 变更；HEAD merge 保留双父；非 HEAD root 在线性历史中按 --root 语义重建并保留 descendants，含 merge descendant 时改用 preserve-merges root todo 只改写选中 root 行并保留 merge topology；改写前校验当前 HEAD 线与已发布 protected remote；Log 菜单按 IntelliJ 规则禁用非 HEAD merge 的 Reword 及 merge 的 Squash/Fixup/Drop；其他单提交与多选线性提交进入可取消 todo,-,tests/rebase.rs + tests/staging.rs::reword_head_does_not_include_staged_changes + reword_head_preserves_merge_parents + reword_non_head_root_rebuilds_linear_history + reword_undo_restores_head_without_touching_local_scene + ArborTests/CompareSelectionTests.swift::testPreparedRootRewordTodoChangesOnlySelectedRootAndPreservesMergeRows,跨 root 原子通知/撤销和更广泛 in-memory 细节仍待对齐；HEAD/Root Reword 成功通知的 expected-state Undo 已补齐
Git.Squash.Commits,git4idea.rebase.log.squash.GitSquashLogAction,rebase,压缩多个提交,squash via rebase_with_options,LogGraphView.swift + WorkspaceOperations.swift: multi-select -> IntelliJ unite-style reorder -> LogSquashDialogView -> reword+fixup todo,verified-partial,先编辑完整合并消息；非连续选择按首个选中提交成组并保留选中历史顺序；现在按 Git 可达性求唯一共同最老选中提交作为 rebase 起点，反序选择不再遗漏旧提交；选中初始提交时先 Continue/Cancel，再使用真正的 rebase --root todo；首条 reword 后续 fixup 重放为一个提交,-,tests/rebase.rs::rebase_reword_then_fixup_uses_custom_squash_message + tests/rebase_todo.rs::reordered_non_contiguous_squash_group_replays_unselected_commits_after_group + ArborTests/CompareSelectionTests.swift::testBatchRewriteFindsOldestSelectedCommitForReverseNonContiguousSelection + testBatchRewriteFindsInitialCommitAsRootOfSelectedRange,冲突恢复、完整通知/撤销与更多 in-memory 细节仍待对齐
Git.Drop.Commits,git4idea.rebase.log.drop.GitDropLogAction,rebase,删除单/多个提交,drop_selected_commits_with_policy + drop_selected_commits_native_with_policy_and_cancel,LogGraphView.swift + WorkspaceOperations.swift: single/multi selection + configurable confirmation + direct Drop,verified-partial,"单 repository 的当前 checked-out 线性历史直接执行显式 drop todo；支持 branch 与 detached HEAD；初始提交通过 Continue/Cancel 后使用 root todo；Confirm Drop Commits 默认开启且可持久化关闭；默认开启的 in-memory commit editing 开关优先走对象级 drop，冲突会 abort 后用同一已验证计划重放 native structured drop；native 再次冲突保留恢复状态；保护分支、merge、分支外提交 fail-closed（与参考 fork 的 checkHeadLinearHistory / single-root 约束一致）；按配置保存/恢复本地现场；成功 Undo 携带 expected HEAD/branch/initial HEAD，可从 Operation Log/native notification 重载并执行 CAS 校验","默认关闭的 git.in.memory.interactive.rebase.debug.notify.errors registry、完整 VcsNotifier grouping/UI automation 仍缺；merge-preserving/multi-root 不是该 IntelliJ action 的支持语义",Arbor/WorkspaceOperations.swift + arbor-engine/tests/log_drop_commits.rs::drops_the_root_commit_with_root_rebase + drops_a_commit_from_detached_head + native_drop_retry_can_follow_an_aborted_in_memory_conflict + Arbor/BeforeCommitSettingsView.swift + Arbor/ArborTests/CompareSelectionTests.swift::testInMemoryCommitEditingSettingDefaultsOnAndPersistsOverride,直接 Drop 已与 interactive rebase 共用 registry 分流与保存现场边界
Git.Fixup.To.Commit,git4idea.rebase.GitCommitFixupBySubjectAction,rebase,fixup 到目标提交 (fixup! 前缀+autosquash),commit + rebase_with_advanced_options_and_policy_and_cancel (native --autosquash),LogGraphView.swift + WorkspaceOperations.swift: Create Fixup Commit + Commit and Rebase,verified-partial,生成 fixup! 消息；普通提交保留；Commit and Rebase 在提交后工作区干净时校验 target/range 后执行 native `git rebase -i --autosquash`，冲突进入统一恢复栏；root target 传递 `--root`；剩余局部改动会跳过自动 rebase 以避免覆盖；merge target 按 IntelliJ 规则明确拒绝，完整 control-line 编辑仍缺,-,tests/autosquash.rs::native_autosquash_matches_commit_and_rebase_executor + tests/autosquash.rs::native_autosquash_root_matches_commit_and_rebase_executor + tests/rebase_merges.rs::preserve_merges_autosquash_collapses_side_branch_fixup,仍缺 Commit Executor/DialogWrapper/VcsNotifier/DataContext 生命周期、完整 control-line 编辑和 UI automation
Git.Squash.Into.Commit,git4idea.rebase.GitCommitSquashBySubjectAction,rebase,压缩进目标提交,commit + rebase_with_advanced_options_and_policy_and_cancel (native --autosquash),LogGraphView.swift + WorkspaceOperations.swift: Create Squash Commit + Commit and Rebase,verified-partial,生成 squash! 消息；普通提交保留；Commit and Rebase 在提交后工作区干净时校验 target/range 后执行 native `git rebase -i --autosquash`，冲突进入统一恢复栏；root target 传递 `--root`；剩余局部改动会跳过自动 rebase 以避免覆盖；merge target 按 IntelliJ 规则明确拒绝，完整 control-line 编辑仍缺,-,tests/autosquash.rs::native_autosquash_matches_commit_and_rebase_executor + tests/autosquash.rs::native_autosquash_root_matches_commit_and_rebase_executor + tests/rebase_merges.rs::preserve_merges_autosquash_collapses_side_branch_fixup,仍缺 Commit Executor/DialogWrapper/VcsNotifier/DataContext 生命周期、完整 control-line 编辑和 UI automation
Git.Drop.Selected.Changes,git4idea.rebase.log.changes.GitDropSelectedChangesAction,rebase,丢弃所选提交的部分变更,drop_selected_changes,LogSidebar.swift: Changes browser multi-select + directory-node selection + Drop Selected Changes…,verified-partial,linear non-merge target is rewritten and selected paths restore to parent; directory nodes expand to all visible leaf changes before the action; rename old/new paths and initialized clean submodule gitlinks are restored at their Git boundaries; staged/unstaged/untracked/ignored local scene is preserved with a three-way restore,all-selected/dirty or uninitialized nested worktrees fail closed; restore conflicts keep the stash and durable history-rewrite marker for the root conflict workbench,tests/log_selected_changes.rs + ArborTests/CompareSelectionTests.swift::testLogChangeDirectorySelectionReplacesAndTogglesTheWholeGroup,对象级实现已接入并补齐 IntelliJ preserving local changes 事务；native recovery UI and host lifecycle remain V1-bound
Git.InMemory.Extract.Selected.Changes,git4idea.inMemory.rebase.log.changes.GitExtractSelectedChangesAction,rebase,提取所选提交部分变更,extract_selected_changes,LogSidebar.swift: Changes browser multi-select + directory-node selection + Extract Selected Changes…,verified-partial,linear target becomes remaining-change commit followed by new-message full-tree commit; directory nodes expand to all visible leaf changes before the action; rename old/new paths and initialized clean submodule gitlinks remain in the full extracted commit; staged/unstaged/untracked/ignored local scene is preserved with a three-way restore,all-selected/dirty or uninitialized nested worktrees fail closed; restore conflicts keep the stash and durable history-rewrite marker for the root conflict workbench,tests/log_selected_changes.rs + ArborTests/CompareSelectionTests.swift::testLogChangeDirectorySelectionReplacesAndTogglesTheWholeGroup,对象级 in-memory split 已接入并补齐本地现场保存/恢复；native recovery UI and host lifecycle remain V1-bound
registry git.in.memory.rebase (in-memory rebase),registry,rebase,in-memory rebase 加速开关,rebase_with_todo... + rebase_with_advanced_options_and_policy_and_cancel,DiagnosticsLogger.swift: Git History Editing setting + WorkspaceOperations.swift: backend selection,verified-partial,"structured linear/root todo without EDIT or merge preservation uses the Rust object engine; disabled, EDIT, merge-preserving topology, and detached HEAD use native Git interactive rebase; native mapping covers pick/drop/edit/reword/squash/fixup; an in-memory conflict aborts back to the original HEAD/local scene and retries the complete native todo","direct Drop Selected Commits setting coverage, the default-off git.in.memory.interactive.rebase.debug.notify.errors registry, and native VcsNotifier/DataContext/UI automation remain partial",ArborTests/CompareSelectionTests.swift::testInMemoryCommitEditingSettingDefaultsOnAndPersistsOverride + arbor-engine/tests/rebase_todo.rs::forced_native_current_head_rebase_honors_structured_actions + native_retry_can_follow_an_aborted_in_memory_conflict,global setting defaults enabled and is consumed by the structured Log rebase path; a second native conflict remains in the normal recovery workbench
Git.Revert.In.Log,git4idea.revert.GitRevertAction,other,Revert 提交 (生成反向提交),"revert(commit_id) / revert_many(commit_ids, mainline) / revert_many_with_policy(...)",LogGraphView.swift: Revert Commit + Revert Selected Commits + CommitDetailView.swift: 还原此提交,verified-partial,干净工作区生成反向提交返回新 id;日志多选按 UI 的逆时间顺序交给 Git sequencer;覆盖错误现在发布重要通知并保留 Show Files 与按 Shelf/Stash 策略的 Save and Retry;受影响路径写入 root-scoped recovery marker，跨重启仍可恢复同一动作;按 Stash/Shelf 保存策略执行并在 Continue/Abort 完成后自动恢复;恢复冲突进入统一 stash/Shelf 工作台;root/merge commit 在 UI 禁用,普通失败和跨应用重启均保留 root-scoped Retry semantic action;完整 native VcsNotifier/DataContext 与更完整多 root action 聚合仍 partial,tests/cherry_pick.rs::revert_many_replays_newest_first_and_rejects_merge_without_mainline + tests/cherry_pick.rs::revert_conflict_from_engine_preserves_recoverable_state + apply_operations_classify_overwrite_and_restore_saved_local_changes + Arbor/ArborTests/CompareSelectionTests.swift::testLogApplyRecoveryActionRequestRoundTripsRootAndHeadGuard + testLogApplyRecoverySaveAndRetryContextPreservesGuardsAndAffectedPaths + testLogApplyShowFilesActionRequestRoundTripsAffectedPaths,多提交、覆盖分类、Show Files、Save and Retry、保存/恢复生命周期与立即/重启 Retry 已接入
Git.Revert.Abort,git4idea.actions.GitAbortOperationAction$Revert,other,中止 revert,revert_abort,RebasedWorkspaceViews.swift: OperationRecoveryBar -> Abort,verified-partial,中止日志入口或外部/system git 的 revert 并复位;Abort 前显示 operation/repository warning confirmation,失败保留状态可重试,tests/opstate.rs::revert_state_and_abort + ArborTests/OperationRecoveryTests::testOperationAbortConfirmationNamesEveryGitOperation,Recovery Bar 统一承接 Git REVERT_HEAD；Abort/Continue/Open Recovery 反馈 action 现在携带 Codable project/root 语义并按 root 稳定分组
Git.CherryPick.Continue,git4idea.actions.GitCherryPickContinueAction,other,继续 cherry-pick 序列,cherry_pick_continue / cherry_pick_abort / cherry_pick_many / cherry_pick_many_with_options,RebasedWorkspaceViews.swift: OperationRecoveryBar (operation_state 驱动),verified-partial,解决冲突并 stage 后 continue;Git sequencer 会继续应用日志多选剩余提交;未解决时报错保留状态,日志入口和外部/system git 的 CHERRY_PICK_HEAD 均可达;Abort 前显示 operation/repository warning confirmation,tests/opstate.rs::cherry_pick_state_and_continue + tests/cherry_pick.rs::cherry_pick_many_uses_git_sequencer_for_ordered_commits + cherry_pick_empty_policy_and_published_suffix_follow_options,empty commit 支持 Skip/Create Empty;已发布且从受保护远程分支可达的提交支持标准 -x suffix；Continue/Abort/Open Recovery 反馈 action 现在携带 Codable project/root 语义并按 root 稳定分组；完整通知与更多精确 UI 语义仍待对齐
Git.CherryPick.Abort,git4idea.actions.GitAbortOperationAction$CherryPick,other,中止 cherry-pick,cherry_pick_abort,RebasedWorkspaceViews.swift: OperationRecoveryBar -> Abort,verified-partial,中止日志入口或外部/system git 的 cherry-pick 并复位;Abort 前显示 operation/repository warning confirmation,失败保留状态可重试,tests/opstate.rs::cherry_pick_state_and_abort + ArborTests/OperationRecoveryTests::testOperationAbortConfirmationNamesEveryGitOperation,Recovery Bar 统一承接 Git CHERRY_PICK_HEAD
src GitCherryPicker (cherry-pick),git4idea.cherrypick.GitCherryPicker,other,Cherry-pick 提交,"cherry_pick(commit_id) / cherry_pick_many(commit_ids) / cherry_pick_many_with_options(commit_ids, empty_policy, append_suffix) / cherry_pick_many_with_options_and_policy(...)",LogGraphView.swift: Cherry-pick + multi-selection action + CommitDetailView.swift: Cherry-pick,verified-partial,干净工作区应用提交返回新 id;日志多选按原历史顺序一次交给 Git sequencer;覆盖错误现在发布重要通知并保留 Show Files 与按 Shelf/Stash 策略的 Save and Retry;受影响路径写入 root-scoped recovery marker，跨重启仍可恢复同一动作;按 Stash/Shelf 保存策略执行并在 Continue/Abort 完成后自动恢复;恢复冲突进入统一 stash/Shelf 工作台;冲突保留 CHERRY_PICK_HEAD 并进入统一 Merge Revisions/Continue/Abort,普通失败和跨应用重启均保留 root-scoped Retry semantic action;完整 native VcsNotifier/DataContext 与更完整多 root action 聚合仍 partial,tests/cherry_pick.rs::cherry_pick_success_and_conflict + cherry_pick_many_uses_git_sequencer_for_ordered_commits + cherry_pick_empty_policy_and_published_suffix_follow_options + apply_operations_classify_overwrite_and_restore_saved_local_changes + Arbor/ArborTests/CompareSelectionTests.swift::testLogApplyRecoveryActionRequestRoundTripsRootAndHeadGuard + testLogApplyRecoverySaveAndRetryContextPreservesGuardsAndAffectedPaths + testLogApplyShowFilesActionRequestRoundTripsAffectedPaths,empty commit 支持 Skip/Create Empty；已发布且从受保护远程分支可达的提交支持标准 -x suffix；普通失败的立即 Retry 已接入
Git.Reset,git4idea.actions.GitResetHead,other,Reset Head (soft/mixed/hard/keep),"reset(commit_id, mode) / reset_with_policy(commit_id, mode, save_policy) / reset_with_recovery / rollback_reset_recovery / keep_reset_recovery / run_multi_root_reset_with_targets / rollback_multi_root_reset_recovery / keep_multi_root_reset_recovery",VCS > Git > Reset Head… -> RebasedHeadResetDialog (Git root chooser + arbitrary revision Validate) + RebasedResetDialog/RebasedSmartOperationDialog + WorkspaceOperations.swift root-qualified reset recovery,verified-partial,主菜单 Reset Head 支持任意 revision expression 并选择 Soft/Mixed/Hard；Log reset 额外保留 Keep；按模式移动 HEAD/索引/工作区；Keep 保留不相关本地修改；覆盖风险展示 affected paths 后提供 Smart/Cancel，Hard 额外提供明确 Force；Smart 按 Stash/Shelf 保存、reset 后恢复并把冲突留在统一工作台；soft/mixed/keep/hard 都保存 HEAD、index、tracked worktree、untracked/ignored 的完整 recovery snapshot；Undo/Keep 按 expected HEAD/branch 与 post-reset scene CAS 校验，跨 root 部分成功按 root 保留重试 action 且不污染用户 stash；aggregate Log 允许每个 Git root 各选一个 revision，dialog 明确展示 root → target 映射并在 Smart/Force 重试时只携带实际失败 root，重试结果仅替换对应 root 并保留首轮其它 root 的结果,完整 native notification 生命周期、跨 root atomic rollback 与 UI automation 仍缺,tests/reset.rs::reset_recovery_restores_mixed_index_worktree_and_untracked_scene + tests/multi_root.rs::multi_root_reset_uses_the_selected_revision_for_each_root + ArborTests/CompareSelectionTests.swift::testVCSActionContextMatchesGitMenuEnablement + xcodebuild test,Reset Head 主菜单入口、root chooser、任意 revision Validate、Reset preserving、Smart/Force 决策、multi-root 逐 root 结果、root-scoped Undo/Keep、跨重启 semantic action 和 apply marker Resolve action 已接入；同一 root 多选已按 IntelliJ action-update 禁用
Arbor.Current.MultiRootResetRetryResults.2026-08-21,current verification override,other,multi-root Reset Smart/Force retry result aggregation,run_multi_root_reset_with_policy / run_multi_root_reset_with_targets,WorkspaceOperations.swift: mergeRootOperationResults + runMultiRootResetOperation,verified-partial,"Smart/Force 只重试覆盖阻塞的 root，并按原始 root 顺序仅替换这些 root 的结果；首轮成功和未重试失败 root 继续保留",跨 root rollback/action 聚合与完整 native notification 生命周期仍缺,ArborTests/CompareSelectionTests.swift::testMultiRootResetRetryReplacesOnlyRetriedRootResults + xcodebuild test + script/build_and_run.sh --verify,Current verification override for IntelliJ aggregate Reset result retention
Git.Reset.In.Log,git4idea.reset.GitResetAction,history,日志中 Reset to here,"reset(commit_id, mode)",LogGraphView.swift: Reset Current Branch to Here… -> RebasedResetDialog,completed,同上,同上,tests/reset.rs,
Git.Uncommit,git4idea.reset.GitUncommitAction,history,撤销最后一次提交 (soft reset 到父),"uncommit()/uncommit_expected_head(expected_head)/undo_uncommit_expected_head(original_commit_id, expected_head, expected_branch)",LogGraphView.swift: HEAD context action + RebasedDialogs.swift: RebasedUncommitDialog + WorkspaceOperations.swift: uncommitFromLog()/performUncommit()/undoUncommit(),verified-partial,HEAD 退回父提交保留索引；执行前展示 HEAD 与变更数量，支持选择已有或 inline 新建 Changelist，soft reset 后把本次提交对应的路径归入目标列表并恢复原提交信息；空提交允许撤销；aggregate Log 按选中提交路由到所属 Git root；成功通知提供 root-qualified、expected HEAD/branch 保护的 Undo Uncommit，且可跨重启执行,root commit 无 parent 时 action-update 已禁用；detached HEAD 使用空 branch identity；已发布到保护 remote-tracking branch 时 chooser 前阻断；Uncommit 与 Undo 都拒绝 stale HEAD/branch，Undo 只移动 ref 不重写 index/worktree,tests/reset.rs::uncommit_moves_head_to_parent_and_keeps_changes_staged + tests/reset.rs::uncommit_allows_an_empty_head_commit + tests/reset.rs::uncommit_supports_detached_head_and_keeps_changes_staged + tests/reset.rs::uncommit_rejects_a_stale_expected_head_without_mutating_head + tests/reset.rs::undo_uncommit_restores_original_head_without_rewriting_local_scene + tests/reset.rs::undo_uncommit_fails_closed_when_branch_identity_changed + tests/reset.rs::undo_uncommit_restores_detached_head_with_empty_branch_identity + ArborTests/CompareSelectionTests.swift::testUncommitChangedPathsIncludesRenameEndpointsOnce + ArborTests/CompareSelectionTests.swift::testUncommitUndoActionRequestRoundTripsBranchAndHeadScope + ArborTests/CompareSelectionTests.swift::testFeedbackHistoryRestoresUncommitUndoActionAcrossReload + ArborTests/ReflogSelectionTests.swift::testUncommitAvailabilityRejectsRootHead,已补目标 Changelist chooser、同名列表复用、subject suggested name/自动创建设置、非法名称校验、提交信息恢复、rename 两端路径归属、空提交、detached HEAD、protected branch、stale HEAD 保护，以及可持久化 Undo Uncommit；仍缺 chooser 完整键盘焦点/help 生命周期与更细原生通知撤销语义
src rollback file (ChangesView.Revert),platform reference,index,回滚文件到 HEAD/指定 revision,"restore_file(path, revision)",RebasedWorkspaceViews.swift: RebasedCommitWorkspace Restore selected file from HEAD,completed,文件恢复,-,tests/reset.rs::restore_file_restores_deleted_file_from_head,补充行
Git.Show.Stage,git4idea.index.actions.GitShowStagingAreaAction,index,Staging Area 视图,status() (staged/unstaged 双维度 + rename oldPath),RebasedWorkspaceViews.swift: RebasedCommitWorkspace Unstaged/Staged/Ignored 组,verified-partial,双栏变更列表；rename/copy 保留来源路径并在 Changes 行展示,刷新失败 -> 错误反馈,tests/status.rs + tests/staging_model.rs::index_tracker_detects_external_changes + rename_status_preserves_original_path_in_status_and_staging_models + ArborTests/RepositoryFileChangeMonitorTests.swift,Arbor 常驻双栏 (无开关)；工作区与真实 Git 管理目录均有递归 FSEvents，纯 worktree 文件批次优先走 statusPaths 增量合并，目录/根路径/竞态回退全量；仍非 IntelliJ 完整 VFS dirty-scope、action/DataContext lifecycle
Git.Commit.Stage,git4idea.index.actions.GitCommitWithStagingAreaAction,index,提交暂存区,commit / commit_with_options / amend + staging_model / stage_all / unstage_all,RebasedWorkspaceViews.swift: RebasedCommitWorkspace Commit/Amend 按钮 (⌘K 打开工具窗),verified-partial,固定 staging workspace 覆盖 Git.Commit.Stage / CheckinProject 的提交暂存区入口；返回新提交 id，三层模型驱动 Changes，before-commit 检查失败阻止提交，hook 失败反馈；单 root 与 multi-root Commit All 均保持 staged-only 边界,仍未达到 IntelliJ 逐文件 dirty-scope、精细 operation-state、原生 action-group/DataContext/VcsNotifier lifecycle 与 UI automation 语义,tests/hooks.rs + tests/identity.rs + tests/staging_model.rs + ArborTests/RepositoryFileChangeMonitorTests.swift,覆盖 Git.Commit.Stage 的固定 staging-area 产品决策，不重复创建第二个提交模式
Git.Add,com.intellij...ScheduleForAdditionWithIgnoredFilesConfirmationAction,index,暂存文件 (stage),stage(path),RebasedCommitWorkspace 文件勾选 (onStage) + RebasedIgnoredGroup Add to Git…,verified-partial,普通文件直接进入 staged；Ignored Files 行的 Add to Git… 在写入 index 前要求明确确认，Stage all 仍排除 ignored,-,tests/status.rs + tests/staging.rs + ArborTests/CompareSelectionTests.swift::testGitIgnoreRootCreationConfirmationOnlyAppliesToMissingRootFile,原生 ScheduleForAdditionAction/ChangesView/DataContext lifecycle 与 UI automation 仍 partial
Git.Stage.Add,git4idea.index.actions.GitAddAction,index,Staging 视图暂存文件,stage(path),同上 (勾选),completed,-,-,tests/staging.rs,
Git.Stage.Add.All,git4idea.index.actions.GitStageAllAction,index,暂存全部变更,stage_all,RebasedCommitWorkspace: Stage all changes toolbar action,completed,tracked 与 untracked 的全部未暂存变更进入 staged,-,tests/staging_model.rs::stage_all_and_unstage_all_roundtrip,与 Stage tracked 分成两个明确 toolbar action；完成后同步 status/index
Git.Stage.Add.Tracked,git4idea.index.actions.GitStageTrackedAction,index,仅暂存已跟踪文件,stage_tracked,RebasedWorkspaceViews.swift: Stage tracked toolbar -> WorkspaceOperations.stageAll,completed,已跟踪修改和删除进入 index；untracked 保留在工作区,失败 -> FeedbackCenter,tests/staging_model.rs::stage_tracked_leaves_untracked_files_out_of_the_index,Swift 仍保留 stageAll 命名以兼容现有 View 接线，但调用的是独立 stageTracked API
Git.Stage.Add.No.Content,git4idea.index.actions.GitAddWithoutContent,index,intent-to-add (空内容暂存),stage_without_content / stage_without_content_paths,RebasedWorkspaceViews.swift: untracked 文件上下文菜单 + Stage untracked without content 工具栏,completed,单文件或全部未跟踪文件执行 git add -N 后进入 intent-to-add 状态且不写入 index 内容,非文件路径/裸仓库 -> EngineError + FeedbackCenter,tests/staging_model.rs::repository_can_stage_intent_to_add_without_content + repository_can_stage_multiple_files_without_content,单文件与批量入口均覆盖；批量使用单次 Git 命令
Git.Stage.Reset,git4idea.index.actions.GitResetAction,index,取消暂存 (unstage),unstage(path),RebasedCommitWorkspace 取消勾选 (onUnstage),completed,回到 unstaged 组,-,tests/staging.rs::unstage_lines_partial_reverse,unstage(path) 经行级 unstage 间接覆盖
src partial stage (GitStageDiffAction selection),git4idea.index.actions,index,按行/hunk 部分暂存与取消,stage_lines / unstage_lines,DiffDetailView.swift: 选择模式勾选删除行; 侧栏 逐行… 入口,completed,部分变更进入/退出索引,无选择时禁用提交所选,tests/staging.rs::stage_lines_partial_double_dimension,补充行
Git.Stage.Revert,git4idea.index.actions.GitRevertAction,index,Staging 视图回滚文件,restore_file,同 Restore selected,completed,-,-,tests/reset.rs,
Git.Stage.AcceptTheirs,git4idea.index.actions.GitStageAcceptTheirsAction,conflicts,staging 冲突接受 theirs,resolve(BlockDecision::Theirs),ConflictDetailView 块级 远程/两者 按钮,completed,-,-,tests/merge.rs,
Git.Stage.AcceptYours,git4idea.index.actions.GitStageAcceptYoursAction,conflicts,staging 冲突接受 yours,resolve(BlockDecision::Ours),ConflictDetailView 块级 本地 按钮,completed,-,-,tests/merge.rs,
Git.Stage.Merge,git4idea.index.actions.GitStageMergeConflictAction,conflicts,staging 冲突合并编辑,conflict_file + resolve,ContentView.swift: MergeRevisionsDialogView/ConflictDetailView,completed,-,-,tests/merge.rs,
Git.Stage.ThreeSideDiff,git4idea.index.actions.GitStageThreeSideDiffAction,index,三版本对比（HEAD/Staged/Local）,"staging_file_versions(path) + diff_file_with_settings(path, mode)","DiffDetailView.swift: ThreeVersionComparisonView 总览 + pairwise interactive diff",verified-partial,"三版本总览可区分缺失侧、二进制和截断文本；HEAD→Staged 支持 Unstage Hunk，Staged→Local 支持 Stage/Rollback Hunk，写入复用 Rust partial-staging 引擎","完整 IntelliJ DiffManager 三栏对齐、区间级接受动作、原生 action/DataContext lifecycle 和 UI automation 仍 partial","arbor-engine/tests/staging_model.rs::staging_file_versions_return_head_index_and_worktree_contents + ArborTests/CompareSelectionTests.swift::testStagingHunkActionsExposeStageUnstageAndRollbackPerDimension + full xcodebuild test","Closes the functional gap where Git.Stage.ThreeSideDiff was read-only"
Git.Stage.ToggleIgnored,git4idea.index.actions.GitToggleIgnoredFilesAction,index,显示/隐藏 ignored 文件,ignored_rules,RebasedWorkspaceViews.swift: RebasedIgnoredGroup,verified-partial,默认显示且按标准化 project path 持久化；切换项目恢复各自设置,原生 GitStageUiSettings/DataContext/action lifecycle 和 UI automation 仍 partial,ArborTests/CompareSelectionTests.swift::testGitStageIgnoredFilesSettingIsProjectScoped + full xcodebuild test,Closes the project-scoped Git Stage ignored-files setting gap
Git.Stage.ToggleCommitAll,git4idea.index.actions.GitToggleCommitAllAction,settings,无 staged 时提交全部变更,stage_tracked + commit,RebasedCommitWorkspace: Commit All confirmation when no staged tracked changes,completed,无 staged 且存在 tracked 变更时确认后自动 stage tracked 并提交；untracked 不会被隐式加入,-,tests/staging_model.rs::commit_all_tracked_path_preserves_untracked_files,按决策 5 采用固定 staged-only + 空 staged 时的显式 Commit All 提示，不引入 changelist 模式
Git.Stage.Show.Staged,git4idea.index.actions.GitShowStagedVersionAction,index,查看 staged 版本,diff_file / diff_file_with_settings (DiffSettings),DiffDetailView.swift: 主区 diff 视图 (word/CRLF/空白开关),completed,-,-,tests/diff_behavior.rs,DIFF-001 已接入
Git.Stage.Show.Local,git4idea.index.actions.GitShowLocalVersionAction,index,查看本地工作区版本,read_worktree_file / diff_with_text,FileContentView.swift / DiffDetailView.swift,verified-partial,-,-,tests/read_file.rs + ArborTests/FileContentViewTests.swift,只读文件查看器已显示相对 HEAD 的新增/修改/删除 gutter 标记；完整编辑器级 change-highlighting、GitIndexVirtualFile、caret transfer 与原生 editor lifecycle 仍受无 IDE 编辑器范围限制
Git.Stage.Compare.Local.Staged,git4idea.index.actions.GitStageCompareLocalWithStagedAction,index,本地 vs staged diff,diff_file,DiffDetailView.swift: WorktreeToIndex staging comparison (Staged → Local) + staging model presence,verified-partial,-,-,ArborTests/CompareSelectionTests.swift::testStagingComparisonActionsUseTheReferenceStagingCoordinateSystem + testStagingHunkActionsExposeStageUnstageAndRollbackPerDimension + tests/diff_behavior.rs::unified_data_source_across_modes + tests/staging_model.rs::staging_model_reports_head_index_and_worktree_presence,对照 fork 的 compareStagedWithLocal，Local with Staged 与 Staged with Local 共用 staged→local 坐标系；hunk 提供 Stage/Rollback，复用 Rust partial-staging；DiffManager lifecycle/UI automation 仍缺
Git.Stage.Compare.Staged.Local,git4idea.index.actions.GitStageCompareStagedWithLocalAction,index,staged vs 本地 diff,diff_file,DiffDetailView.swift: WorktreeToIndex staging comparison (Staged → Local) + staging model presence,verified-partial,-,-,ArborTests/CompareSelectionTests.swift::testStagingComparisonActionsUseTheReferenceStagingCoordinateSystem + testStagingHunkActionsExposeStageUnstageAndRollbackPerDimension + tests/diff_behavior.rs::unified_data_source_across_modes + tests/staging_model.rs::staging_model_reports_head_index_and_worktree_presence,对照 fork 的 compareStagedWithLocal，hunk 提供 Stage/Rollback，普通 staging preview 与比较入口均保留 partial-staging 边界；DiffManager lifecycle/UI automation 仍缺
Git.Stage.Compare.Staged.Head,git4idea.index.actions.GitStageCompareStagedWithHeadAction,index,staged vs HEAD diff,diff_file / diff_commits,DiffDetailView.swift: IndexToHead comparison (Staged → HEAD) + staging model presence,verified-partial,-,-,ArborTests/CompareSelectionTests.swift::testStagingComparisonActionsUseTheReferenceStagingCoordinateSystem + testStagingActionsUseExactVersionPresenceWhenAvailable + tests/diff_behavior.rs::unified_data_source_across_modes + tests/staging_model.rs::staging_model_reports_head_index_and_worktree_presence,菜单方向与版本存在性已对齐，并支持 Unstage Hunk；完整 DiffManager action/DataContext lifecycle、GitIndexVirtualFile 与 UI automation 仍缺
Vcs.DiffViewer.CreatePatch,platform.vcs-impl.DiffViewerCreatePatchActionProvider,diff,Diff Viewer 创建或复制 Patch,diff raw Git command,DiffDetailView.swift: Patch menu in status/revision Diff Viewer,verified-partial,工作区/暂存/Local→Staged/untracked/任意 revision 比较按 Git argv 生成或复制 Patch；rename 保留 old/new path；untracked 接受 --no-index exit 1,剪贴板文本/三栏/blame 没有完整 revision pair 因此禁用；DiffManager action lifecycle 与 UI automation 仍 partial,ArborTests/FileContentViewTests.swift::testDiffPatchCommandPreservesRenameEndpointsAndSeparatesPathspecs + testDiffPatchCommandUsesNoIndexForUntrackedFilesAndAcceptsGitDiffExitOne + testRevisionPatchCommandRejectsOptionLikeRevisionAndKeepsPathAfterSeparator + xcodebuild test + script/build_and_run.sh --verify,Current verification override for DiffViewerCreatePatchActionProvider
Git.Stage.Compare.Three.Versions,git4idea.index.actions.GitStageCompareThreeVersionsAction,index,三版本对比（local/staged/HEAD）,staging_file_versions(path) + pairwise diff modes,"DiffDetailView.swift: ThreeVersionComparisonView (HEAD/index/worktree + interactive pairwise diff)",verified-partial,"非冲突文件可查看 HEAD、staged、worktree 三栏，并切换 HEAD→Staged 与 Staged→Local 的 hunk staging 操作；缺失侧、二进制和截断文本有明确降级展示","完整 IntelliJ DiffManager 三栏对齐、区间级接受动作、原生 action/DataContext lifecycle 和 UI automation 仍 partial","tests/staging_model.rs::staging_file_versions_return_head_index_and_worktree_contents + ArborTests/CompareSelectionTests.swift::testStagingHunkActionsExposeStageUnstageAndRollbackPerDimension + full xcodebuild test","Closes the interactive three-version staging gap"
Git.Stage.Stash.Files,git4idea.index.actions.GitStageStashFilesAction,stash,暂存所选文件到 stash (按路径),"stash_save_paths(message, paths, include_untracked)","RebasedWorkspaceViews.swift: 变更文件右键 Stash Selected Files… + RebasedDialogs.swift: RebasedStashFilesDialog",completed,仅选中路径进入标准 Git stash；tracked staged/unstaged 与选中的 untracked 可恢复,路径不匹配/工作区状态不允许 -> 结构化错误且原路径不被清理,tests/stash.rs::stash_save_paths_preserves_unselected_changes_and_round_trips + stash_save_paths_rejects_empty_or_unmatched_paths,多选对话框默认勾选右键触发文件；ignored/conflicted 文件不进入选区；与 shelve 保持 IntelliJ 双轨语义
Git.Stash.Silently,git4idea.index.actions.GitStashSilentlyAction,stash,静默 stash (无对话框),stash_save / stash_save_including_untracked,RebasedWorkspaceViews.swift: Changes toolbar Stash changes silently + ContentView.swift: stashSilently,completed,Changes toolbar 直接保存默认 stash；Pull preserving process 另行保存包含 tracked/untracked/ignored 的临时 stash,失败 -> FeedbackCenter；Pull 临时恢复按唯一 message 定位并保留 index,tests/stash.rs,Git.Stash.Silently 独立入口已存在；自动 Pull 是另一条 system-preserving 来源
Git.Stash,git4idea.actions.GitStash,stash,Stash 保存 (可带消息+选项),stash_save_with_options (tracked/untracked/ignored) + stash_clear,RebasedDialogs.swift: RebasedStashDialog (选项 checkbox;popover Clear All),completed,保存后刷新列表;clear 清空,apply 冲突进入恢复流程且 stash 保留,tests/stash_workspace.rs (8 个) + tests/stash.rs,STASH-001 已接入
Git.Unstash,git4idea.actions.GitUnstash,stash,Unstash (应用或弹出),stash_apply / stash_pop,RebasedDialogs.swift: popover STASHES 区菜单,completed,恢复工作区 (可选恢复索引),应用冲突 -> 保留 stash+标记 conflicted,tests/stash.rs::stash_pop_conflict_keeps_stash_and_marks_worktree,
Git.Stash.Pop,git4idea.stash.ui.GitPopStashAction,stash,Pop stash (应用并删除),stash_pop / stash_pop_with_index,Popover: Pop (Apply and Remove) / Pop + Restore Index,completed,-,-,tests/stash.rs,
Git.Stash.Apply,git4idea.stash.ui.GitApplyStashAction,stash,Apply stash (保留),stash_apply / stash_apply_with_index,Popover: Apply (Keep) / Apply + Restore Index,completed,-,-,tests/stash.rs::stash_apply_with_index_restores_staged_and_unstaged_dimensions,
Git.Stash.UnstashAs,git4idea.stash.ui.GitUnstashAsAction,stash,Unstash As (Apply/Pop/Restore Index/Create Branch),"stash_apply_with_index + stash_pop_with_index + stash_branch",RebasedWorkspaceViews.swift: Stash 行菜单 -> RebasedUnstashAsDialog,verified-partial,单 stash 对话框按 branch 是否为空选择 Create Branch 或 Apply/Pop；执行前按 stash ID 重新解析当前 stack index,stash 消失或 branch/ref 状态变化 -> fail closed；原生 DialogWrapper/SavedPatches/DataContext/VcsNotifier lifecycle 与 UI automation 仍 partial,arbor-engine/tests/stash.rs::stash_diff_and_branch_follow_git_semantics + Arbor/ArborTests/CompareSelectionTests.swift::testStashDeleteSelectionResolvesByStableIDAfterStackIndexShifts,保留既有 root-scoped retry 与 engine branch validator
Git.Stash.Drop,git4idea.stash.ui.GitDropStashAction,stash,Drop stash,stash_drop(index),Popover: Drop,completed,删除并刷新列表,-,tests/stash.rs::stash_drop_keeps_others,主 Commit 工作区 Stash 行支持稳定 ID 选中与 Delete 键删除；删除时按当前 commit ID 重新解析栈索引，避免栈位移误删；Unstash 弹窗仍保留显式 Drop 操作
Git.Stash.Clear,git4idea.stash.ui.GitClearStashesAction,stash,清空全部 stash,stash_clear,RebasedBranchesPopover.swift: STASHES Clear All,completed,确认后清空 stash,清空后再次 apply 返回结构化错误,tests/stash_workspace.rs::stash_clear_empties_stack,确认弹窗后一次性清空整个 stash 栈
Git.Show.Stash,git4idea.stash.ui.GitShowStashTabAction,stash,Stash 工具窗 tab,stash_list / stash_diff,VCS > Git > Local Changes > Show Stash -> Commit/Stash workspace,verified-partial,显示现有 Stash/Shelf 工作页并保留列表+diff 查看,Native GitStashUIHandler/tool-window/DataContext/VcsNotifier lifecycle 与 UI automation remain partial,Arbor/ArborTests/CompareSelectionTests.swift::testVCSActionContextMatchesGitMenuEnablement + focused/full xcodebuild test + script/build_and_run.sh --verify,主菜单 action 与 Unstash 弹窗保持分离
Git.Stash.Refresh,git4idea.stash.ui.GitRefreshStashesAction,stash,刷新 stash 列表,stash_list,RebasedCommitWorkspace Stash header Refresh button,verified-partial,Stash 工作页提供显式 Refresh；刷新复用当前 root 的 metadata/status reload 并保留安全的 stash preview identity,原生 GitStashTracker/DataContext/VcsNotifier lifecycle 与 UI automation 仍 partial,Arbor/ArborTests/CompareSelectionTests.swift::testStashDeleteSelectionResolvesByStableIDAfterStackIndexShifts + full xcodebuild test + script/build_and_run.sh --verify,不再把“打开时自动 load”误记为显式 Refresh action
Git.Stash.Toggle.Split.Preview,git4idea.stash.ui.GitStashToggleSplitPreviewAction,stash,分栏预览 stash 变更,N/A,RebasedWorkspaceViews.swift: Stash 工作区内嵌 patch preview + 独立预览 sheet,verified-partial,应用级设置默认开启且持久化；开启时 stash 选择自动显示内嵌 split preview，关闭时不自动挂载内嵌 diff；显式 View Diff 仍打开独立预览 sheet；预览按稳定 stash ID 路由并在读取前重新映射 index,原生 action update/message-bus lifecycle 与 UI automation 仍 partial；当前保存的是 Arbor SwiftUI setting 而非 IntelliJ GitVcsApplicationSettings,Arbor/ArborTests/CompareSelectionTests.swift::testStashSplitPreviewSettingDefaultsOnAndPersists + testStashDeleteSelectionResolvesByStableIDAfterStackIndexShifts + focused/full xcodebuild test + script/build_and_run.sh --verify,对齐 fork 的 toggle 默认值、持久化切换和对象身份语义
src stash including untracked option,src git4idea stash (untracked option),stash,Stash 包含 untracked 文件,stash_save_with_options,RebasedDialogs.swift: RebasedStashDialog Include untracked/ignored checkboxes,completed,tracked 总是保存；untracked/ignored 按选项纳入,-,tests/stash.rs::stash_save_including_untracked_round_trips_without_staging,对话框与 pull 内部临时 stash 均已覆盖
ChangesView.Shelve,platform reference,stash,Shelve 变更 (命名+选路径),"shelve(name, paths)",RebasedDialogs.swift: RebasedShelveDialog (popover Shelve…/VCS 菜单),completed,变更放入 shelf 列表,-,tests/shelve.rs::shelve_survives_reopen + shelve_metadata_tracks_description_timestamp_and_deleted_state,补充行;Arbor 自有 refs 实现
Vcs.Show.Shelf,platform reference,stash,Shelf 面板,shelve_list + shelve_deleted_list + shelve_diff + shelve_import + shelve_rename + commit_file_diff,RebasedWorkspaceViews.swift: RebasedCommitWorkspace Shelves tab,verified-partial,shelf 列表按 changelist 展示并可展开目录/文件成员；按文件结构化 side-by-side/unified patch 预览；支持持久化目录分组、Cmd 多选、Rename/Unshelve/Drop，扁平/目录树成员排序按 IntelliJ 文件名优先 comparator 对齐；Import Patches… / Export Patch… 已接线，导入以独立 raw patch 文件持久化并在 Unshelve 时才做 three-way/clean apply，导出保留 binary patch 元数据；local Changelist 已支持创建/激活/重命名/删除回 Default、成员移动/列表拖拽，静默 Shelf 拖拽按源列表分拆，Shelf 成员可跨列表移动；Changes tree -> Shelf 与 Shelf -> Changes 整组拖拽已接线并静默创建/恢复；Shelf 元数据持久化 description/生命周期更新时间/Recently Deleted 状态；项目打开立即、之后每日对所有 Git roots 协调收敛 pending delete 与 7 天过期清理；删除 shelf 或删除最后成员进入持久化 Recently Deleted，并可 Restore/Delete Permanently；删除通知的 Undo 通过 Codable semantic request 跨重启恢复原始时间戳；Unshelve/Pop 冲突进入统一 Merge Revisions；冲突应用前持久化 worktree/index 快照，支持重启后完成或精确回滚；symlink/executable mode 与越界路径边界已覆盖；Restore/Drop Feedback action 通过 Codable semantic request 跨重启恢复，并按 project/root/shelf 路由,-,tests/changelist.rs::changelists_persist_members_without_touching_git_state + tests/shelve.rs::shelve_survives_reopen + shelve_metadata_tracks_description_timestamp_and_deleted_state + shelve_undo_delete_restores_original_timestamp + shelve_diff_returns_patch_without_mutation + shelve_import_exports_a_patch_without_touching_worktree_or_index + shelve_import_is_persisted_independently_of_the_current_head + imported_shelf_conflict_is_delayed_until_unshelve_and_can_abort + imported_shelf_patch_follows_rename_recently_deleted_and_member_drop + shelve_import_rejects_invalid_patch_without_mutation + shelve_rename_preserves_patch_and_moves_ref + shelve_drop_selected_member_keeps_other_members + shelve_drop_moves_to_recently_deleted_and_restores_after_reopen + shelve_import_parses_quoted_paths_and_context_only_patches + shelve_conflict_abort_restores_worktree_and_index_after_reopen + shelve_roundtrip_preserves_symlink_and_executable_mode + shelve_rejects_paths_outside_the_worktree + ArborTests/CompareSelectionTests.swift::testShelfLifecycleRunsImmediatelyThenDaily + CompareSelectionTests::testShelfTreeGroupsDirectoriesAndKeepsFilesStable + CompareSelectionTests::testShelfTreeFlatModeMatchesIntelliJFilenameFirstOrdering + ArborTests/CompareSelectionTests.swift::testShelfActionRequestRoundTripsAcrossPersistenceBoundary + testShelfDeletionUndoActionRequestPreservesOriginalTimestamp + testFeedbackHistoryRestoresSemanticShelfActionAcrossReload,仍缺完整回收 action model 与更细恢复/通知
src unshelve / pop / drop shelf,git4idea 平台 shelf 动作,stash,恢复/弹出/删除 shelf,shelve_unshelve / shelve_unshelve_paths / shelve_drop_paths / shelve_pop / shelve_drop / shelve_rename / shelve_restore_info / shelve_complete_restore / shelve_abort_restore,RebasedWorkspaceViews.swift: Shelves changelist row + grouped member rows + menu,verified-partial,shelf 整组恢复到工作区；成员行可 Cmd 多选并只应用或删除选中成员，未选成员继续保留；删除最后成员会清理 shelf ref/list；部分删除保留原 description/date 并生成独立 Recently Deleted changelist，可 Restore 后再 Pop；冲突写入标准 stages 并复用统一 resolver；应用前持久化 worktree/index 快照，支持重启后完成或精确回滚；Pop 完成后才删除 shelf；Rename 仅移动自有 shelf ref 并保留 patch object；local Changelist 归属、列表移动和 Changes tree 拖拽已接线；Shelf 成员可跨列表移动，扁平/目录树排序按 IntelliJ 文件名优先 comparator 对齐；Restore/Drop Feedback action 通过 Codable semantic request 跨重启恢复，并按 project/root/shelf 路由；symlink/executable mode 与越界路径边界已覆盖,-,tests/changelist.rs::changelists_persist_members_without_touching_git_state + changelist_rename_activate_and_delete_preserve_order_and_reassign_members + tests/shelve.rs::shelve_unshelve_then_drop + shelve_unshelve_selected_member_keeps_other_members_shelved + shelve_drop_selected_member_keeps_other_members + shelve_drop_selected_last_member_removes_shelf + shelve_drop_partial_members_creates_restorable_deleted_changelist + shelve_unshelve_selected_does_not_overwrite_local_changes + shelve_conflict_abort_restores_worktree_and_index_after_reopen + shelve_pop_conflict_complete_drops_shelf_only_after_resolution + shelve_roundtrip_preserves_symlink_and_executable_mode + shelve_rejects_paths_outside_the_worktree + ArborTests/CompareSelectionTests.swift::testShelfActionRequestRoundTripsAcrossPersistenceBoundary + testFeedbackHistoryRestoresSemanticShelfActionAcrossReload,UI/engine 已接线；其它非对话框 action 来源、细粒度通知和原生回收呈现属于 V1 host-bound
Vcs.Show.Log,platform reference,history,提交日志工具窗,log / log_with_sort / log_filtered_with_message_and_date_options / log_filtered_with_message_and_date_options_for_revisions / 分页,LogSidebar.swift + LogGraphView.swift (图形+过滤+分页+四种图选项),verified-partial,图形视图+过滤+增量加载;By Commit Date/Topologically/Linearize Merges/First Parent 按 tab 持久化并保持分页 lane;文本 Regex/Match Case、Since/Until 日期范围、No Merges、多个 branch/revision heads 与 A..B range 按 tab或图形选项持久化；多起点按可达历史并集，range 使用 Git ^ends tips，清空分支选择保持全 refs；Until 保持 IntelliJ 严格 before 边界，No Merges 按父提交数量过滤;多 root dashboard 支持 Cmd 多选分支并按 root 聚合历史，CommitInfo 带 repositoryPath，图表/选择/Changes Browser 使用 root-qualified identity 防止相同 hash 串线；聚合图表不绘制跨仓库 parent lane，跨 root 写操作要求单 root 或明确阻止;LinearBek 已实现保留提交行的可测试 merge fragment edge collapse、dotted edge、边级 hover/highlight、点击线性边收起与点击 dotted edge 展开；Changes Browser 支持多选及上一/下一文件 diff 导航；Log 支持 Commit/Author/Date/Hash 独立列、表头拖拽重排、拖拽调整宽度、独立可见性与持久化顺序菜单，复杂 fragment fail-open,加载失败/非法日期/反向日期范围 -> logError 展示,tests/log_page.rs + tests/log_filter.rs::text_filter_supports_regex_and_match_case_options + date_upper_bound_and_no_merges_match_vcs_log_filters + multiple_branch_heads_filter_to_their_reachable_history_union + revision_range_filter_excludes_the_left_end + tests/graph.rs::graph_sort_modes_preserve_topology_and_linearize_incoming_lane + ArborTests/LinearBekGraphTests + ArborTests/LogColumnLayoutTests + ArborTests/CompareSelectionTests + ArborTests/ReflogSelectionTests.swift::testRootQualifiedIdentityKeepsEqualObjectIDsInSeparateHistories,完整 LinearBek fragment 类型、动态列扩展、完整 action model 与 UI automation 仍缺
Vcs.Log.ChangesBrowser.Popup,platform reference,history,Log Changes Browser 文件动作,"show diff / file history / show history for revision / open repository version / get version / copy path / create patch / compare with local / compare before with local / edit source / apply selected changes / revert selected changes / filter by",LogSidebar.swift: LogChangesBrowserView action menu + row context menu + filter menu; repo.diffRevisionWithWorktree / restore_file / applySelectedCommitChanges,verified-partial,核心文件动作已接入；Show History for Revision 从选中 commit 作为起点打开路径历史；Compare with Local 对比历史 blob 与当前 worktree；Edit Source 委托 macOS 默认文件关联；Get Version 保留当前选区，按记录所属 root/commit 批量恢复 index 与 worktree 并汇总部分失败；Apply/Revert Selected Changes 通过 binary-capable patch 只修改 worktree；同一 Git root 下多 commit 及跨多个 Git root 的选区按 root/commit/parent 顺序逐批执行，冲突停止后进入 root-qualified direct-patch resolver；Filter By 隐藏纯移动与忽略空白后无实质差异的文件，过滤期间显示 Not filtered，完成后显示 Filtered out 分组；已选文件上右键 Apply/Revert 支持同一 Git root 下跨多个 commit 及跨 root 的多选范围；同一 merge commit 混合 parent 安全退回单行动作；Apply/Revert 开始、部分失败、冲突完成/回滚和重启恢复现在复用 root-qualified stable notification ID；冲突改由 direct-patch 快照进入 Apply Patch resolver；新增 root-qualified logChangePatchGroups/canApplyLogChangeSelection、contextualLogChangeSelection/contextualLogChangeRestoreSelection 与 logChangesPatchNotificationID；跨 root 的专属完整原生通知/DataContext lifecycle 与 UI automation 仍缺,-,tests/shelve.rs::imported_shelf_partial_apply_pauses_on_a_later_conflict + ArborTests/CompareSelectionTests.swift::testLogChangePatchGroupsSupportMultipleCommitsInOneRoot + testLogChangePatchGroupsSupportCrossRootSelectionsAndRejectMixedParents + testLogChangePatchGroupsKeepEqualCommitIDsSeparateAcrossRoots + testLogChangesPatchNotificationIDIsRootQualifiedAndOrderIndependent + xcodebuild test,Aligned with ChangesBrowserBase and ApplyPatchDifferentiatedDialog
Git.Log,git4idea.log.GitShowExternalLogAction,history,在外部窗口打开 log,log(),ArborApp.swift + ContentView.swift + LogSidebar.swift + WorkspaceOperations.swift: 共享多选目录 root chooser、root-qualified WindowGroup request、root-scoped Git Roots 选择器与多 root 聚合 Log、external provider session、ExternalLogManager provider descriptors/UI registry、tab state store/disposer、window geometry/lifecycle bridge,verified-partial,可从日志更多操作或 VCS 菜单打开独立 Git Log 窗口；打开前只接受实际 Git root，provider session 异步验证项目 effective Git executable、发现 selected roots 并持有 root-scoped repositories，manager 建立 Git provider descriptors 并初始化 UI registry，root identity 使用 symlink-resolved canonical path，失效 root fail-closed，request 携带 project/root scope，窗口按所选 roots 聚合并可继续切换范围，tabs/筛选/比较/selection 按 project/root scope 恢复，增删/切换 tab 立即持久化，重复/未知 tab fail-closed，复用 root-aware 图/过滤/详情/上下文动作；关闭时取消 session 查询/详情/比较任务并 dispose manager/provider session，frame 通过 shared dimension key 持久化并拒绝屏幕外恢复,仍缺完整 IntelliJ permanent graph/data manager、完整原生 VCS Log action/UI lifecycle,tests/log_page.rs + ArborTests/CompareSelectionTests.swift::testExternalLogRootSelectionStartsAllAndRetainsAValidNonEmptyScope + testExternalLogWindowRequestNormalizesRootsAndRoundTrips + testExternalLogWindowGeometryRoundTripsAndRejectsUnsafeFrames + testExternalLogTabsStateRoundTripsAndKeysByRootScope + testExternalLogProviderSessionOwnsAndDisposesSelectedRootRepositories,当前已对齐 root chooser、effective executable/root preflight、external provider repository ownership、provider descriptors、UI registry/disposer 与 Arbor 侧 window/session 生命周期；完整外部 VCS Log manager/data layer 仍 partial
file history (Vcs.ShowTabbedFileHistory),platform reference,history,文件历史 (含 --follow),"log_filtered(path, follow)",LogSidebar.swift: root-aware 独立 History tab + 路径过滤/follow,verified-partial,普通入口从 HEAD 开始；Show History for Revision 从选中 revision 开始；同一 root/path/revision 复用 History tab,原生 VCS history provider/DataContext/action lifecycle 仍缺,ArborTests/CompareSelectionTests.swift::testFileHistoryLogTabIsRootQualifiedAndStartsAtRequestedRevision + tests/log_filter.rs,以现有 SwiftUI Log engine 实现独立 tab 语义；未宣称 IntelliJ 原生 FileHistorySession parity
Annotate (gutter blame),platform Annotate reference,history,文件 annotate / blame,blame(path) + blame_worktree(path),FileContentView.swift: Code/Blame inline gutter + DiffDetailView.swift: Blame 切换,completed,当前 worktree 的逐行作者/提交/时间/行号展示；点击已提交行跳转 commit detail,未跟踪文件或 git blame 失败显示结构化错误；全零 commit（未提交行）不提供伪造跳转,tests/blame.rs::worktree_blame_uses_current_text_and_line_metadata + worktree_blame_reports_untracked_files_as_unavailable,已覆盖当前工作区内容而非仅 HEAD blob；编辑器实时 gutter 与 movement detection 仍按范围决策排除
Git.BrowseRepoAtRevision,git4idea.log.GitBrowseRepoAtRevisionAction,history,浏览指定 revision 的仓库内容,list_revision_dir + read_revision_file,RevisionBrowserView.swift: local read-only tree/browser,completed,树目录和 blob 内容按 revision 读取,无效 revision/目录/二进制 -> 浏览器内错误提示,tests/read_file.rs::revision_browser_lists_tree_and_reads_blob,Rust API + SwiftUI 浏览器已接线
src reflog view,git4idea 平台 reflog,history,Reflog 列表,reflog(limit; offset),LogSidebar.swift: Reflog tab + shared LogCommitInspectorView + root-qualified LogTabDescriptor,verified-partial,操作历史+多选+批量定位提交+Changes Browser+Checkout/Reset/Create Branch/Compare/Interactive Rebase+安全 Cherry-pick/Revert；首屏 100 条后可用 Load Older Entries 按 offset 继续读取，追加按稳定记录 identity 去重；Reflog root 与选中行按 Log tab 持久化，刷新/切换 root/异步结果受 generation 与 root/tab 保护,native Reflog action/DataContext/VcsNotifier 生命周期与 UI automation 仍 partial；参考 fork 没有独立 Reflog UI，不宣称跨 root 批量恢复,arbor-engine/tests/reflog.rs + ArborTests/ReflogSelectionTests.swift::testReflogTabContextRoundTripsAndLegacyTabsDecode + testOlderReflogPageAppendsInOrderWithoutDuplicatingRows + focused xcodebuild test,参考 fork 未定义独立 Reflog UI 或跨 root 批量恢复语义；保留这些为未宣称能力
Arbor.Current.ReflogRootScope.2026-08-20,Arbor,history,Reflog root-scoped refresh and row actions,reflog(limit),WorkspaceOperations.swift + LogSidebar.swift,verified-partial,多 root Log 聚合切换到 Reflog 时显式选择 Git root；独立加载/刷新并保留仍存在的行选择；行级上下文菜单提供详情、复制、Checkout/Reset/Create Branch/Compare/Rebase/Cherry-pick/Revert,仓库打开失败或对象不存在 -> 保留当前列表并显示结构化错误；跨 root 批量恢复和持久化通知编排仍缺,ArborTests/ReflogSelectionTests.swift::testRefreshKeepsExistingRowsAndSeedsWhenSelectionDisappears,修复聚合 Log 下复用旧 Reflog 数据的问题；Reflog 不再走 graph filter loader
Git.Log.HighlightCherryPickedCommits,git4idea.branch.HighlightCherryPickedCommitsAction,history,高亮已 cherry-pick 的提交,cherry_picked_commits / cherry_picked_commits_with_cancel (git cherry patch equivalence + process-group cancel),LogGraphView.swift + LogSidebar.swift: Highlight Cherry-Picked Commits + source branch picker + progress,verified-partial,选择源分支后普通 Log 按当前 target、Compare Branches 按范围另一端 target 执行 patch-equivalence 比较并高亮已 picked 的 source commits；只对存在 source branch 的 root 启动比较；仅 branch-aware 比较完成后高亮，进行中、空结果和失败均不使用 commit-message trailer fallback；multi-root 结果保留 root-qualified identity 并显示已完成 root/总 root；source/root/Log generation 变化会取消旧任务并通过 GitCancelHandle 终止当前 git cherry 进程组,-,tests/branch_compare.rs::finds_cherry_picked_commits_by_patch_not_commit_message_or_id + tests/branch_compare.rs::cancelled_cherry_picked_comparison_kills_the_git_process_group + ArborTests/CompareSelectionTests.swift::testCherryPickTargetUsesOppositeCompareBranch + testCherryPickSourceBranchEligibilityIsRootScoped + testCherryPickedComparisonRejectsStaleOrCancelledResults + testCherryPickedHighlightRequiresCompletedBranchAwareComparison,单 root 与聚合 multi-root 均按 root 独立比较；仍缺 IntelliJ 原生进度/通知生命周期、索引级 comparator 优化和 UI automation
Arbor.Current.LogCherryPickedBranchAware.2026-08-25,current verification override,history,branch-aware cherry-picked highlighter state and multi-root progress,cherry_picked_commits (git cherry patch equivalence),WorkspaceOperations.swift + LogGraphView.swift + LogSidebar.swift,verified-partial,"提交只在 branch-aware 比较成功后高亮；比较进行中、空结果、失败或取消不会触发 trailer fallback；multi-root 逐 root 更新已完成/总 root 进度，stale generation/source/root 结果 fail-closed","IntelliJ 原生进度/通知生命周期、索引级 comparator 优化和 UI automation 仍 partial",Arbor/ArborTests/CompareSelectionTests.swift::testCherryPickedHighlightRequiresCompletedBranchAwareComparison + focused xcodebuild test + full xcodebuild test + cargo test + script/build_and_run.sh --verify,Current verification override for branch-aware highlighter semantics
Git.Log.Show.Command,git4idea.log.command.ShowGitLogCommandAction,history,显示底层 git log 命令 (internal),log_with_command,LogSidebar.swift: Git Log Command mode,verified-partial,参数化 git log 现在按当前可见 Git roots 分别执行并合并；无显式最大数量时按 500 条继续加载，--max-count/-n/数字短参数停止继续收集；多 root 相同 object ID 保持 root-qualified，聚合图边清除；仍复用 Arbor 图表/提交详情/右键动作,命令失败/无 root -> Log error；过期 command、tab、root 或 visible-root 结果丢弃；永久图与 IntelliJ 原生 VCS Log 仍有细节差异,tests/log_filter.rs::command_log_filter_uses_git_revision_and_path_semantics + ArborTests/GitCommandLineTests.swift::testCommandLogOnlyStopsPagingForExplicitMaximum + ArborTests/CompareSelectionTests.swift::testLogCommandMergeKeepsEqualObjectIDsRootQualified,专用 Log 标签页入口；支持任意 git log 参数、revision/pathspec、Enter 过滤与增量加载；多 root 已对齐项目级命令过滤范围
Git.AddCommitToRemoteBranch,git4idea.actions.addCommit.GitAddCommitToRemoteBranchAction,history,推送提交到任意远程分支,fetch_remote_branch_with_auth_and_cancel + prepare_add_commits_to_remote_branch + push_refspec,LogGraphView.swift: Add Commits to Remote Branch… + RebasedRemoteBranchSelectionDialog + PushDialogView,verified-partial,先按选定 remote branch fetch，再在对象层按顺序 replay 选中提交；已存在变更跳过；不移动当前 HEAD/工作区；Log action 禁用 merge commit 与跨 root 选择；生成 detached tip 后复用带认证/lease/protected guard 的 Push 对话框；成功/无变更/失败反馈使用 root-scoped stable notification ID,冲突/认证失败保留明确反馈；更完整的跨 root 统一通知编排与 SwiftUI UI automation 仍缺,tests/remote_refs.rs::prepare_add_commits_to_remote_branch_is_object_only_and_skips_existing_changes + ArborTests/CompareSelectionTests.swift::testAddCommitsToRemoteBranchRequiresOneRootAndLinearCommits,已从日志上下文菜单接入远程分支选择与 Push 衔接
src commit details view,git4idea.log (commit details),history,提交详情 (变更列表+diff+签名),commit_diff (root 空 tree/parent 选择) + commit_signature_status + tree_changes/diff_commits,CommitDetailView.swift (body/committer/签名徽标/Parent picker) + TreeCompareDetailView.swift,completed,root 完整文件;merge 双父选择;签名 Good/BAD 展示,文件 diff 逐文件加载,tests/history.rs (7 个) + tests/log_filter.rs,HISTORY-001 已接入
Git.Show.WorkingTrees,git4idea.actions.workingTree.ShowWorkingTreesAction,workingTrees,Worktrees 工具窗,worktree_list,RebasedWorkspaceViews.swift: WorktreePanel (Operations > Worktrees),completed,列表含分支/HEAD/prunable/locked,-,tests/worktree.rs,
Git.CreateNewWorkingTree,git4idea.actions.workingTree.GitCreateWorkingTreeAction,workingTrees,新建 worktree,"worktree_add(path, branch, revision)",WorktreePanel 创建 + 单 root Branches Popup / Log Branches dashboard + 主 multi-root Branches Popup / multi-root Log dashboard 的 root-scoped branch/tag/HEAD 上下文入口,completed,新 worktree 出现,分支被占用 -> 提示换分支或只用 revision；所有 multi-root 入口按所属 root 创建，跨 root 混选不提供批量 worktree action,tests/worktree.rs + ArborTests/HostingProviderTests.swift::BranchDirectoryTreeTests::testNewWorkingTreeRemainsSingleRootScopedForMultiRootReferences,
Git.WorkingTrees.Remove,git4idea.workingTrees.ui.RemoveWorkingTreeAction,workingTrees,删除 worktree,"worktree_remove(path, force)",WorktreePanel 删除/强制 (主 worktree 禁删),completed,移除条目,-,tests/worktree.rs,IntelliJ 复用 Delete 键
Git.WorkingTrees.Open,git4idea.workingTrees.ui.OpenWorkingTreeAction,workingTrees,打开 worktree (新窗口),openWindow(path),WorktreePanel 打开按钮 (IntelliJ 双击),completed,新窗口加载项目,窗口打开为 Swift 侧行为,tests/worktree.rs (列表),
Git.WorkingTrees.Refresh,git4idea.workingTrees.ui.RefreshWorkingTreesAction,workingTrees,刷新 worktrees,worktree_list,WorktreePanel 刷新按钮,completed,-,-,tests/worktree.rs,IntelliJ 复用 Synchronize 快捷键
Git.WorkingTrees.Prune,git4idea.workingTrees.ui.PruneWorkingTreesAction,workingTrees,清理失效 worktree 记录,worktree_prune,WorktreePanel Prune 按钮,completed,prunable 条目清除,-,tests/worktree.rs::worktree_lock_unlock_and_prune_update_porcelain_state,Git 原生 porcelain 状态与 prune 已验证
src worktree lock/unlock,git4idea.workingTrees,workingTrees,锁定/解锁 worktree,worktree_lock / worktree_unlock,WorktreePanel 锁定/解锁按钮,completed,locked 标记切换,-,tests/worktree.rs::worktree_lock_unlock_and_prune_update_porcelain_state,Git 原生 porcelain 状态已验证
src submodule management,git4idea 平台 submodule,submodule,子模块添加/更新/同步/移除/列表/嵌套 Log/Push/Remote Config,submodule_add / submodule_update / submodule_sync / submodule_remove / submodule_list / submodule_log / submodule_update_path_with_cancel / submodule_update_path_with_auth_and_cancel / run_multi_root_push / run_root_update_for_push_recovery / run_multi_root_push_recovery / *_with_auth_and_cancel,RebasedDialogs.swift: Operations > Submodules / SubmodulePanel / SubmoduleLogView; initialized submodule Push -> root-scoped PushDialogView; submodule Remotes -> root-scoped RemoteConfigDialog; Git Roots Push All -> run_multi_root_push; Update Project -> run_multi_root_update,verified-partial,核心 add/list/update/deinit/sync/remove/Push/Remote Config 入口已验证；初始化的嵌套仓库可读取自己的提交历史；本地 URL 的 add/update 仅对该次用户操作显式允许 file transport；SubmodulePanel 与 Update Project 的 detached-submodule fetch 统一通过 credential broker 和进程组取消；Changes Browser 对 gitlink 显示旧/新 commit 并可展示 nested file-level diff；detached submodule 在 Update Project 中递归发现最近父仓库，最深层优先保存现场，再由父 root 更新 gitlink 并逐层 checkout，tracked/untracked 现场逐层恢复；standalone Submodule Update 成功后仅对实际移动的 child root 提供 expected-HEAD guarded、可跨重启的 Undo；多 root Commit/Push 与 Git Roots Push All 已按最深层 submodule 到 superproject 排序,路径不存在/非 gitlink/未初始化/命令失败/取消 -> EngineError；Push All 通过 credential/cancel 汇总逐 root partial result，child 失败/取消会阻止父 gitlink 提前发布并提供 Retry；Push 失败通知已提供 root-scoped Retry，non-fast-forward 可选择该 root 的 Update with Merge/Rebase，更新冲突可进入 Resolve Conflicts；Push recovery 通过 run_root_update_for_push_recovery / run_multi_root_push_recovery 更新被拒绝 root，child-first 保存/恢复父 root 与嵌套 submodule 工作区并重新 Push；非-Update 复合动作不提供跨操作原子 rollback；各独立操作具备 root-scoped retry/undo，原生通知历史属于 V1 host-bound,tests/longtail.rs::submodule_add_list_sync_and_remove_roundtrip + submodule_add_with_auth_cancellation_stops_nested_clone + submodule_deinit_and_update_roundtrip + submodule_log_reads_nested_repository_history + submodule_log_rejects_uninitialized_worktree + tests/roots.rs::discovers_nested_submodule_and_marks_nearest_parent + tests/multi_root.rs::multi_root_update_updates_detached_submodule_from_parent_and_restores_local_changes + tests/multi_root.rs::multi_root_update_processes_nested_detached_submodules_in_parent_order + tests/multi_root.rs::push_recovery_updates_parent_without_clobbering_submodule_or_parent_worktrees + tests/multi_root.rs::multi_root_push_recovery_updates_and_republishes_selected_root + tests/multi_root.rs::multi_root_push_partial_failure_isolated + tests/multi_root.rs::multi_root_push_publishes_submodule_before_superproject + tests/diff_behavior.rs::submodule_commit_diff_shows_old_and_new_gitlink_ids + roots.rs unit tests::push_order_publishes_deep_submodules_before_superprojects / failed_submodule_blocks_only_its_superproject + ArborTests/CompareSelectionTests.swift::testStandaloneSubmoduleUpdateBuildsOnlyMovedChildUndoTargets,对齐 GitPushOperation 的 dependency ordering/grouped result；Swift 绑定已生成 runMultiRootPush / runRootUpdateForPushRecovery / runMultiRootPushRecovery / submoduleAddWithAuthAndCancel / submoduleUpdateWithOptionsWithAuthAndCancel / submoduleSyncWithAuthAndCancel / submoduleDeinitWithAuthAndCancel / submoduleRemoveWithAuthAndCancel / submoduleUpdatePathWithAuthAndCancel / submoduleUpdatePathWithCancel
Git.Hosting.Open.In.Browser.Group,git4idea hosting 集成,other,浏览器打开提交/文件链接,"permalink(remote_url, commit_id)",CommitDetailView.swift + LogSidebar.swift: CommitDetailsMetadataView 按 commit.repositoryPath 解析 root,verified-partial,按所选 commit.repositoryPath 与 root-specific remote 生成 hosting permalink 并打开浏览器,无法解析 root 或非托管远程 -> 入口隐藏,none,permalink 无测试
Git.Hosting.Copy.Link.Group,git4idea hosting 集成,other,复制 weblink 到剪贴板,permalink,LogGraphView.swift + LogSidebar.swift: CommitDetailsMetadataView + WorkspaceOperations.swift: Copy Repository Link,verified-partial,按所选 commit.repositoryPath 解析所属 Git root 与 root-specific remote 后将 GitHub/GitLab/Bitbucket permalink 写入剪贴板,无法解析 root 或非托管 remote -> fail-closed 结构化反馈,-,无专门 Swift clipboard 测试
src create/open pull request,git4idea hosting 集成,other,创建/打开 Pull Request,pr_url + HostingClient (API),HostingViews.swift: New Pull Request (API 创建) + CommitDetailView/LogGraphView browser actions,verified-partial,API 创建 PR 或浏览器打开,token 失败 -> 认证引导 alert,none,pr_url 无测试;GitHub OAuth 有 ArborTests
Git.Commit.And.Push.Executor,git4idea.actions.GitCommitAndPushExecutorAction,push_fetch,Commit and Push (两阶段操作),commit_with_options / commit_with_identity + run_multi_root_commit_with_options / run_multi_root_push_with_force_options,RebasedWorkspaceViews.swift: MultiRootCommitDialogView + WorkspaceOperations.swift: beginCommitAndPush / commitAndPushMultiRootSelectedRoots / multiRootCommitPushFeedbackAction,verified-partial,单 root 现在先完成 commit，只有 commit 成功后才打开共享 Push options；multi-root 先独立提交选中 roots，再只对实际成功创建 commit 的 roots进入共享 Push options；只有提交阶段全成功才自动打开 Push，部分提交保留失败 root Retry 与成功 root Push Committed Roots semantic action，Codable pushAfterCommit request 可跨重启恢复,非 Update compound rollback、完整 VcsNotifier 分组与 UI automation 仍 partial,tests/commit_push.rs::commit_and_push_round_trip_and_no_remote + ArborTests/CompareSelectionTests.swift::testMultiRootCommitRetryRequestRoundTripsFullCommitContext + testMultiRootCommitAndPushOnlyStartsPushAfterAnAllSuccessfulCommitPhase + testFeedbackHistoryRestoresMultiRootCommitPushActionAcrossReload,IntelliJ ctrl+alt+K (mac ⌥⌘K);Arbor 已绑定 ⌥⌘K；Git Roots > Commit All > Commit and Push Selected
src commit identity/sign-off/co-authors,git4idea.checkin,other,提交作者/签名/trailer 覆盖,commit_with_options(identity 参数),ContentView.swift: GitIdentitySettingsView,completed,author/committer/sign-off/co-authors 生效,-,tests/identity.rs + tests/commit_push.rs::commit_and_push_with_identity_preserves_author_committer_and_signoff,补充行
src commit template,git4idea.commit.GitTemplateCommitMessageProvider,other,提交信息模板 (commit template),commit_template,RebasedCommitWorkspace Template 按钮 (gear 菜单),completed,模板填入消息框,无模板 -> 空提示,tests/staging.rs::commit_template_reads_file,补充行
src recent commit messages,git4idea,other,最近提交消息复用,recent_commit_messages(limit),RebasedCommitWorkspace 时钟下拉菜单,completed,去重列表快速填入,-,tests/staging.rs::recent_commit_messages_dedup,补充行
src before-commit checks,git4idea.checkin (checkin handlers),other,提交前自定义检查命令,run_check_command / commit_checks (内置:身份/冲突/CRLF/大文件) + signing_config,BeforeCommitSettingsView.swift + doCommit 前置内置检查,completed,命令失败阻止提交;内置检查阻塞项引导,超时杀进程并报错,tests/before_commit.rs + tests/commit_checks.rs (7 个),COMMIT-001 已接入
src commit hooks,git4idea.checkin (hooks),other,提交钩子执行 (可跳过),commit(skip_hooks) / commit_with_options,RebasedCommitWorkspace Skip hooks 开关,completed,pre-commit 通过;commit-msg 可改写消息,钩子非零退出阻止提交,tests/hooks.rs,补充行
registry git.commit.completion.fixup.squash,registry,other,提交消息 fixup/squash 前缀补全,none,none,out-of-scope,-,-,none,用户明确不做 IDE 补全
gpg.agent.configuration,git4idea.commit.signing.GpgAgentConfigurationAction,other,GPG agent/pinentry 配置,set_git_identity(signCommits/signingKey/signingFormat) + commit_with_options(signKey) + gpg_agent_status + configure_gpg_agent + set_pinentry_user_data,ContentView.swift: GitIdentitySettingsView / DiagnosticsSettingsView -> GpgAgentSettingsView + ArborApp.swift: ArborPinentryService/ArborPinentryProcess + WorkspaceOperations.swift: signed operation session,verified-partial,签名提交生成；检测 gpgconf/default pinentry；备份并原子更新 gpg-agent.conf；reload gpg-agent；Use Arbor Embedded 生成 0700 launcher；仅当签名阶段有 Arbor PINENTRY_USER_DATA 会话令牌时路由至 helper，普通 GPG 调用直接使用系统 pinentry；主进程以 loopback listener + Curve25519/AES-GCM 与 helper 加密交换 passphrase；标准 pinentry stdin/stdout 协议、原生安全输入、取消/错误与非零退出不触发二次 fallback；GPG 不可用状态可展示并提供官方安装入口；签名失败保留可跨重启 Configure GPG Agent semantic action,远程开发传输、完整 IntelliJ Java PinentryService 协议细节、真实 GPG signing GUI automation、DialogWrapper 生命周期仍缺,arbor-engine/src/gpg.rs unit tests + ArborTests/CompareSelectionTests.swift::testEmbeddedPinentryProtocolEscapesAndUnescapesGpgData + testEmbeddedPinentryLauncherShellQuotesExecutablePaths + testEmbeddedPinentryLauncherRoutesOnlyArborSessionsToHelper + testPinentryEndpointAndEncryptedPassphraseRoundTrip + testGpgSigningFailureClassifierOffersConfigurationOnlyForGpgFailures + testOpenGpgAgentSettingsActionRequestRoundTrips + xcodebuild full + script/build_and_run.sh --verify,对照 git4idea/rt/src/git4idea/gpg/PinentryApp.java 与 GpgAgentConfigurator；launcher 路由与 fallback 语义已覆盖，真实 GPG key/UI automation 仍 partial
Git.Tag,git4idea.actions.GitTag,other,创建 tag (轻量/附注/签名),"tag_create / tag_create_with_options(annotated, signKey)",RebasedDialogs.swift: RebasedTagDialog,verified-partial,轻量/附注 tag 保留消息与目标；signed tag 进入短期 Arbor pinentry session，失败保留 Configure GPG Agent semantic action,重名或无效签名 key -> EngineError；真实 GPG key GUI signing 仍待人工验收,tests/tags.rs + ArborTests/CompareSelectionTests.swift::testGpgSigningFailureClassifierOffersConfigurationOnlyForGpgFailures,对照 GitTag action；签名 Tag 的 pinentry 生命周期已接入，真实 key/UI automation 仍 partial
src tag list/delete,git4idea,other,标签列表与删除,"tag_list / remote_tag_list(_with_auth/_and_cancel) / tag_delete / delete_remote_tag(_with_auth) / delete_remote_tag_with_auth_lease(_and_cancel)",LogSidebar.swift: 标签页 (推送/删除) + RebasedDialogs.swift: tag recovery Delete on Remote / single-root and multi-root Remote Tags…,verified-partial,本地 tag 列表/删除/恢复、单 root 与 multi-root 远程 tag 直接枚举/认证/root-qualified 选择/partial-result/lease-protected 删除、列表/删除取消可用,完整非模态通知历史、更细 credential/权限设置与 UI automation 仍缺,tests/tags.rs::remote_tag_list_reads_lightweight_and_annotated_tags + remote_tag_list_with_auth_cancellation_returns_cancelled + remote_tag_delete_with_auth_lease_cancellation_returns_cancelled + delete_remote_tag_is_lease_protected_and_idempotent + delete_remote_tag_with_auth_lease_rejects_stale_listed_object + ArborTests/CompareSelectionTests.swift::testMultiRootRemoteTagRowsKeepRepositoryIdentityAndSortStably,remote tag 单 root 与 multi-root 核心入口已补；保留 partial 只表示 IntelliJ 细节长尾
Git.CompareWithBranch,git4idea.actions.GitCompareWithRefAction,history,与分支/revision 比较,branch_list / remote_branch_list / tag_list / diff_revision_path_with_worktree_with_settings,ProjectFileTreeView.swift 文件右键 -> FileReferenceComparisonView.swift,verified-partial,项目文件上下文可打开 Branches/Remote Branches/Tags 选择器；选择后按最深匹配所属 Git root 将 revision 与当前 worktree 做文件级 side-by-side/unified diff，root discovery 尚未完成时按需刷新；无差异、二进制、ref 缺少文件和加载失败均有明确状态,完整 IntelliJ popup/DataContext/VcsNotifier 生命周期与 UI automation 仍缺,arbor-engine/tests/diff_behavior.rs::revision_to_worktree_diff_handles_text_and_missing_files + ArborTests/CompareSelectionTests.swift::testFileReferenceChoicesKeepBranchRemoteAndTagIdentity + ArborTests/CompareSelectionTests.swift::testFileReferenceComparisonUsesDeepestNestedGitRoot + xcodebuild test,
Git.Ref.Compare.With,git4idea.actions.branch.GitCompareWithBranchAction,branch,所选分支与当前比较,branch_compare,Branches Dashboard Compare with Current… -> Log 比较视图,verified-partial,当前 root 路由正确；完整 IntelliJ 双栏提交比较与 Changes Browser action model 仍缺,-,tests/branch_compare.rs,
Git.Ref.Compare.Selected,git4idea.backend.ShowArbitraryBranchesDiffAction,branch,所选两个分支的提交历史比较,branch_compare_commitwise,Branches Dashboard Compare Branches -> 双栏提交历史,verified-partial,两侧 A..B / B..A 独有提交与选中提交详情已接入；完整 VCS Log 双窗图形/过滤/automation 仍缺,-,ArborTests/HostingProviderTests.swift,
Git.Ref.Diff.Selected,git4idea.backend.ShowArbitraryBranchesFileDiffAction,branch,所选两个 branch HEAD 的文件差异,tree_changes / diff_commits,Branches Dashboard Show Files Diff -> Changes/Diff 浏览器,verified-partial,文件列表、多选、复制路径、文件间导航和 side-by-side diff 已复用；完整 IntelliJ Changes Browser action model 与 UI automation 仍缺,-,ArborTests/HostingProviderTests.swift,
Git.Ref.Diff.With.Local,git4idea.actions.ref.GitShowDiffWithRefAction,history,与 ref 的 diff 查看,tree_changes / tree_changes_with_worktree / diff_commits / diff_revision_with_worktree,LogSidebar.swift: 比较视图 + TreeCompareDetailView,verified-partial,单 root/multi-root reference-vs-tracked-working-tree 差异列表+文件内容查看+多选/复制路径/选中文件导航,完整 IntelliJ Changes Browser action model 与更多 UI automation 仍缺,tests/diff_behavior.rs::tree_changes_with_worktree_includes_tracked_staged_and_unstaged_changes + tree_changes_with_worktree_preserves_renames + ArborTests/CompareSelectionTests.swift,diff_commits 其它长尾仍需覆盖
Git.Compare.With.Branch.Popup.Settings (group),git4idea group,branch,比较弹窗设置,N/A,N/A,out-of-scope,-,-,-,UI 细节
Git.Toolbar.ShowMoreActions,git4idea.actions.GitQuickActionsToolbarPopup,other,Git 快捷动作弹出菜单,GitQuickListContentProvider,RebasedWorkspaceViews.swift: RebasedTopBar More Git Actions + VCSQuickActionsView + VCSQuickActionsPanelCoordinator,verified-partial,Commit/Stage tracked/Branches/Push/Stash/Unstash/Worktrees/Stage all/Copy Current Branch Name/Resolve Conflicts/Unshallow 入口已接入；Quick Git Actions 通过可复用非模态 NSPanel 提供搜索、上下键、Return、Escape 和 repository/shallow/current-branch/conflict 状态禁用；Stage tracked 与 Stage all 分别按 tracked/untracked worktree 状态禁用,,-,完整 QuickSwitchSchemeAction/DataContext provider 语义与 UI automation 仍缺
Vcs.QuickListPopupAction,platform reference,other,VCS 快捷列表弹出,N/A,ArborApp.swift: ProjectCommands + RebasedWorkspaceViews.swift: VCSQuickActionsView + VCSQuickActionsPanelCoordinator,verified-partial,Quick Git Actions… 通过统一 ArborVCSAction 路由，覆盖参考 GitQuickListContentProvider 集合；可复用非模态 NSPanel 支持搜索、键盘导航、Return/Escape 与状态感知禁用；tracked-only 与 tracked+untracked staging 的可用性来自当前工作区状态,-,ArborTests/CompareSelectionTests.swift::testVCSQuickActionItemsMatchGitQuickListOrderAndEnablement + testVCSQuickActionFilterRequiresAllQueryTokensCaseInsensitively + testVCSQuickActionsPanelCoordinatorUsesReusableNonModalPanel,原生 QuickSwitchSchemeAction/DataContext provider 与 UI automation 仍缺
Git.MainMenu (group),git4idea.actions.GitMainMenuActionGroup,other,Git 主菜单结构,N/A,ArborApp.swift: ProjectCommands + ArborVCSActionContext; ContentView.swift: focused VCS context,verified-partial,"已映射 Git 操作并新增 Quick Git Actions、Show Log、Operation Log、Git Roots、Git Console、Refresh Git State 入口；Local Changes 子菜单现在提供 Show Shelf、Revert Selected Changes、Shelve、Stash、Unstash，且 Resolve Conflicts、Worktrees、Configure Remotes 已可直达；主菜单按 repository/current branch/local changes/remotes/shallow/conflicts 和当前选中的单个本地变更动态禁用不适用动作；Quick Actions 与主菜单共享当前窗口上下文",-,-,原生 IntelliJ action-group 的多选 ChangesView/DataContext 生命周期与 UI automation 仍缺；测试见 ArborTests/CompareSelectionTests.swift::testVCSActionContextMatchesGitMenuEnablement + testSelectedRevertPathIsTrackedAndSelectionScoped
Git.Menu / Git.ContextMenu (groups),git4idea.actions.GitMenu,other,Git 弹出菜单/文件上下文菜单,N/A,ProjectFileTreeView.swift + DiffDetailView.swift 工具栏 + LogGraphView.swift 上下文菜单,verified-partial,项目文件树已提供 Git.FileActions、Show Current Revision、Revert、Resolve Conflicts 和 Revert Resolved；文件级写操作按当前状态和路径直接路由，Show Current Revision 按最深 owning Git root 使用 --all 路径历史并展示提交元数据；目录递归 Add 与冲突目录聚合保持禁用,原生 VersionControlsGroup/DataContext/ProgressManager/VcsNotifier 生命周期与 UI automation 仍缺；Diff/Log 其它上下文动作继续由各自工作区承载,ArborTests/CompareSelectionTests.swift::testProjectFileTreeContextMutationsFollowGitFileStatus + testProjectFileTreeShowCurrentRevisionFollowsGitFileStatus + testProjectFileTreeRevertResolvedIsExactFileScoped + arbor-engine/tests/log_filter.rs::command_log_filter_can_find_file_revision_on_another_ref_with_follow + xcodebuild focused/full test,组行
Git.FileActions (group),git4idea.actions.GitFileActionGroup,other,文件级 Git 操作组,stage / diff / blame / restore / file_history / compare_selected,ProjectFileTreeView.swift + FileContentView.swift + WorkspaceOperations.swift + FileReferenceComparisonView.swift + RebasedCommitWorkspace + ArborApp.swift,verified-partial,VCS > Git > File Actions 在有显式文件/目录选区时提供 Checkin Files、Add、Annotate、Compare with HEAD、Compare with Selected Revision、Compare with Branch or Tag 和 Show File History；项目文件树上下文菜单现在同样提供 Checkin Files、Add、Revert、Resolve Conflicts 和 Revert Resolved；Add/Revert 执行前重新解析 owning Git root，比较/历史使用 root-relative 路由,原生 GitFileActionGroup 的多选 DataContext、History for Block、Compare action presentation、VersionControlsGroup/VcsNotifier 生命周期和 UI automation 仍缺；目录主菜单仅开放适用的比较动作，目录递归 Add 与冲突目录聚合保持禁用,ArborTests/CompareSelectionTests.swift::testVCSActionContextMatchesGitMenuEnablement + testProjectFileTreeContextMutationsFollowGitFileStatus + testProjectFileTreeRevertResolvedIsExactFileScoped + testProjectFileTreeHistoryIsFileScopedAndNormalizesPath + testProjectFileHistoryPrefersTheOwningTreeRootOverLogSelection + testProjectFileTreeAnnotateKeepsGitUnsupportedFilesDisabled + testProjectFileTreeSelectedRevisionComparisonRejectsUnsupportedStatus + xcodebuild focused/full test,组内其它平台动作仍由各自工作区入口承载；不宣称完整 native action-group parity
Git.Compare.SameVersion,com.intellij.openapi.vcs.actions.CompareWithTheSameVersionAction,history,当前文件与 HEAD 工作区差异,diff_file_with_settings,ProjectFileTreeView.swift + ContentView.swift + DiffDetailView.swift,verified-partial,项目文件树 Compare with HEAD 按最深 owning Git root 打开只读 HEAD → Local Diff；clean modified deleted tracked 文件可用；untracked ignored conflicted 和无 HEAD 仓库 fail-closed,原生 CompareWithTheSameVersionAction 的 DataContext DiffManager lifecycle 与 UI automation 仍缺,ArborTests/CompareSelectionTests.swift::testProjectFileTreeSameVersionComparisonKeepsHeadBoundary + xcodebuild focused/full test,对照 platform CompareWithTheSameVersionAction；不宣称完整 native action lifecycle
Git.Compare.Selected,com.intellij.openapi.vcs.actions.CompareWithSelectedRevisionAction,history,当前文件/目录与选定历史版本的工作区差异,log_filtered_follow_after_id / diff_revision_path_with_worktree_with_settings / tree_changes_with_worktree,ProjectFileTreeView.swift + ContentView.swift + WorkspaceOperations.swift + FileReferenceComparisonView.swift,verified-partial,项目文件树 Compare with Selected Revision 按最深 owning Git root 打开 follow-renames 历史选择器；首屏 200 条后可用 root-scoped afterId 分页；选择后文件使用完整 object ID 的 revision→worktree diff，目录使用 directory Changes Browser；提交摘要、作者、时间和 message 在选择器中可见；untracked ignored conflicted 禁用,原生 VcsCachingHistory/PopupChooser/DataContext/DiffManager lifecycle 与 UI automation 仍缺,ArborTests/CompareSelectionTests.swift::testProjectFileTreeSelectedRevisionComparisonRejectsUnsupportedStatus + testSelectedRevisionChoiceUsesFullObjectIdentityForDiff + xcodebuild focused/full test,对照 CompareWithSelectedRevisionAction；不宣称完整 native popup/action lifecycle
Git.MainMenu.LocalChanges (group),group,stash,本地变更组 (shelve/stash/revert),stash_* / shelve / restore_file,ArborApp.swift: VCS > Git > Local Changes + RebasedCommitWorkspace,verified-partial,"VCS > Git > Local Changes now exposes Show Shelf, Revert Selected Changes, Shelve, Stash and Unstash; Show Shelf selects the Shelf tab through a monotonic request and Unstash reuses the root-aware dialog; Revert consumes one trusted Commit/Stash, Diff, or Project selection and restores index/worktree from HEAD after confirmation; Apply Patch remains the sibling Patch.MainMenu action as in the reference XML","Multi-selection ChangesView/DataContext, native action lifecycle, VcsNotifier and UI automation remain partial; untracked/ignored/conflicted selections fail closed",tests/stash.rs + tests/shelve.rs + ArborTests/CompareSelectionTests.swift::testVCSActionContextMatchesGitMenuEnablement + testSelectedRevertPathIsTrackedAndSelectionScoped,对照 intellij.vcs.git.backend.xml Git.MainMenu.LocalChanges；selection-scoped Revert 已接入但不冒充 project-wide multi-select
Git.MainMenu.RebaseActions / MergeActions (groups),groups,merge,rebase/merge 进行中子菜单,rebase_continue / rebase_abort / rebase_skip / merge_continue / merge_abort / finish_merge,RebasedCommitWorkspace 状态横幅,verified-partial,continue/abort/skip 可用,失败保留状态,tests/rebase.rs + tests/opstate.rs,rebase_skip 与 merge_abort 已补 (OPS-001)
GitRepositoryActions (group),group,other,仓库级动作组,N/A,popover + 顶栏,verified-partial,-,-,-,组行
Git.BranchOperationGroup,git4idea.ui.branch.GitLogBranchOperationsActionGroup,branch,日志中分支操作,N/A,LogGraphView.swift: 单提交上下文菜单动态 Branches/Tags ref action group,verified-partial,"按 commit.refs / remoteRefs / tagRefs 构造 local、remote、tag 子菜单；排除当前 local branch，提供 checkout、checkout and update、checkout with rebase、checkout as new branch、compare、working-tree diff、merge、rebase，以及 local update/push/rename/delete、remote pull/delete、tag merge/delete",无法解析 commit.repositoryPath 时 action router fail-closed；完整原生 DataContext/action-group lifecycle、ref presentation comparator 和 UI automation 仍缺,ArborTests/CompareSelectionTests.swift::testLogReferenceActionTargetsMirrorSingleCommitRefGroup,相较 IntelliJ 的单提交 ref action group 已补齐用户可见核心操作，仍为 partial
Git.Log.ContextMenu (group),group,history,日志上下文菜单,revert / cherry_pick / checkout_detached / reset / branch_create / tag_create / uncommit / auto-squash,LogGraphView.swift: contextMenu,verified-partial,各项可用；Create Tag at Commit 已接入共享 Tag dialog，并按 commit.repositoryPath 路由 root；从提交创建分支与创建 Tag 均按 IntelliJ 单提交 action 规则在多选时禁用，并在 commit root 无法解析时 fail-closed；LogActionAvailability 按 active operation root 约束历史改写、按单 root 约束 rewrite/add-to-remote、按本地改动约束 auto-squash，并保留 cherry-pick/revert 的跨 root 语义；跨 root Cherry-pick/Revert 现在按 commit.repositoryPath 分组、保留每个 root 内的选择顺序并逐 root 执行，Cherry-pick 的 root-specific remote/protected-branch 判定不再误读主仓库；冲突停止后续 root 并绑定触发冲突的恢复工作台；参考 VcsLogSingleCommitAction 的 selection-size 规则，Tag/Branch/Checkout/Interactive Rebase/单提交 rewrite/Push Up/Undo 多选禁用,-,ArborTests/ReflogSelectionTests.swift::testLogActionAvailabilityBlocksActiveAndCrossRootMutations + ArborTests/CompareSelectionTests.swift::testLogCommitRootBatchesPreserveRootAndSelectionOrder + testLogReferenceActionTargetsMirrorSingleCommitRefGroup,组行；squash message dialog、完整 DataContext/action-group 生命周期、跨 root 专属通知分组与部分长尾 action 仍缺
Git.Log.ContextMenu.CheckoutBrowse (group),group,branch,检出/浏览 revision 组,checkout_detached + list_revision_dir/read_revision_file,LogGraphView.swift + RevisionBrowserView.swift,completed,detached checkout 或本地 revision browser,脏工作区/无效 revision -> 结构化错误,tests/checkout.rs + tests/read_file.rs,组行
Git.FileHistory.ContextMenu (group),group,history,文件历史上下文 (revert/fixup/squash/tag),revert / auto_squash / tag_create,LogGraphView.swift: File History 专属 context menu,verified-partial,独立 History tab 复用 Log graph 的图表与详情，但上下文菜单已按 IntelliJ FileHistory action group 收窄为 Revert、Create Fixup/Squash Commit 与 Create Tag at Commit；Fixup/Squash 沿用单提交/线性目标/本地改动/活动操作 root enablement，Tag dialog 保留提交所属 root,原生 File History provider/DataContext/action presentation 与 UI automation 仍缺,ArborTests/CompareSelectionTests.swift::testFileHistoryCommitActionsRespectRewriteAndTagBoundaries + xcodebuild focused/full test,组行；不宣称完整 native action-group parity
Git.Log.Branches.Toolbar.Actions / Settings (groups),groups,history,日志分支面板工具栏/设置,N/A,LogSidebar.swift: LogBranchesPanel + MultiRootLogBranchesPanel + settings menu,verified-partial,目录分组/搜索/最佳匹配选中/上下键与回车导航/比较/创建/清理/删除；多 root root-aware 分支过滤/导航/比较/删除已接入,跨 root 复合分支多选/聚合历史仍有限，且 IntelliJ action-group enablement 仍未完全复刻,-,当前 root 与 root-aware multi-root dashboard 已接入
git.branches.show.tags,com.intellij.vcs.git.actions.GitBranchesTreeShowTagsAction,branch,分支弹窗中显示 tags,"tag_list / remote_tag_list_with_auth(_and_cancel) / delete_remote_tag_with_auth / delete_remote_tag_with_auth_lease(_and_cancel)",RebasedDialogs.swift: RebasedBranchesPopover / MultiRootBranchesPopover TAGS + single-root and multi-root Remote Tags dialogs + tag recovery actions,verified-partial,基础显示/删除/重命名/推送；Show Tags 设置已在单 root/multi-root Branches Popup 中按 project path 持久化并控制 TAGS 区与键盘候选；单 root 与 multi-root 可直接选择远程 tag、认证、按 root 汇总部分结果并 lease-protected 删除；本地删除后可按 remote 删除同名远程 tag，列表/删除取消后停止剩余批处理,完整非模态通知历史、更细 credential/权限设置与 UI automation 仍缺,tests/tags.rs::remote_tag_list_reads_lightweight_and_annotated_tags + remote_tag_list_with_auth_cancellation_returns_cancelled + remote_tag_delete_with_auth_lease_cancellation_returns_cancelled + delete_remote_tag_with_auth_lease_rejects_stale_listed_object + ArborTests/CompareSelectionTests.swift::testMultiRootRemoteTagRowsKeepRepositoryIdentityAndSortStably + ArborTests/HostingProviderTests.swift::GitBranchesPopupSettingsTests,远程 tag 单 root 与 multi-root 核心入口已补；partial 仅保留 IntelliJ 细节长尾
Git.CheckoutGroup,git4idea.actions.GitCheckoutActionGroup,branch,检出组 (revision/branch),checkout_detached / switch_branch,popover + LogGraphView,verified-partial,"Log 单提交右键现在按 IntelliJ 规则将当前提交上的非当前本地分支与 selected revision 统一放入 Checkout action group；存在多个本地候选时展开分支列表并保留 Checkout Revision <short-hash>，没有分支候选时直接显示带 hash 的 revision action；分支 action 按 commit.repositoryPath 路由，revision action 进入 detached checkout，并复用 Smart/Force/Cancel 与 operation recovery",无法解析 commit.repositoryPath、当前 root 有活动操作或 mutation 被禁止时 action disabled；完整原生 DataContext/action-group lifecycle 与 UI automation 仍缺,tests/checkout.rs + ArborTests/CompareSelectionTests.swift::testLogCheckoutGroupKeepsOnlyNonCurrentLocalBranches + xcodebuild test + script/build_and_run.sh --verify,GitCheckoutActionGroup 的用户可见分组语义已接入；原生 action lifecycle 长尾仍保持 partial
Git.Log.Internal (group),group,history,内部日志调试组,run_git_command,RebasedWorkspaceViews.swift: GitConsoleView,out-of-scope,-,-,-,internal
git.update.force.pushed.branch,git4idea.actions.branch.GitForcePushedBranchUpdateAction,branch,强制更新被推过的分支 (internal),force_pushed_branch_update_with_auth_and_cancel + force_pushed_branch_update_with_auth_and_cancel_force + run_multi_root_force_pushed_branch_update_with_auth_and_cancel,RebasedBranchesPopover.swift: current branch Update Force-Pushed Branch… / Update Force-Pushed Branch in Repositories…,verified-partial,"fetch 后备份当前 tip、hard reset 到 upstream、线性本地提交 oldest-first replay；本地 merge commit 回退普通 Merge update；dirty scene 按 Stash/Shelf 保存并恢复；affected paths 提供 Smart/Force/Cancel，Force 只显式丢弃 tracked local changes；multi-root 按 root 聚合结果并支持部分失败恢复；replay 不完整时保留命名 backup branch，warning 提供 Open Branches 与经过确认流程的 Delete backup branch action；UpdateSession 按 IntelliJ 的 merge-base(local HEAD, old tracking) 作为 range start 计算 received commit/file counts，single/multi-root Feedback 都提供 root-qualified View Commits 聚合 Log action，semantic request 可跨重启恢复并保留 skipped/failed 原因",更完整 rollback 与更完整 native notification 生命周期仍缺,tests/remote_config.rs::force_pushed_branch_update_replays_local_commits_and_restores_dirty_files + tests/remote_config.rs::force_pushed_branch_update_keeps_named_backup_after_replay_conflict + tests/multi_root.rs::multi_root_force_pushed_update_replays_and_restores_each_root,当前分支入口、Smart/Force 决策、multi-root 逐 root 结果、失败 backup lifecycle warning/action、UpdateSession counts 与 apply marker 跨重启 Resolve action 已接入
src workspace status aggregation,repo.rs workspace_status,other,指定路径增量状态刷新,workspace_status(paths),ContentView.swift: refreshAll 增量刷新,completed,指定路径增量刷新,-,tests/status.rs::status_paths_only_refreshes_requested_pathspec,补充行
Vcs.Show.Shelf.RecentlyDeleted,platform reference,stash,Recently Deleted Shelf 生命周期,shelve_deleted_list + shelve_restore_deleted + shelve_delete_deleted + shelve_deleted_diff + shelve_unshelve_deleted_paths_with_options,RebasedWorkspaceViews.swift: Recently Deleted section and member tree,verified-partial,删除 shelf 或删除最后成员进入回收区；支持跨重启 Restore 与 Delete Permanently；读取回收区时按 7 天自动过期并持久化生命周期更新时间；项目打开立即、之后每日对所有 Git roots 协调收敛 pending delete 与过期清理；基础 recycled/toDelete/deleted 状态、部分 Unshelve 拆分、冲突完成后的 selected-only 回收和 pending delete 重启收敛已覆盖；Restore/Drop action context 可在历史和原生通知跨重启恢复，并按 project/root/shelf 隔离；Recently Deleted 列表展开文件成员并支持成员级 Unshelve/Unshelve and Remove 与 patch 预览；仍缺更细粒度通知分组和撤销语义,-,tests/shelve.rs::shelve_drop_moves_to_recently_deleted_and_restores_after_reopen + shelve_metadata_tracks_description_timestamp_and_deleted_state + shelve_recycled_state_survives_reopen_and_keeps_description + shelve_partial_unshelve_conflict_completion_recycles_only_selected_members + shelve_recycled_drop_restore_preserves_recycled_state_and_description + shelve_pending_delete_converges_after_reopen + recently_deleted_shelves_expire_after_seven_days + shelve_drop_can_be_deleted_permanently + dropping_last_shelf_member_enters_recently_deleted + shelve_deleted_shelf_can_unshelve_selected_members_and_consume_only_them + ArborTests/CompareSelectionTests.swift::testShelfLifecycleRunsImmediatelyThenDaily + testFeedbackHistoryRestoresSemanticShelfActionAcrossReload,后台 lifecycle monitor 已接线
Vcs.Show.Shelf.ClearAlreadyUnshelved,platform reference,stash,清理已应用 Shelf,shelve_clean_recycled,RebasedWorkspaceViews.swift: Shelf menu,verified-partial,按生命周期 cutoff 永久删除 recycled Shelf 列表；普通 active 与 Recently Deleted 不受影响,-,tests/shelve.rs::shelve_clean_recycled_removes_only_already_unshelved_lists,完整回收 action model 与细粒度通知分组仍缺；FeedbackCenter 已持久化安全通知摘要，Restore/Drop semantic action context 已可跨重启执行
Vcs.Show.Log.SubmoduleChanges,platform reference,submodule,Changes Browser 查看子模块变化,submodule_change + diff_commits_with_paths,LogSidebar.swift: gitlink row context menu and diff preview -> SubmoduleChangeView -> SubmoduleNestedFileDiffView,verified-partial,展示父仓库旧/新 gitlink、当前 checkout、初始化/dirty 状态、嵌套 old..new 提交范围及文件级 nested_changes；点击文件可在嵌套 repository 中查看 rename-aware old/new revision diff，支持 added/deleted 空树侧与 side-by-side/unified 视图,-,arbor-engine/tests/longtail.rs::submodule_change_exposes_gitlink_range_and_nested_worktree_state + arbor-engine/tests/diff_behavior.rs::diff_commits_with_paths_handles_renamed_file_endpoints + xcodebuild test,standalone Update Undo 与跨 root rollback 已有；非 Update 复合 action 编排、完整通知历史和 UI automation 仍缺
Vcs.Show.Shelf.Recovery.ViewSavedChanges,git4idea.backend.stash.GitChangesSaver,stash,自动保存现场恢复失败时查看已保存变更,shelve_list + shelve_diff + stash_list + stash_diff + apply_local_changes_restore_info + rebase_local_changes_restore_info,WorkspaceOperations.swift: pendingSavedChangesFeedbackAction + scanPendingApplyRestores + RebasedCommitWorkspace saved preview,verified-partial,Pull/Checkout/Update/Reset/Merge/Revert/Cherry-pick 等 preservation restore conflict or restore error 可定位并预览准确 Shelf/stash；单仓库 Rebase 的取消/失败/暂停通知以及重启后的 Rebase marker 也提供 root-qualified View saved changes…，并保留稳定 artifact id,仍缺完整 notification grouping、全部 IntelliJ native action lifecycle 与更细的自动 Unshelve 来源,arbor-engine/tests/rebase_todo.rs::rebase_local_changes_restore_info_reads_exact_marker_identity + ArborTests/CompareSelectionTests.swift::testSavedChangesActionRequestRoundTripsAndKeepsLegacyPayloadsReadable + testFeedbackHistoryRestoresSavedChangesPreviewActionAcrossReload,Aligned with GitChangesSaver.notifyLocalChangesAreNotRestored and GitShelveChangesSaver.showSavedChanges
Vcs.Show.Shelf.RecentlyDeleted.BulkActions,platform.vcs-impl.RestoreShelvedChange,stash,Recently Deleted 批量 Restore 与永久删除,shelve_restore_deleted + shelve_delete_deleted + Codable semantic action,RebasedWorkspaceViews.swift: Recently Deleted selection toolbar; WorkspaceOperations.swift: restoreDeletedShelves/deleteDeletedShelves,verified-partial,Cmd 选择多个已删除 Shelf；Restore Selected 与 Delete Permanently Selected 一次处理多项并保留 partial result；逐项 completed/total 进度、稳定 notification ID 与只包含失败列表的 Retry Remaining Shelf Actions 已接入；Restore 成功项保留反向 Drop action；删除列表展开文件成员并支持成员级 Unshelve/Unshelve and Remove，单项菜单继续可用；active 多 Shelf 删除通知现在使用一个携带 name→timestamp 映射的批量 Undo action,更细的通知分组与完整回收列表 action model 仍缺,tests/shelve.rs::shelve_drop_moves_to_recently_deleted_and_restores_after_reopen + shelve_deleted_shelf_can_unshelve_selected_members_and_consume_only_them + ArborTests/CompareSelectionTests.swift::testShelfActionRequestRoundTripsAcrossPersistenceBoundary + testShelfBatchDeletionUndoActionPreservesAllOriginalTimestamps + testShelfLifecycleBatchRetryActionRequestRoundTrips + testFeedbackHistoryRestoresShelfLifecycleBatchRetryActionAcrossReload,Aligned with RestoreShelvedChange and UnshelveChangesActionBase
Vcs.Show.Shelf.Unshelve.MultipleShelves,platform.vcs-impl.UnshelveWithDialogAction,stash,多 Shelf 统一目标 Changelist Unshelve,shelve_unshelve_with_options + changelist_move_paths,RebasedWorkspaceViews.swift: multi-shelf selection and target chooser,verified-partial,Cmd 选择多个 Shelf 或跨 Shelf 成员；整 Shelf 与多个选中成员现在都可统一选择目标 Changelist，并保留 Remove Applied Files 策略；按 IntelliJ 语义串行应用并保留成功/失败/冲突 partial result，Retry action 持久化目标 Changelist,多 Shelf 细粒度进度、跨通知批量 action context、differentiated patch 细节与完整回收 action model 仍缺,tests/shelve.rs::shelve_partial_unshelve_conflict_completion_recycles_only_selected_members + ArborTests/CompareSelectionTests.swift::testShelfMemberBatchRetryActionRequestRoundTripsGroupedPaths,Aligned with UnshelveWithDialogAction.unshelveMultipleShelveChangeLists
Vcs.Show.Shelf.UnshelveSilently,platform.vcs-impl.UnshelveSilentlyAction,stash,非对话框静默 Unshelve,shelve_unshelve_with_options + shelve_unshelve_deleted_with_options + changelist_ensure + changelist_move_paths,RebasedWorkspaceViews.swift: active/recycled/Recently Deleted selected Shelf actions,verified-partial,选中一个或多个 active/recycled/Recently Deleted Shelf 后可用工具栏 action 与 Ctrl-Alt-U 直接恢复；按自动 Changelist 设置逐 Shelf 归属；deleted list 直接从 deleted ref/patch apply，默认保持 deleted 生命周期，Remove Applied 时整组消费或保留未应用 remainder；不弹出目标选择对话框；串行执行并保留 partial/冲突恢复,完整回收 action model 仍缺；revision-backed 与 raw/hunk imported apply 均有真实文件级进度，普通失败成员保留在 remainder，冲突暂停并保留恢复快照,tests/shelve.rs::shelve_unshelve_then_drop + shelve_deleted_shelf_can_be_unshelved_without_restoring_the_list + shelve_deleted_shelf_remove_applied_permanently_consumes_the_list + imported_shelf_keeps_successful_members_when_another_member_fails + imported_deleted_shelf_remove_applied_keeps_failed_member_deleted + ArborTests/CompareSelectionTests.swift::testAutomaticChangelistSettingDefaultsOffAndPersists,Aligned with ChangesView.UnshelveSilently and ShelvedChangesViewManager.getShelvedLists
Vcs.Show.Shelf.Unshelve.SinglePatchDialog,platform.vcs-impl.UnshelveWithDialogAction,stash,单 Shelf patch 文件选择与目标 Changelist,shelve_unshelve_paths_with_options_differentiated + shelve_unshelve_selections_with_options_differentiated + changelist_move_paths + shelve_file_diff + imported_patch_file_diff + *_with_base,RebasedDialogs.swift: RebasedUnshelveDialog,verified-partial,单 Shelf 对话框支持文件级与文本 hunk 勾选、全选/清空、binary/rename-only 文件整体选择、目标 Changelist 与 Remove Applied Files 策略；空选区禁止提交；部分 hunk apply 与 remainder/Recently Deleted lifecycle 共享 Rust 选择模型；revision-backed active/Recently Deleted Unshelve 现在按文件成员返回 applied/failed，冲突暂停后可完成/回滚并恢复原 index 边界；revision-backed 文件可在对话框内切换结构化 side-by-side/unified 预览，导入型 raw patch、binary 或缺少 base 时回退原始 patch并展示原因；文件树支持目录展开/折叠、扁平切换与 Added/Deleted/Modified/Renamed 状态图例；imported patch 支持 base directory + 真实 -pN path-strip 映射（包括标准 raw endpoint 下的 -p0），候选对多个文件及父目录求交集，并按预期行号 ±100、最多 5 个 split hunk 做 IntelliJ 对齐上下文排序；project-scoped recursive physical scan 已覆盖 package descendants 中的 tracked/untracked 文件，新增文件的同分候选回退 project root，用户仍可手动调整；imported Shelf 预览现在在隔离临时目录中按当前 worktree 试应用并展示真实 Local → Applied Patch diff，Git 精确位置失败时使用 context-aware fallback，无法 clean preview 时回退 raw patch；raw imported/hunk apply 逐文件尝试，已应用片段跳过，普通失败成员恢复并留在 remainder/Recently Deleted，成功成员保留，冲突暂停并保留快照；binary/rename/mode-only 继续走原有路径,VFS dirty-scope 生命周期与精确 FilenameIndex 过滤仍缺，其它细粒度回收 action 也未完全对齐；自动保存现场的 preservation Pop 现在使用 differentiated executor，普通用户 Pop 仍保留 legacy 兼容入口,tests/shelve.rs::native_differentiated_unshelve_conflict_completion_restores_index_boundary + shelve_unshelve_selected_hunk_keeps_unselected_hunk_and_lifecycle + imported_patch_preview_differs_against_current_local_content + imported_shelf_can_apply_selected_paths_with_a_mapped_base_directory + imported_shelf_can_apply_selected_paths_with_a_path_strip + imported_shelf_can_apply_a_zero_path_strip_with_raw_endpoints + imported_shelf_skips_already_applied_hunks_and_applies_the_rest + imported_shelf_that_is_fully_applied_is_a_successful_noop + imported_shelf_keeps_successful_members_when_another_member_fails + imported_shelf_hunk_selection_keeps_failed_file_in_the_remainder + imported_deleted_shelf_remove_applied_keeps_failed_member_deleted + preservation_pop_without_snapshot_uses_differentiated_conflict_restore + ArborTests/CompareSelectionTests.swift::testImportedPatchContextMatcherScoresSplitHunksWithFivePartCap + testImportedPatchContextMatcherSkipsPureInsertionsBeforePartLimit + testImportedPatchContextMatcherUsesExpectedLineWindow + testImportedPatchBaseSearchIncludesUntrackedPackageDescendants + testImportedNewPatchFallsBackToProjectRootForAmbiguousCandidates,Aligned with ApplyPatchDifferentiatedDialog/MyUnshelveDialog
Vcs.Show.Shelf.DiffWithLocal,platform.vcs-impl.DiffShelvedChangesWithLocalActionProvider,stash,Shelf 与当前本地文件比较,"shelve_file_diff(name,path,with_local) + imported_patch_file_diff",RebasedWorkspaceViews.swift: PatchDiffPreviewView Compare with Local,verified-partial,常规 revision-backed Shelf 支持 Base/Shelved 与 Local/Shelved 结构化 side-by-side/unified 差异；binary 使用 raw patch；导入型纯 patch 现在在隔离目录中以当前 worktree 试应用并展示 Local → Applied Patch，偏移应用能保留本地额外行，失败时明确回退 raw patch,完整 ApplyPatchViewer 的原生 DiffManager action lifecycle 与 UI automation 仍缺,arbor-engine/tests/shelve.rs::shelve_diff_returns_patch_without_mutation + imported_patch_preview_differs_against_current_local_content,"Aligned with DiffShelvedChangesWithLocalActionProvider.showShelvedChangesDiff(project,true)"
Vcs.Show.Shelf.ApplyPop,platform.vcs-impl.ShelfActions.ApplyShelfAction+PopShelfAction,stash,Shelf 直接 Apply/Pop,shelve_unshelve_with_options_differentiated + shelve_pop_differentiated + shelve_pop_preservation,RebasedWorkspaceViews.swift: active Shelf row and multi-selection actions,verified-partial,Apply (Keep) 与选中成员 Apply 以及用户可见 Pop (Apply and Remove) 现在按逐文件 executor 保留 applied/failed 结果并更新 active remainder；Pop 成功成员被消费、普通失败成员留在原 Shelf、冲突暂停后只消费已尝试/已解决成员，多选 Pop 串行执行；Pull/Checkout/Update/Rebase 等自动保存现场的 preservation Pop 也强制使用 differentiated executor，即使临时 index sidecar 缺失仍保留逐文件恢复快照与冲突完成语义,MatchPatchPaths 更精确的 VFS/FilenameIndex 生命周期、细粒度回收 action 和 native UI automation 仍缺,arbor-engine/tests/shelve.rs::native_differentiated_unshelve_conflict_completion_restores_index_boundary + native_differentiated_pop_conflict_completion_consumes_only_attempted_members + preservation_pop_without_snapshot_uses_differentiated_conflict_restore + imported_shelf_pop_keeps_failed_members_in_the_active_remainder + shelve_diff_returns_patch_without_mutation + ArborTests/CompareSelectionTests.swift::testShelfBatchRetryActionRequestRoundTripsAndKeepsLegacyPayloadsReadable,Aligned with ApplyShelfAction and PopShelfAction; preservation restore uses a separate API boundary from ordinary user Pop
Vcs.Apply.Patch,platform.vcs-impl.ApplyPatchAction+ApplyPatchFromClipboardAction+ApplyPatchDifferentiatedDialog,stash,独立 Apply Patch（文件/剪贴板）与 differentiated 文件/hunk 选择,apply_imported_patch_differentiated + apply_imported_patch_differentiated_with_cancel + apply_imported_patch + apply_imported_patch_selections + apply_imported_patch_complete_restore + imported_patch_file_diff + patch_index_paths,ArborApp.swift: VCS > Git > Apply Patch… / Apply Patch from Clipboard…; RebasedDialogs.swift: RebasedUnshelveDialog direct patch mode; WorkspaceOperations.swift: cancellable Apply Patch + aborted Operation Log state,verified-partial,"支持从文件或剪贴板导入 Git/unified patch、文件/hunk 选择、目标 Changelist、base/-pN、direct apply、冲突恢复、稳定 hunk 决策和 Local → Applied Patch 真实预览；两种来源共用同一 review/apply/recovery 链路，direct apply 不创建 Shelf，并按文件块返回 applied/failed partial result；取消或取消后续 apply 恢复原始 worktree/index 并返回成员级 Abort，成功文件保留、普通失败文件回滚","完整 VFS dirty-scope 生命周期、精确 FilenameIndex 过滤和 Recently Deleted action/notification model 仍缺","arbor-engine/tests/shelve.rs::imported_patch_can_apply_directly_without_creating_a_shelf + imported_patch_preview_differs_against_current_local_content + direct_imported_patch_keeps_successful_members_when_another_member_fails + direct_imported_patch_conflict_can_be_completed_without_shelf_metadata + arbor-engine/tests/shelve.rs::cancelled_direct_imported_patch_returns_abort_without_mutation + arbor-engine/tests/shelve.rs::direct_imported_patch_preflight_failure_does_not_create_restore_snapshot + ArborTests/CompareSelectionTests.swift::testApplyPatchConflictModePreservesPatchSemantics + testApplyPatchHunkModelTracksPendingAlreadyAppliedAndNotApplied + testVCSActionContextMatchesGitMenuEnablement","Aligned with ApplyPatchAction, ApplyPatchFromClipboardAction, ApplyPatchDifferentiatedDialog and ApplyPatchStatus.Abort"
Vcs.Show.Shelf.BatchRecovery,platform.vcs-impl.ShelveChangesManager.unshelveSilentlyAsynchronously,stash,批量 Shelf 进度与跨通知重试,shelve_unshelve_with_options_differentiated + shelve_pop_differentiated + shelve_pop_preservation + Codable semantic action,FeedbackCenter.swift: batchProgress and persisted action context; WorkspaceOperations.swift: Retry Remaining Shelves,verified-partial,多列表 Apply/Pop/Unshelve 显示逐列表进度；revision-backed Apply/Unshelve/用户可见 Pop 逐 Shelf 保留 applied/failed 文件结果，partial/失败/冲突结果提供带 project/root、Shelf 列表、操作类型、目标 Changelist 与 Remove Applied 策略的 Retry Remaining Shelves action；Pull/Checkout/Update/Rebase 的自动恢复也通过 preservation Pop 保持同一逐文件冲突/重试边界；历史与原生通知可跨重启路由,完整回收 action model、更细 notification 分组和原生通知生命周期仍缺,ArborTests/CompareSelectionTests.swift::testShelfBatchRetryActionRequestRoundTripsAndKeepsLegacyPayloadsReadable + testFeedbackCenterTracksBatchProgressUntilOperationFinishes + arbor-engine/tests/shelve.rs::native_differentiated_unshelve_conflict_completion_restores_index_boundary + native_differentiated_pop_conflict_completion_consumes_only_attempted_members + preservation_pop_without_snapshot_uses_differentiated_conflict_restore,Aligned with ShelveChangesManager.unshelveSilentlyAsynchronously
Vcs.Show.Shelf.Unshelve.MemberActions,platform.vcs-impl.UnshelveChangesAction+UnshelveChangesAndRemoveAction,stash,单 Shelf 成员直接 Unshelve / Unshelve and Remove,shelve_unshelve_paths_with_options,RebasedWorkspaceViews.swift: shelfMemberContextMenu+shelfItemView,completed,Shelf 文件成员右键和已选成员的 Shelf 行菜单提供保留 Shelf 与应用后移除两条非对话框入口；原有 Unshelve 对话框继续负责文件/hunk/目标 Changelist 选择；两条入口共用自动 Changelist、冲突快照与 Recently Deleted 生命周期；成员 Drop 产生的 Undo action 现在携带被删除路径并可跨重启路由；raw imported/hunk apply 已逐文件尝试，普通失败成员恢复并留在 remainder/Recently Deleted，成功成员保留，冲突暂停并保留快照,VFS dirty-scope 生命周期与精确 FilenameIndex 过滤仍缺，完整回收列表 action model 也未完全对齐；binary strip 排序已按 project base/最小 strip 对齐；revision-backed apply 已有真实文件级进度,arbor-engine/tests/shelve.rs::shelve_unshelve_selected_hunk_keeps_unselected_hunk_and_lifecycle + imported_shelf_skips_already_applied_hunks_and_applies_the_rest + imported_shelf_that_is_fully_applied_is_a_successful_noop + imported_shelf_keeps_successful_members_when_another_member_fails + imported_shelf_partial_apply_pauses_on_a_later_conflict,Aligned with UnshelveChangesActionBase
Vcs.Show.Shelf.RemoteActions,com.intellij.vcs.shelf.ShelfRemoteActionExecutor,remote-development,"Remote development Shelf actions",N/A,N/A,out-of-scope,-,-,-,"Requires IntelliJ remote backend/remote tree/plugin platform; product scope explicitly excludes plugin platform and IDE remote development."
Vcs.Show.Shelf.BatchDrop,platform.vcs-impl.ShelvedChangesViewManager.deleteShelves,stash,多选 Shelf 删除与恢复,shelve_drop + Codable semantic action,RebasedWorkspaceViews.swift: selected Shelf menu; WorkspaceOperations.swift: doShelveDropShelves,verified-partial,active Shelf 多选 Drop 按列表串行执行并显示 completed/total；成功项进入 Recently Deleted，并生成一个携带 name→原始 timestamp 映射、可跨重启执行的批量 Undo；失败项提供 Codable Retry Remaining Shelves；单项与批量 Shelf lifecycle 结果现在共用稳定通知 ID，仍缺完整回收列表 action model 与更细的 Recently Deleted 分组,-,ArborTests/CompareSelectionTests.swift::testShelfBatchDropActionRequestRoundTrips + testShelfBatchDeletionUndoActionPreservesAllOriginalTimestamps,Aligned with ShelvedChangesViewManager.deleteShelves and UndoShelfDeletionAction
Vcs.Show.Shelf.DifferentiatedProgress,platform.vcs.impl.ApplyPatchDifferentiatedDialog,stash,差异化 Shelf apply 文件级进度,shelve_unshelve_with_options_differentiated + shelve_unshelve_paths_with_options_differentiated + shelve_unshelve_selections_with_options_differentiated + shelve_pop_differentiated + shelve_pop_preservation + imported_patch_file_diff + git_progress_state,arbor-engine/src/shelve.rs + repo.rs + merge.rs + FeedbackCenter.swift,verified-partial,revision-backed active/Recently Deleted Unshelve、选中成员、Changelist drop 和用户可见 Pop 现在统一进入逐文件 executor：先对受影响路径建立可恢复 index/worktree 快照，再逐文件尝试，返回 applied/failed，普通失败成员恢复并保留在 remainder/Recently Deleted，成功成员保留或由 Pop 消费，冲突暂停并保留恢复快照；冲突完成后只消费已成功及已解决冲突成员，并恢复原始 index 边界；Pull/Checkout/Update/Rebase 的 preservation Pop 现在也强制使用同一 executor，在临时 index sidecar 缺失时仍按文件保留冲突恢复语义；Shelf/raw imported patch/hunk apply 先逐文本 hunk 使用 Git 正向/反向 check 跳过已应用片段；独立 Direct Apply Patch 继续按文件块尝试并返回 applied/failed partial result；imported patch apply 已支持手动 base-directory + 真实 path-strip 映射、project-scoped recursive 候选目录/父目录发现、package descendants 中的 tracked/untracked 文件与新增文件歧义回退 project root、按预期行号 ±100 且最多 5 个 split hunk 的上下文排序；imported preview 现在在隔离临时目录中按当前 worktree 试应用并生成 Local → Applied Patch diff,仍缺 MatchPatchPaths 的 VFS dirty-scope 生命周期、精确 FilenameIndex 过滤和完整回收通知分组,cargo test --test shelve::native_differentiated_unshelve_conflict_completion_restores_index_boundary + native_differentiated_pop_conflict_completion_consumes_only_attempted_members + preservation_pop_without_snapshot_uses_differentiated_conflict_restore + shelve_unshelve_then_drop + shelve_unshelve_merges_non_overlapping_local_edits + imported_patch_preview_differs_against_current_local_content + imported_shelf_can_apply_selected_paths_with_a_mapped_base_directory + imported_shelf_can_apply_selected_paths_with_a_path_strip + imported_shelf_can_apply_a_zero_path_strip_with_raw_endpoints + imported_shelf_skips_already_applied_hunks_and_applies_the_rest + imported_shelf_that_is_fully_applied_is_a_successful_noop + imported_shelf_keeps_successful_members_when_another_member_fails + imported_shelf_hunk_selection_keeps_failed_file_in_the_remainder + imported_deleted_shelf_remove_applied_keeps_failed_member_deleted + imported_shelf_partial_apply_pauses_on_a_later_conflict + direct_imported_patch_keeps_successful_members_when_another_member_fails + ArborTests/CompareSelectionTests.swift::testImportedPatchContextMatcherScoresSplitHunksWithFivePartCap + testImportedPatchContextMatcherSkipsPureInsertionsBeforePartLimit + testImportedPatchContextMatcherUsesExpectedLineWindow + testImportedPatchBaseSearchIncludesUntrackedPackageDescendants + testImportedNewPatchFallsBackToProjectRootForAmbiguousCandidates + cargo test + xcodebuild test + script/build_and_run.sh --verify,Aligned with ApplyPatchDifferentiatedDialog progress semantics
GitSingleRefActions.ShowDiffWithWorkingTree,git4idea.actions.ref.GitShowDiffWithRefAction,branch,主/多 root Branches Popup 引用与工作区比较,showBranchDiffWithWorkingTree,RebasedDialogs.swift: RebasedBranchesPopover / MultiRootBranchesPopover,completed,local/remote/tag 引用菜单均可从所属 root 打开 reference-vs-tracked-working-tree Changes Browser；tag 同时支持 Merge into Current，当前 tag 禁止危险切换/删除动作,-,xcodebuild test + cargo test --all-targets,主 Branches Popup 与 Log Dashboard 共用 root-qualified 工作区比较语义
GitBranchesDashboard.HeadSelection,git4idea.ui.branch.dashboard.BranchesDashboardActions,history,合成 HEAD 节点选择与动作组,HEAD + branch selection,LogSidebar.swift: LogBranchesPanel / MultiRootLogBranchesPanel,completed,HEAD 单选提供 Filter Log、Show Diff with Working Tree、New Branch from HEAD、New Working Tree from HEAD；HEAD 与同 root branch 双选提供 Compare Branches / Show Files Diff，并隐藏不适用的引用写操作,ArborTests/HostingProviderTests.swift::testBranchDashboardHeadSelectionUsesHeadOnlyActions + testBranchDashboardHeadAndBranchSelectionExposesPairComparisons,xcodebuild test,root-qualified HEAD selection semantics aligned with IntelliJ BranchesTreeSelection
Vcs.Internal.ExternalChangeEvents,platform.vcs-impl.VcsDirtyScopeVfsListener+git4idea.backend.GitVFSListener,index,外部文件/VFS 变更路径化监听与范围刷新,RepositoryFileChangeWatcher + RepositoryIndexRevisionMonitor,RepositoryIndexRevisionMonitor.swift: root-qualified RepositoryChangeEvent / RepositoryDirtyPath / RepositoryDirtyScope / RepositoryChangeBatch / RepositoryRefreshGate / repositoryWorktreeStatusPaths,verified-partial,每个发现的 Git root 均有独立递归 FSEvents 与 IndexRevision 兜底；事件经 350ms 去抖生成规范化去重路径，ContentView 再按 root 合并 scope/path/rename origin 后统一消费，created + modified 保留新建语义；纯 worktree 文件批次优先用 Git pathspec 做 status 增量合并，祖先覆盖路径会按 RootDirtySet 语义压缩，30 项同目录路径会提升为递归目录，目录/根路径/竞态回退全量；唯一设备号+inode 可证明的文件、目录及目录子项 rename 会配对旧/新路径并进入双端 status/dirty 更新；身份缺失或冲突时回退全量；.gitignore（含嵌套 ignore 文件）变化现在扩大为该 root 的全量 status，避免 ignored/untracked 可见性陈旧；同一 status 快照直接投影 Changes Browser Changelist；重叠刷新会把后续增量请求升级为全量，只有最新 ticket 能发布 status、metadata 与错误；递归父事件会传播到嵌套 root 并标记其全量 dirty；主 root 刷新 Commit 状态，非主 root 刷新 Roots/Branches/冲突/聚合 Log 快照；新增/删除/可靠 rename，以及身份缺失时仅对 basename 候选进入显式 one-to-one review、无法证明时只保守处理新端点，均按 GitVFSListener 设置触发 staging-area Add/Remove 并做真实状态过滤,仍缺逐文件 operation-state 细语义、原生 VFS permission/banner/action history 与 UI automation，以及无身份时 arbitrary basename rename 的更强恢复语义,ArborTests/RepositoryFileChangeMonitorTests.swift::testDirtyChangeMergingPreservesCreateAndDeleteSemantics + testRepositoryChangeBatchMergesScopesAndKeepsRenameOrigins + testRepositoryChangeBatchKeepsDifferentRootsIndependent + testClassifierNormalizesRelativePathsAndCoalescesDirectoryFlags + testWorktreeEventsBecomeSafeGitPathspecs + testIgnoreFileChangesInvalidateTheWholeWorktreeStatusScope + testRenameEventsFallBackUntilOldAndNewPathsCanBePaired + testPairedRenameStatusPathsIncludeBothEndpoints + testRenamePairingUsesFilesystemIdentityAndRejectsAmbiguousIdentity + testExternalVCSActionPathsOnlySelectUntrackedCreatesAndDeletedTrackedFiles + testExternalVCSActionPathsExpandDirectoryEventsAndIgnoreRenames + testExternalVCSActionPathsRoutePairedRenamesAndCaseOnlyMoves + testExternalVCSActionPathsReconcileUnpairedRenamesWithoutGuessing + testWorktreeAndGitMetadataChangesAreDeliveredWithSeparateScopes + testRepositoryMonitorKeepsNestedRootsQualified + testDirtyScopePreservesExactRecursiveAndRenameParentSemantics + testDirtyScopeWidensIgnoreAndUnpairedRenameEvents + testDirtyScopeManagerPacksMergesAndConsumesRootScopes + testDirtyScopeManagerEverythingIncludesRootButNotOutsidePaths + testDirtyScopeManagerTicketsDoNotCrossARefreshGeneration + testDirtyScopeCompactsAncestorsAndPromotesLargeFolders + testDirtyScopeManagerPropagatesRecursiveParentEventsToNestedRoots + testDirtyScopeManagerDoesNotPropagateExactFileEventsToNestedRoots + testRefreshGateInvalidatesStaleResultsAndWidensOverlappingIncrementalRefresh + arbor-engine/tests/changelist.rs::changelist_list_for_paths_projects_from_an_existing_status_snapshot + arbor-engine/tests/staging_model.rs::repository_can_stage_vfs_created_files_with_empty_index_blobs + arbor-engine/tests/console.rs::raw_git_commands_cover_external_vfs_add_and_remove_semantics + raw_git_commands_cover_external_case_rename_semantics,Root-qualified multi-root watcher；safe incremental status refresh；identity-backed file/directory/subtree rename routing implemented；staging-area empty-blob add implemented；structured dirty-scope projection added；ancestor path compression and 30-item directory promotion now feed status pathspecs；recursive parent events propagate nested-root dirty state；root-scoped event batch and dirty-scope manager lifecycle added；多候选/身份缺失或无法唯一配对 rename 的逐文件 operation-state 与完整 action lifecycle remains partial
Git.AddCommitToRemoteBranch.RootQualified,git4idea.actions.addCommit.GitAddCommitToRemoteBranchAction,history,多 root Log 中按提交所属仓库选择远程分支,logRepository(for: commits) + remote_branch_list,WorkspaceOperations.swift: addCommitsToRemoteBranchFromLog,verified-partial,同 root 选中提交从其所属 Repository 读取 remote-tracking refs；跨 root 混选安全禁用单仓库 replay,跨 root action 聚合、通知 action surface 与完整 UI automation 仍缺,ArborTests/CompareSelectionTests.swift::testLogCommitSelectionRequiresOneRootBeforeRemoteActions,Root-qualified remote source selection implemented
Vcs.Show.Shelf.RecentlyDeleted.MemberDelete,platform.vcs-impl.ShelvedChangesViewManager.MyShelveDeleteProvider,stash,Recently Deleted 文件成员永久删除,shelve_delete_deleted_paths + shelve_delete_deleted + Codable semantic action,RebasedWorkspaceViews.swift: deletedShelfMemberContextMenu; WorkspaceOperations.swift: doShelveDeleteDeletedPaths,verified-partial,已删除 Shelf 成员可单项或多选 path-scoped 永久删除；未选 patch chunks 保留，最后成员才清理 deleted ref/patch/metadata；失败保留 deleted members 并提供可跨重启 Retry action,非 UTF-8/旧式 patch 无法按成员切分或 root/Shelf 已变化时拒绝且不部分写入,arbor-engine/tests/shelve.rs::deleted_shelf_can_delete_selected_members_permanently + Arbor/ArborTests/CompareSelectionTests.swift::testDeletedShelfMemberDeleteActionKeepsRootAndPaths,Aligned with ShelvedChangesViewManager.MyShelveDeleteProvider; full deleted-tree keyboard/delete-provider lifecycle remains partial
Vcs.Internal.OperationRecoveryNotifications,git4idea.repo.GitRepositoryUpdater+git4idea.backend.vfs.GitVFSListener,index,按 Git root 发布可恢复 operation notification,N/A,WorkspaceOperations.swift: operationRecoveryNotificationFingerprint + loadMultiRoots,verified-partial,"主 root 与嵌套 root 的 operation-state 会在初次扫描、外部 Git metadata refresh 和状态变化时发布可执行 Continue/Skip/Abort/Open Recovery action；按标准化 root 与 operation fingerprint 去重，状态结束清理 fingerprint；VcsNotifier 四组现在映射到 Arbor 工作区/Operation Log 与 macOS native presentation（toolWindow/silent 不外发、standard 无声 banner、important 带声 banner，按 group 共享 thread，stable display ID 仍负责替换/expire）；未配对 rename 通过 full status reconciliation，缺少权威 oldPath 时不猜测旧端点","-","ArborTests/ReflogSelectionTests.swift::testOperationRecoveryNotificationFingerprintTracksRootRelevantState + testFeedbackCenterKeepsVcsNotifierGroupsAndExpiresDisplayID + ArborTests/CompareSelectionTests.swift::testVcsNotificationGroupsMapToNativePresentationAndSharedThreads + xcodebuild test","Root-scoped lifecycle and group mapping aligned; remaining native permission/action lifecycle, exact per-business display-id migration and UI automation"
Vcs.Internal.GitVFSListenerForceMove,git4idea.vfs.GitVFSListener.executeForceMove,index,case-only rename 的真实 Git move,N/A,WorkspaceOperations.swift: confirmAndPerformExternalVCSActions,verified-partial,case-only rename 现在执行 `git mv -f -- old new`，同时更新 worktree 与 index，并在完成后走 root-qualified refresh,无法唯一配对 rename 仍不执行猜测性 move；Git 命令失败保留原状态并反馈,arbor-engine/tests/console.rs::raw_git_commands_cover_external_case_rename_semantics + xcodebuild test,Aligned with GitVFSListener.executeForceMove; broader VFS lifecycle remains partial
Arbor.Current.OperationRecovery.NotificationLifecycle.2026-08-26,current verification override,index,root-qualified operation recovery notification lifecycle,operation_state + operationRecoveryNotificationID + FeedbackCenter,WorkspaceOperations.swift: doOperationContinue/doOperationSkip/doOperationAbort + finishStashConflict,verified-partial,"Continue/Skip/Abort now begin and publish paused, success, conflict, and failure results under the normalized Git-root recovery ID; stash restore conflicts retain the same ID through complete or retry; rebase completion with Undo intentionally switches to the dedicated Undo identity",Native VcsNotifier/DataContext/action lifecycle and UI automation remain partial,ArborTests/ReflogSelectionTests.swift::testOperationRecoveryNotificationIDIsRootQualifiedAndStable + testFeedbackCenterReusesOperationRecoveryEntryAcrossLifecycle + xcodebuild test + script/build_and_run.sh --verify,Current verification override for operation recovery notification continuity
Vcs.Push.Options,platform action reference,push_fetch,Push All options,run_multi_root_push_with_options / run_multi_root_push_with_force_options / run_multi_root_push_recovery_with_options,ContentView.swift: MultiRootPushOptionsDialog + WorkspaceOperations.swift,verified-partial,"Push tags All/Current Branch and Run git hooks apply to every selected root; Force and Force-with-lease apply per root; protected branches are blocked in the Rust engine; stale-lease roots expose root-scoped Force Push Anyway; options are preserved through failed-root retry and non-fast-forward Merge/Rebase recovery semantic actions","Deeper compound rollback and complete notification grouping remain partial","tests/multi_root.rs::multi_root_push_options_publish_tags_for_every_selected_root + tests/multi_root.rs::multi_root_force_push_applies_lease_mode_and_protected_branch_guard + tests/remote_config.rs::push_options_include_all_tags_and_follow_tags_only_annotated + tests/remote_config.rs::push_options_can_skip_pre_push_hook + ArborTests/CompareSelectionTests.swift::testMultiRootForcePushRetryActionRoundTripsLeaseOptions",
Git.Tag.Push.Transport,git4idea.actions.tag.GitPushTagAction,push_fetch,单 tag transport parity,tag_push_with_auth_and_cancel,WorkspaceOperations.swift: pushTag / pushTagInRoot / tagPushToRemote,completed,"单 tag 使用显式 tag refspec并复用 credential broker、取消句柄和 PushRejected 分类；非法 tag 在执行 git 前拒绝；取消返回 EngineError::Cancelled","-","tests/tags.rs::authenticated_tag_push_uses_the_shared_push_path + tests/tags.rs::tag_push_rejects_invalid_tag_names_before_running_git + tests/tags.rs::authenticated_tag_push_cancellation_returns_cancelled",
Git.Fetch.TagsMode,git4idea.fetch.GitFetchTagsMode,push_fetch,项目 Fetch tag policy,fetch_with_options_and_auth_and_cancel + fetch_remote_branch_with_options_and_auth_and_cancel + pull_with_options_and_auth_and_cancel,DiagnosticsLogger.swift: GitFetchTagsModeChoice / ProjectGitIncomingChangesSettingsView; WorkspaceOperations.swift: Fetch/Pull/Fetch All/remote branch Fetch/Checkout and Update/Push recovery; RepositoryIndexRevisionMonitor.swift: GitAutoFetchMonitor,verified-partial,"项目设置提供 Git default、Fetch and prune tags、Fetch all tags、Do not fetch tags；Rust 将策略贯穿单 root、多 root、指定 remote branch、Pull、显式 prune/unshallow、Checkout and Update、Push recovery 和自动 Fetch，旧兼容 API 默认保持 Git default",完整设置 UI automation 仍缺；兼容旧 API 的默认行为是有意保留，不代表项目设置漏接,tests/remote_config.rs::fetch_tag_modes_control_tag_download_and_pruning + ArborTests/CompareSelectionTests.swift::testFetchTagsModeIsProjectScopedAndDefaultIsGitDefault,对齐 GitFetchSpec.fetchTagsMode 的项目级 Fetch/Pull 路径
Arbor.Current.DirtyScopeLifecycle.2026-08-21,current verification override,index,外部 VFS dirty-scope 的 packed 生命周期,IntelliJ VcsDirtyScopeManagerImpl.retrieveScopes + changesProcessed,RepositoryIndexRevisionMonitor.swift + WorkspaceOperations.swift,verified-partial,"主刷新链已使用 retrieveScopes/changesProcessed：当前 root 批次进入 in-progress，刷新期间的新 worktree/metadata/rename 事件保留在 pending，批次携带 scope 与具体 dirtyPaths，完成后才允许下一批消费；RootDirtySet 式祖先压缩、目录提升、nested root 传播和逐文件 ledger 继续保留；唯一设备号+inode 的文件、目录及目录子项 rename 会先配对并路由双端 action",仍缺持久化 VFS/PSI FilenameIndex、多 content-root 索引模型、完整原生 ApplyPatchViewer editor/action lifecycle、多候选/身份缺失或无法唯一配对 rename 的安全旧端点 Remove、原生 permission/banner 与 UI automation,ArborTests/RepositoryFileChangeMonitorTests.swift::testDirtyScopeManagerKeepsEventMetadataWithPackedScope + testDirtyScopeManagerTicketsDoNotCrossARefreshGeneration + testRenamePairingUsesFilesystemIdentityAndRejectsAmbiguousIdentity + xcodebuild test,This row supersedes stale historical wording in Vcs.Internal.ExternalChangeEvents and Apply Patch rows
Arbor.Current.Shelf.DeleteProvider.2026-08-21,current verification override,stash,IntelliJ Shelf DeleteProvider 的原生 Delete action,MyShelveDeleteProvider.deleteElement + ShelveChangesManager.deleteShelves,RebasedWorkspaceViews.swift: shelfDeletePlan + unified shelf action menu + onDeleteCommand + WorkspaceOperations grouped callbacks,verified-partial,"整 Shelf 选择优先；跨 Shelf 成员按 Shelf 分组；active/recycled 调用现有可恢复 Drop，Recently Deleted 整组或成员走永久删除；顶部 action menu 与 Delete key 共享同一 selection plan/lifecycle engine；active 与 deleted 两侧的失效成员选择会在列表刷新后回收；跨成员组的 Apply/Unshelve、Drop、永久删除现在由串行 grouped runner 聚合为单通知、completed/total 进度和失败组 Retry，active member Drop 通过一个保留原始时间戳的批量 Undo 恢复",仍缺 IntelliJ DataContext/binary wrapper/navigatable provider、原生树编辑 action lifecycle、完整回收列表 action/display-id 分组与 UI automation,ArborTests/CompareSelectionTests.swift::testShelfDeletePlanMatchesIntellijDeleteProviderSelectionScope + testShelfMemberBatchRetryActionRequestRoundTripsGroupedPaths + xcodebuild test,This row supersedes the older RecentlyDeleted.MemberDelete row's full keyboard/delete-provider gap
Arbor.Current.Shelf.RenameDescription.2026-08-21,current verification override,stash,IntelliJ ShelvedChangeList Rename action,Repository.shelve_set_description + RenameShelvedChangeListAction semantics,RebasedWorkspaceViews.swift: shelfTitleView + shelfRenameKeyEquivalent + Rename menus; WorkspaceOperations.swift: renameShelveDescription,verified-partial,"Rename updates only user-facing description; active and Recently Deleted preserve stable name/object id/ref/patch; double-click/Enter/Escape/F2 and modal Rename are wired",仍缺 IntelliJ DataContext/tree-cell-editor/action lifecycle、精确 native notification model 与 UI automation,arbor-engine/tests/shelve.rs::shelve_set_description_keeps_stable_identity_for_active_and_deleted_lists + xcodebuild build,UI semantics aligned; legacy shelve_rename remains identity-rename compatibility API
Arbor.Current.RebaseRawTodoFallback.2026-08-22,current verification override,rebase,Interactive Rebase raw todo fallback,GitInteractiveRebaseFile.editCommits + GitRebaseEntry.Action.Other,arbor-engine/src/repo.rs: branch-scoped rebase_raw_todo_for_branch_with_options_and_policy + rebase_branch_with_raw_todo_and_policy + native message editor protocol; arbor-engine/src/roots.rs: per-root raw_todo; Arbor/RebasedDialogs.swift: RawRebaseTodoEditorView + RawRebaseMessageEditorView + MultiRootRebaseTodoEditorView,verified-partial,"single-root 与 multi-root 均可按目标 branch 捕获 Git 原生 todo，并由 SwiftUI 逐 root 编辑后原样回写，支持 label/reset/merge/exec/break/update-ref；reword/squash 消息、Continue 后再次消息编辑、取消、保存本地修改和 native pause lifecycle 已覆盖",完整通知分组与 UI automation 另计,参考 GitInteractiveRebaseEditorHandler.java + GitInteractiveRebaseFile.java；tests/rebase_options.rs 的 raw todo round-trip/message/continue/multi-root 回归 + xcodebuild,Audit correction: equivalent multi-root raw fallback is implemented; notification grouping and UI automation remain partial
Arbor.Current.ApplyPatchViewerLifecycle.2026-08-21,current verification override,stash,IntelliJ ApplyPatchViewer editor/action lifecycle,ApplyPatchViewer actions + MergeModelBase command/undo semantics,"ContentView.swift: MergeEditorBridge + ConflictDetailView; arbor-engine/src/repo.rs: diff_texts",verified-partial,"结果/Patch 编辑器多 change 选区批量 Apply/Ignore、统一 undo group、Local -> Result diff、未决 change 的 Continue/Finish Anyway 确认、Reset 后 hunk 状态重载",仍缺原生 Editor/DataContext、VFS/PSI FilenameIndex、多 content-root index、native notification/banner 与 UI automation,"Arbor/ArborTests/MergeParserTests.swift::testMergeEditorBridge_fullPatchSelectionMatchesMultipleChanges + testMergeEditorBridge_applyPatchHunkParticipatesInUndo + arbor-engine/tests/diff_behavior.rs::diff_texts_compares_snapshots_without_worktree_state + xcodebuild test",Core viewer action boundaries now verified; native IDE integration remains partial
Arbor.Current.FilenameIndexLifecycle.2026-08-21,current verification override,index,persistent project filename index lifecycle,RebasedPatchFilenameIndexStore.loadOrBuild + RebasedPatchFilenameIndexStore.invalidate,RebasedDialogs.swift + WorkspaceOperations.swift,verified-partial,"Apply Patch/Unshelve candidate index is persisted per Git root and content/excluded scope, validates Git indexed-path and directory revisions, invalidates at packed repository change delivery, and supports multiple explicit content roots with nested-root deduplication","Full IntelliJ VFS/PSI FilenameIndex, configurable IDE module/content-root model, native index notifications and UI automation remain partial",ArborTests/CompareSelectionTests.swift::testPatchFilenameIndexStorePersistsAndInvalidatesPerRepositoryRoot + testPatchFilenameIndexSupportsMultipleContentRootsAndExclusions + xcodebuild test,Lightweight project filename provider aligned to current product boundary
Arbor.Current.CfgStagingClean.2026-08-21,current verification override,index,attributes-aware staging checkout and diff,clean_worktree_bytes + checkout_worktree_bytes + normalize_worktree_for_diff + external conversion policy,arbor-engine/src/attributes.rs + repo.rs + merge.rs + conflict.rs + Arbor/DiagnosticsLogger.swift,verified-partial,"Built-in text/eol/core.autocrlf normalization now covers ordinary staging, partial staging, restore, edited conflict resolution, branch/tree materialization checkout and revision/worktree plus three-layer diff matching; target .gitattributes is ordered before sibling writes and target checkout conversions are preflighted before the real worktree changes; binary attributes preserve bytes; an explicit setting can execute custom clean/smudge filters and non-UTF-8 working-tree-encoding through a temporary object store and system Git with the shared timeout/process-group runner","Implicit external diff/merge drivers remain read-only by policy; explicit External Diff/External Merge actions use cancellable Git process groups; conversion results still need shared per-refresh caching for large repositories; native IntelliJ settings/action automation remains partial",arbor-engine/tests/attributes.rs::external_filter_opt_in_matches_git_clean_and_checkout + stage_rejects_custom_clean_filter_instead_of_silently_misindexing + checkout_rejects_target_clean_filter_before_mutating_worktree + arbor-engine/tests/diff_behavior.rs::text_attribute_normalizes_worktree_diff_matching + cargo test --workspace --all-targets + xcodebuild test,Current verification override for CFG-001 external conversion opt-in and default fail-closed behavior
Arbor.Current.MultiRootChangesBrowser.2026-08-22,current verification override,index,project-level multi-root Changes Browser staging,stage/unstage + stage_all/unstage_all + Codable mutation retry,RebasedWorkspaceViews.swift: MultiRootChangesBrowser + WorkspaceOperations.swift: stageMultiRootPath/unstageMultiRootPath/stageAllMultiRootPath/unstageAllMultiRootPath + multiRootChangesRetryFeedbackAction,verified-partial,"Git Roots Changes Browser provides root-qualified single-file Stage/Unstage, per-root Stage All/Unstage All, and context-menu actions; every mutation reopens the owning Repository and refreshes aggregate status; failures publish root/path-qualified Retry Stage, Retry Unstage, Retry Stage All, or Retry Unstage All semantic actions with a stable replacement notification ID, and the action survives FeedbackCenter/Operation Log reload","Native IntelliJ ChangesView/DiffManager lifecycle, broader cross-root action history, and UI automation remain partial",arbor-engine/src/repo.rs::stage + unstage + stage_all + unstage_all; Arbor/ArborTests/CompareSelectionTests.swift::testMultiRootChangesMutationRetryRequestsRoundTripRootAndPath + testFeedbackHistoryRestoresMultiRootChangesMutationRetryActionAcrossReload + xcodebuild test + script/build_and_run.sh --verify,Current verification override for the historical read-only multi-root Changes Browser gap
Arbor.Current.Log.RootNamesColumn.2026-08-21,current verification override,history,aggregate VCS Log root-name column,CommitInfo.repository_path + LogColumnLayout,LogGraphView.swift + LogSidebar.swift,verified-partial,"VCS Log Columns now includes a persisted, reorderable and resizable Root Names column; aggregate rows display the owning Git root's final directory component and retain the normalized full path in the cell tooltip; missing root paths fail closed to an em dash","Full IntelliJ dynamic/custom column extension points, asynchronous signature-status column and native JTable/UI automation remain partial",ArborTests/ReflogSelectionTests.swift::LogColumnLayoutTests + xcodebuild test + script/build_and_run.sh --verify,Current verification override for the historical Vcs.Show.Log dynamic-column gap
Arbor.Current.Log.SignatureStatusColumn.2026-08-21,current verification override,history,aggregate VCS Log commit signature status column,Repository.commit_signature_statuses + CommitSignatureInfo,LogGraphView.swift + LogSidebar.swift + ContentView.swift,verified-partial,"Commit Signature is a persisted, default-hidden, reorderable fixed-width Log column; Rust batches Git %G?/%GS/%GF for the loaded rows per root, SwiftUI loads it off the main actor, keys results by root-qualified commit identity, preserves verified/bad/none/unknown plus expiry/revocation/unavailable reasons, and discards stale generations","IntelliJ provider extension points, native JTable status renderer/lifecycle and UI automation remain partial",arbor-engine/tests/history.rs::signature_statuses_batch_preserves_requested_order_and_metadata_shape + arbor-engine/src/log.rs unit parser tests + ArborTests/ReflogSelectionTests.swift::LogColumnLayoutTests + script/build_and_run.sh --verify,Current verification override for GitCommitSignatureStatusProvider/GitCommitSignatureLoader parity
Arbor.Current.Log.CopyRevisionNumber.2026-08-21,current verification override,history,Log copy selected revision numbers,VcsDataKeys.VCS_REVISION_NUMBERS + CopyRevisionNumberAction,WorkspaceOperations.swift: copySelectedLogIDs + LogSidebar.swift: Copy Selected Revision IDs,verified-partial,"Selected revision IDs are reversed to oldest-to-newest and joined with spaces, matching IntelliJ's terminal-friendly clipboard format; empty selection remains disabled","Native DataContext/CopyProvider lifecycle and UI automation remain partial; single Reflog row copy intentionally keeps its separate new-revision format",ArborTests/CompareSelectionTests.swift::testCopiedRevisionIDsUseOldestToNewestSpaceSeparatedOrder + xcodebuild test,Current verification override for CopyRevisionNumberAction clipboard semantics
Arbor.Current.BranchCleanupClipboard.2026-08-21,current verification override,branch,Cleanup Branches clipboard payload,CleanupBranchesDialog CopyProvider,RebasedDialogs.swift: BranchCleanupDialogView,verified-partial,"Selected rows copy in displayed root/sort order as branch name, last commit date, and tracked branch separated by tabs; rows are newline-separated and empty fields are preserved","Native JTable row selection/DataContext CopyProvider lifecycle and UI automation remain partial",ArborTests/CompareSelectionTests.swift::testCleanupBranchesClipboardUsesIntellijTableColumnsAndOrder + xcodebuild test,Current verification override for CleanupBranchesDialog CopyProvider row format
Arbor.Current.Log.GetVersionBatch.2026-08-21,current verification override,history,aggregate Log Changes Browser batch Get Version,GetVersionFromRepositoryActionProvider + GetVersionAction,LogSidebar.swift: contextualLogChangeRestoreSelection + LogChangesBrowserView; WorkspaceOperations.swift: restoreSelectedFilesFromRevisions,verified-partial,"Get Version preserves the selected change set across files, commits, and Git roots; one confirmation then restores each path into index and worktree, routes through the owning root, and reports success or partial failure","Native GetVersionAction DataContext/VFS/Local History lifecycle and dedicated notification history remain partial",ArborTests/CompareSelectionTests.swift::testLogChangeGetVersionContextPreservesCrossRootSelection + xcodebuild test + script/build_and_run.sh --verify,Current verification override for GetVersionFromRepositoryActionProvider batch semantics
Arbor.Current.Log.ShowChangesFromParents.2026-08-21,current verification override,history,Log Changes Browser show changes from parents,Vcs.Log.ChangesBrowser.Popup + ShowChangesFromParentsAction,LogSidebar.swift: LogChangesBrowserView + logChangeParentIndices,verified-partial,"Changes Browser menu exposes the persistent parent toggle; toggling reloads parent diffs, expands all parents only for one merge commit, and keeps multi-commit selections on first-parent semantics","Native action-group/DataContext lifecycle and UI automation remain partial",ArborTests/CompareSelectionTests.swift::testLogChangesFromParentsOnlyExpandsOneMergeCommit + xcodebuild test + script/build_and_run.sh --verify,Current verification override for ShowChangesFromParentsAction semantics
Arbor.Current.Log.ShowOnlyAffectedChanges.2026-08-21,current verification override,history,Log Changes Browser show only affected changes,Vcs.Log.ChangesBrowser.Popup + ShowOnlyAffectedChangesAction,LogSidebar.swift: Paths chooser + LogChangesBrowserView + logChangeAffectsAnyPath,verified-partial,"Paths has root-qualified Git root/tree selection, native file/folder multi-select, edit and clear actions; when non-empty, the Changes Browser menu exposes the persistent toggle, directory/file matching includes both rename endpoints, multi-path matching uses OR semantics, and toggling clears stale file selection and diff preview","Exact native VcsStructureChooser/FileSystemTree renderer, DataContext action lifecycle and UI automation remain partial",ArborTests/CompareSelectionTests.swift::testLogChangeAffectedPathMatchesDirectoriesAndRenameEndpoints + testLogPathFiltersNormalizeMultipleLinesAndPreserveOrder + testRootQualifiedLogPathSelectionsPreserveEqualPathsAcrossRoots + testRootQualifiedPathParsingUsesTheDeepestNestedRoot + testLogPathTreeSelectionCollapsesDescendantsButKeepsRootsSeparate + xcodebuild test + script/build_and_run.sh --verify,Current verification override for ShowOnlyAffectedChangesAction semantics
Arbor.Current.Log.StructureFilter.2026-08-21,current verification override,history,VCS Log Paths structure filter,StructureFilterPopupComponent + VcsLogStructureFilter,LogSidebar.swift: LogPathsTreeChooserView + LogPathsEditorView; WorkspaceOperations.swift: root-qualified path state/recent filters/root visibility; arbor-engine/src/log.rs + repo.rs: single-walk multi-path filter,verified-partial,"Paths stores root-qualified normalized FilePaths, supports lazy Git root/tree checkbox selection, parent selection collapses descendants, the SelectionManager 100-node limit rejects new independent selections, and the Rust engine evaluates each root's selected paths in one walk with the same Git Log filters and preserves engine ordering; Edit/Clear, up to ten persisted recent filter groups, and persisted root visibility remain available","Exact native VcsStructureChooser/FileSystemTree renderer, DataContext/action lifecycle and UI automation remain partial",ArborTests/CompareSelectionTests.swift::testLogPathFiltersNormalizeMultipleLinesAndPreserveOrder + testRootQualifiedLogPathSelectionsPreserveEqualPathsAcrossRoots + testRootQualifiedPathParsingUsesTheDeepestNestedRoot + testLogPathTreeSelectionCollapsesDescendantsButKeepsRootsSeparate + testLogPathTreeSelectionLimitRejectsIndependentNodeButAllowsParentCollapse + testLogRootVisibilityReconcilesStaleRootsAndSerializesPartialSelection + arbor-engine/tests/log_filter.rs::multiple_paths_filter_to_their_commit_union_in_engine_order + xcodebuild test + script/build_and_run.sh --verify,Current verification override for the partial StructureFilterPopupComponent implementation
Arbor.Current.Log.RebaseOntoCommitFallback.2026-08-21,current verification override,history,Log 无分支 ref 时 rebase onto selected commit 兜底,GitRebaseOntoCommitAction,LogGraphView.swift + WorkspaceOperations.swift: root-scoped fallback action,verified-partial,"单提交且有当前分支时，在没有其它 branch ref 的 Log 行菜单提供 Rebase Current onto Selected Commit；执行前按 owning repository 检查 detached HEAD 与目标是否已在当前分支，并复用 root-scoped rebase engine",菜单 update 阶段未复刻 IntelliJ 的 permanent graph containing-branches 查询；当前 ancestry 失败通过 invocation-time feedback fail closed,ArborTests/CompareSelectionTests.swift::testLogRebaseOntoSelectedCommitRequiresBranchAndNonHeadSingleSelection + xcodebuild test + script/build_and_run.sh --verify,当前验证覆盖
Arbor.Current.Log.LinearBekParity.2026-08-21,current verification override,history,Log LinearBek permanent-like graph fragments,LinearBekGraphBuilder collapseAll/getFragment/expand edge semantics,LogGraphView.swift: LinearBekGraphModel + Graph Canvas hit targets,verified-partial,"按 IntelliJ GraphLayoutBuilder 语义重建 layout index；fragment traversal 支持 side merge、multiple tails、merge-with-old-commit、nested fragment dotted replacement；图形仍保留提交行，normal edge/dotted edge 可 hover/click 收起展开；复杂 topology 由 ArborTests/ReflogSelectionTests.swift 回归覆盖",完整 graph layout 与 native GraphElement/DataContext/action lifecycle、unloaded-parent continuation、所有极端 permanent graph layout 仍 partial fail-open,ArborTests/ReflogSelectionTests.swift::LinearBekGraphTests::testReferenceComplicatedBranchesCollapseToMultipleDottedTails + testReferenceRecursiveAndCrossedTailTopologies + xcodebuild test + script/build_and_run.sh --verify,Current verification override for LinearBek fragment parity
Arbor.Current.BranchesPopup.SingleRefPresentation.2026-08-21,current verification override,branch,单 root Branches Popup 引用动作 presentation,GitSingleRefActions + GitBranchActionWrapper + GitBranchesTreeActionsForSelectionTest,RebasedDialogs.swift: RebasedBranchesPopover + BranchDashboardActionAvailability,verified-partial,"单 root local/remote 引用菜单按 IntelliJ 引用类型呈现：当前 local 保留 Rename，tracking local 提供 root-scoped Tracked Branch 子菜单，remote 无本地 tracking 仍显示 Pull/Pull with Rebase，linked worktree 对 Checkout/Checkout with Rebase 禁用，受保护 remote Delete 可见但禁用；Pull remote 现在调用当前仓库的 remote-targeted pull",完整 DataContext/action update lifecycle、原生 tree selection、multi-root popup action group 与 UI automation 仍 partial,ArborTests/HostingProviderTests.swift::testSingleRemoteReferenceKeepsPullVisibleWithoutLocalTrackingAndDisablesProtectedDelete + testSingleLocalReferenceDisablesCheckoutActionsForAnotherWorktreeButKeepsRename + xcodebuild test,Current verification override for GitSingleRefActions presentation parity
Arbor.Current.BranchesPopup.MultiRootRefPresentation.2026-08-22,current verification override,branch,multi-root Branches Popup 引用动作 presentation,GitSingleRefActions + BranchesDashboardActions + GitBranchesTreeActionsForSelectionTest,RebasedDialogs.swift: MultiRootBranchesPopover + WorkspaceOperations.swift: pullRemoteBranchInRoot + ContentView.swift root callbacks,verified-partial,"multi-root local/remote 引用菜单按 root-qualified availability 呈现：current local 保留 Show Diff/Checkout as New Branch/Update/Push/Rename，tracking local 使用 Tracked Branch 子菜单；remote 无本地 local branch 仍同时保留 Pull into Current/Pull with Rebase，remote Pull 使用目标 root 的 remote-tracking ref，remote Checkout with Rebase 现在走 root-scoped New Branch + rebase-current workflow，已有 local branch 且未 Reset 时复用；linked worktree 与受保护 remote Delete 在菜单层禁用；同名跨 root 删除动作按所有 root 的保护/current 状态禁用",完整 DataContext/action update lifecycle、Cmd 多引用 tree selection、原生 action group、跨 root 聚合与 UI automation 仍 partial,arbor-engine/tests/branch_workspace.rs::checkout_with_update_and_rebase_paths + ArborTests/HostingProviderTests.swift::testSingleRemoteReferenceKeepsPullVisibleWithoutLocalTrackingAndDisablesProtectedDelete + xcodebuild test + script/build_and_run.sh --verify,Current verification override for multi-root Branches Popup action presentation
Arbor.Current.BranchesPopup.MultiRootSelection.2026-08-22,current verification override,branch,multi-root Branches Popup root-qualified multi-selection,BranchesTreeSelection + BranchesDashboardActions.MultipleLocalBranchActions,RebasedDialogs.swift: MultiRootBranchesPopover + ContentView.swift batch callbacks,verified-partial,"主 Branches Popup 使用 rootPath/ref-kind/name identity；普通点击替换选区，Command-click 增删选区，Shift 从可见 root-qualified HEAD/local/remote/tag 引用锚点扩展连续范围，刷新/搜索清理失效节点；HEAD 行的 New Branch from HEAD 与当前分支 New Working Tree 按所属 root 传递 rootPath，无提交的 unborn root 保留可见但禁用创建分支/新 worktree；Actions 菜单提供 Compare Branches、Compare Files、Update Selected Branches、Delete Selected，并复用已有 root-qualified 批量操作",完整原生 DataContext/action update lifecycle、UI automation、全局单一 HEAD 节点与跨 root HEAD action 语义、跨 root 混选的 Worktree batch 仍禁用,ArborTests/HostingProviderTests.swift::testCommandBranchTreeSelectionTogglesWithoutCrossRootCollision + testShiftBranchTreeSelectionUsesRootQualifiedVisibleOrder + testBranchDashboardMultipleTagSelectionExposesDeleteAction + testHeadBranchTreeSelectionSharesRootQualifiedRangeIdentity + testBranchDashboardUnbornHeadDisablesBranchCreationActions + xcodebuild test + script/build_and_run.sh --verify,Current verification override for multi-root tree selection
Arbor.Current.Log.MultiRootBranchSelection.2026-08-22,current verification override,history,multi-root Log Branches dashboard root-qualified selection,BranchesTreeSelection + BranchesDashboardActions + BranchesDashboardTreeController,LogSidebar.swift: MultiRootLogBranchesPanel + RebasedDialogs.swift: branchTreeSelectionAfterClick,verified-partial,"Log Branches dashboard 保留每个 root 的 synthetic HEAD；普通点击替换选区，Command-click 增删，Shift 从可见 root-qualified HEAD/local/remote/tag 顺序扩展范围；remote group 不进入 branch range；刷新、搜索、Show My Branches、Show Tags 会清理失效选区；Compare Branches/Files 跨 root fail closed，Update/Delete 按 root/name 路由，单 root 选中 HEAD/local/tag 的 New Working Tree 按所属 root 创建",完整原生 DataContext/action update lifecycle、global HEAD selection semantics、跨 root Worktree batch、UI automation 仍 partial,ArborTests/HostingProviderTests.swift::testMultiRootLogRangeSelectionSkipsRemoteGroupTargets + ArborTests/HostingProviderTests.swift::BranchDirectoryTreeTests::testNewWorkingTreeRemainsSingleRootScopedForMultiRootReferences + xcodebuild test + cargo test --all-targets + script/build_and_run.sh --verify,Current verification override for multi-root Log branch dashboard selection
Arbor.Current.MultiRootBranchRollbackTipGuard.2026-08-22,current verification override,branch,multi-root New Branch semantic rollback tip guard,rollback_multi_root_branch_create_with_state,arbor-engine/src/roots.rs: rollback_multi_root_branch_create_with_state + Arbor/WorkspaceOperations.swift: semantic rollback action,verified-partial,"跨重启 semantic rollback 缺失操作后 expected branch-tip 快照时按 root 返回 fail-closed 结果，不执行删除或 reset；已有 branch tip 变更仍通过 expected-tip CAS guard 拒绝",跨 root notification/action lifecycle 与 UI automation 仍 partial,arbor-engine/tests/multi_root.rs::stateful_branch_rollback_refuses_missing_expected_tip_snapshot + cargo test --test multi_root + script/build_and_run.sh --verify,Current verification override for safe rollback of overwritten branches
Arbor.Current.BranchDeleteUpstreamPreview.2026-08-22,current verification override,branch,branch deletion View Commits upstream-relative preview,Repository.branch_delete_preview,arbor-engine/src/repo.rs: branch_delete_preview + Arbor/WorkspaceOperations.swift: branch delete recovery actions,verified-partial,"当 branch 已合入当前 HEAD 但未合入 configured upstream 时，preview 按 upstream..branch 保留未合入提交；若 upstream 已包含 tip 才按 HEAD 检查，避免 View Commits 错误为空",原生 GitDeleteBranchOperation dialog/notification 生命周期与 UI automation 仍 partial,arbor-engine/tests/branch_ops.rs::branch_delete_preview_uses_upstream_when_current_head_already_contains_tip + cargo test --test branch_ops + xcodebuild test,Current verification override for GitDeleteBranchOperation upstream warning semantics
Arbor.Current.MultiRootResetRecovery.2026-08-22,current verification override,index,multi-root Reset complete-scene Undo/Keep recovery,GitResetOperation + reset recovery action lifecycle,arbor-engine/src/repo.rs: reset_with_recovery + rollback_reset_recovery + keep_reset_recovery; arbor-engine/src/roots.rs: rollback_multi_root_reset_recovery + keep_multi_root_reset_recovery; Arbor/WorkspaceOperations.swift: persisted Undo/Keep semantic actions,verified-partial,"soft/mixed/keep/hard 结果携带 initial/final HEAD、branch、rollback id；Undo/Keep 使用 expected HEAD/branch 与 post-reset index/worktree/untracked/ignored scene CAS；每 root 独立成功或 fail-closed，跨重启可从 Operation Log/native notification 恢复，用户 stash 栈不被内部 snapshot 改写",完整 native notification lifecycle、跨 root atomic rollback 与 UI automation 仍 partial,arbor-engine/tests/reset.rs::reset_recovery_restores_mixed_index_worktree_and_untracked_scene + reset_recovery_restores_force_hard_scene_and_ignored_files + reset_recovery_keep_releases_snapshot_without_changing_result + reset_recovery_preserves_existing_user_stash_stack + ArborTests/CompareSelectionTests.swift::testResetRecoveryUndoAndKeepActionsRoundTripAndSurviveReload + cargo test --all-targets + xcodebuild test + script/build_and_run.sh --verify,Current verification override for complete-scene Reset recovery
Arbor.Current.BranchRename.MultiRootRollback.2026-08-22,current verification override,branch,multi-root Rename Branch partial rollback,GitRenameBranchOperation + GitBranchOperation,WorkspaceOperations.swift: renameMultiRootBranch + persisted semantic rollback action,verified-partial,"部分成功后按 root 保存新 branch tip、当前 branch identity 与原 upstream；Rollback/Keep Partial 进入 FeedbackCenter、Operation Log 和稳定 native notification，重启后可重建；回滚要求旧名不存在、新名 tip/current branch 未变化并按失败 root Retry",完整原生 DataContext/VcsNotifier 生命周期与 UI automation 仍 partial,ArborTests/CompareSelectionTests.swift::testMultiRootBranchRenameRollbackActionRoundTripsAndSurvivesReload + xcodebuild test,Current verification override for safe multi-root rename rollback
Arbor.Current.MultiRootBranchesPopup.Worktree.2026-08-22,current verification override,branch,multi-root Branches Popup root-scoped New Working Tree action,worktree_add + worktree_list,RebasedDialogs.swift: MultiRootBranchesPopover + ContentView.swift: root-qualified worktree sheet + WorkspaceOperations.swift: createWorktree(rootPath:),verified-partial,"HEAD current branch、local branch 和 tag 的 New Working Tree action 都携带所属 rootPath；对话框的 branch/worktree 校验、Repository 打开、创建和 refresh 均路由到该 root，不执行跨 root 批量 worktree 创建",完整原生 GitCreateWorkingTreeAction/DataContext/VcsNotifier 生命周期、Log Branches dashboard action 与 UI automation 仍 partial,arbor-engine/tests/worktree.rs::lists_and_manages_linked_worktree + ArborTests/HostingProviderTests.swift::BranchDirectoryTreeTests::testNewWorkingTreeRemainsSingleRootScopedForMultiRootReferences + xcodebuild test + script/build_and_run.sh --verify,Current verification override for GitCreateWorkingTreeAction repository-scoped semantics
Arbor.Current.MultiRootLogBranchesDashboard.Worktree.2026-08-22,current verification override,history,multi-root Log Branches dashboard root-scoped New Working Tree action,GitCreateWorkingTreeAction + BranchesDashboardActions,LogSidebar.swift: MultiRootLogBranchesPanel + ContentView.swift: root-qualified worktree presenter,verified-partial,"multi-root Log dashboard 的单选 HEAD/current local branch/tag action 现在携带 rootPath，Open Worktree 使用引用已有 linked worktree path，New Working Tree 的校验/创建/refresh 路由到所属 root；跨 root 混选不提供批量 worktree action",完整原生 DataContext/VcsNotifier lifecycle 与 UI automation 仍 partial,ArborTests/HostingProviderTests.swift::BranchDirectoryTreeTests::testNewWorkingTreeRemainsSingleRootScopedForMultiRootReferences + xcodebuild test + script/build_and_run.sh --verify,Current verification override for multi-root Log dashboard repository-scoped worktree semantics
Arbor.Current.BranchRename.Validation.2026-08-22,current verification override,branch,IntelliJ-style single and multi-root Rename Branch validation,GitRenameBranchAction + GitNewBranchDialog + GitBranchOperation,RebasedDialogs.swift: branchRenameConflictMessage + RebasedSingleRootRenameBranchDialog; WorkspaceOperations.swift: root-scoped validation and execution,verified-partial,"single root 和 multi-root 都校验 local ref/path conflict、remote branch clash 与 Git ref-name；single root 提供 Unset upstream after rename，执行前再次读取 refs，解除 upstream 失败会尝试恢复旧 branch name",完整原生 DataContext/dialog/action history、跨 root batch lifecycle、VcsNotifier 与 UI automation 仍 partial,ArborTests/HostingProviderTests.swift::BranchDirectoryTreeTests::testBranchRenameValidationMirrorsIntelliJLocalAndRemoteConflicts + xcodebuild test + script/build_and_run.sh --verify,Current verification override for Branch Rename validation parity
Arbor.Current.GitVFSListener.AmbiguousDirectoryRename.2026-08-22,current verification override,index,ambiguous directory rename review and Add/Remove routing,repositoryAmbiguousDirectoryRenameCandidates + RepositoryExternalVCSActionPaths,RepositoryIndexRevisionMonitor.swift + WorkspaceOperations.swift,verified-partial,"Directory rename events without a provable old identity derive unchanged-suffix per-file old/new candidates; a scrollable Review ambiguous Git moves picker requires explicit selection before the selected new and old endpoints use the independent Add/Remove settings; unmatched files keep conservative staging","Native VFS operation-state, permission/banner, exact action history and UI automation remain partial",ArborTests/RepositoryFileChangeMonitorTests.swift::testAmbiguousDirectoryRenameOffersPerFileReviewCandidates + xcodebuild full test + cargo test --all-targets + script/build_and_run.sh --verify,Current verification override for ambiguous directory rename recovery semantics
Arbor.Current.SubmodulePanelDeinitUndo.2026-08-22,current verification override,submodule,SubmodulePanel safe expected-state Undo for Deinit,submodule_update_path_with_auth_and_cancel,WorkspaceOperations.swift: safe Deinit Undo + ArborApp.swift: PersistedSubmoduleUndo,verified-partial,"After a clean gitlink is deinitialized, Arbor persists the expected gitlink and exact .gitmodules snapshot; Undo rechecks the uninitialized state, refuses occupied worktrees, restores through the parent repository and verifies the expected clean commit","Dirty pre-state, changed .gitmodules, changed gitlink, non-empty worktree, cancellation or restore mismatch fail closed and retain a retry action; native DataContext/VcsNotifier lifecycle and UI automation remain partial",ArborTests/CompareSelectionTests.swift::testSubmoduleDeinitUndoRequiresExpectedCleanStateAndRoundTrips + testSubmoduleDeinitUndoIsNotProposedForDirtyBeforeState + xcodebuild test + script/build_and_run.sh --verify,Current verification override for safe SubmodulePanel Deinit recovery
Arbor.Current.LogSelectedHistoryChangeAvailability.2026-08-22,current verification override,log,Drop/Extract Selected Changes action availability,canRewriteSelectedHistoryChanges,LogSidebar.swift: canRewriteSelectedHistoryChanges + LogChangesBrowserView.canEditSelectedChanges,verified-partial,"Renamed changes and selected submodule gitlinks remain actionable for a partial first-parent selection; the all-selected check uses the complete commit change set even when Log filters hide rows, while nested-worktree safety is enforced by the engine","Directory paths, dirty or uninitialized gitlinks, unsafe replay conflicts, native action presentation, notification lifecycle, and UI automation remain partial","ArborTests/CompareSelectionTests.swift::testHistoryChangeRewriteAllowsRenamesAndGitlinksButRejectsFullSelection + testHistoryChangeRewriteUsesUnfilteredChangeCount; xcodebuild test + script/build_and_run.sh --verify","Current verification override for IntelliJ GitDropSelectedChangesAction and GitExtractSelectedChangesAction update semantics"
Arbor.Current.Log.CreatePatchSelection.2026-08-23,current verification override,log,Log Changes Browser Create Patch and Copy Patch for selected changes,CreatePatchFromChangesAction + Git revision diff,LogSidebar.swift: canCreateLogPatchSelection + LogChangesBrowserView; WorkspaceOperations.swift: createPatchFromLogSelection + copyPatchFromLogSelection,verified-partial,"Selected Change rows generate or copy one patch by commit/parent/root group; rename rows pass both old and new endpoints; duplicate paths and mixed merge parents are disabled; with no row selection, single-commit full patch export remains available","Native Changes action/DataContext/DiffManager lifecycle, richer PatchWriter configuration, notification history and UI automation remain partial","ArborTests/CompareSelectionTests.swift::testCreatePatchSelectionRejectsDuplicatePathsAndPreservesRenameEndpoints + xcodebuild test + script/build_and_run.sh --verify","Current verification override for platform CreatePatchFromChangesAction selection semantics"
Arbor.Current.OperationRecoveryFailureRefresh.2026-08-22,current verification override,merge,recovery command failure preserves current operation state,operation_state + rebase_continue/cherry_pick_continue/revert_continue + refreshAll,WorkspaceOperations.swift: doOperationContinue/doOperationSkip/doOperationAbort,verified-partial,"Continue/Skip/Abort failures immediately refresh the owning root operation state and conflicted paths before publishing root-qualified retry actions; native Git pause metadata remains available after unresolved-conflict failures","IntelliJ native notification/banner lifecycle and UI automation remain partial",arbor-engine/tests/opstate.rs::failed_system_recovery_keeps_the_current_operation_state + ArborTests/CompareSelectionTests.swift::testFeedbackHistoryRestoresOperationRecoveryActionAcrossReload + cargo test + xcodebuild test,Closes stale pre-command recovery snapshot without inventing IDE-specific action infrastructure
Arbor.Current.SubmodulePanelRemoveUndo.2026-08-22,current verification override,submodule,SubmodulePanel safe expected-state Undo for Remove,submodule_remove_undo_with_auth_and_cancel,WorkspaceOperations.swift: safe Remove Undo + ArborApp.swift: PersistedSubmoduleUndo,verified-partial,"After a clean gitlink remove, Arbor persists parent HEAD, gitlink, and exact .gitmodules pre/post snapshots; Undo restores the file and staged gitlink through native Git submodule update --init and verifies the clean commit","Dirty or changed pre-state, untracked or ignored nested files, parent HEAD drift, changed post-remove .gitmodules, occupied path, cancellation, or restore mismatch fail closed and retain a retry Undo action",arbor-engine/tests/longtail.rs::submodule_remove_undo_restores_clean_expected_state + submodule_remove_undo_refuses_new_worktree_files + submodule_worktree_status_counts_ignored_files_as_unsafe + ArborTests/CompareSelectionTests.swift::testSubmoduleRemoveUndoPersistsCompareAndSwapStateAndLegacyDeinitPayloads + cargo test + xcodebuild test,Remove now has guarded expected-state recovery; native DataContext/VcsNotifier lifecycle and UI automation remain partial
Arbor.Current.SubmodulePanelAddUndo.2026-08-23,current verification override,submodule,SubmodulePanel safe expected-state Undo for Add,submodule_add_undo_with_auth_and_cancel,WorkspaceOperations.swift: Add Undo seed/context + undoSubmoduleOperation + ArborApp.swift: PersistedSubmoduleUndo,verified-partial,"After a clean submodule add, Arbor persists parent HEAD, expected 160000 gitlink, exact post-add .gitmodules bytes and exact pre-add .gitmodules snapshot; Undo deinitializes the nested worktree, removes only the added index entry, restores/stages the pre-add file and verifies the path is gone","Occupied pre-add paths, parent HEAD/gitlink/.gitmodules drift, tracked/untracked/ignored nested files, cancellation or restore mismatch fail closed and retain a root-scoped semantic Retry Undo; native DataContext/VcsNotifier lifecycle and UI automation remain partial","arbor-engine/tests/longtail.rs::submodule_add_undo_restores_clean_pre_add_state + submodule_add_undo_refuses_new_nested_files + ArborTests/CompareSelectionTests.swift::testSubmoduleAddUndoPersistsExpectedStateAndRejectsOccupiedPath + cargo test + xcodebuild test + script/build_and_run.sh --verify","Current verification override for safe SubmodulePanel Add recovery"
Arbor.Current.LogPersistentFirstPageCache.2026-08-23,current verification override,history,Persisted VCS Log first-page snapshot,UserDefaults + query fingerprint + full ref-tip token,WorkspaceOperations.swift + LogSidebar.swift + branch.rs,verified-partial,"Single-root and aggregate Log persist the latest first page per Git root and only display it when root query full ref tips and current HEAD all match before the authoritative Rust refresh","Corrupt stale or mismatched cache is ignored; refresh failures keep a validated snapshot visible with explicit feedback; status cache and the complete IntelliJ permanent VCS Log index remain partial","ArborTests/CompareSelectionTests.swift::testPersistedLogCacheRoundTripsAndRejectsRootOrRefsDrift + testPersistedLogCacheFingerprintIncludesQueryBoundaries + arbor-engine/tests/remote_refs.rs::lists_remote_refs_and_preserves_ref_kinds_in_log + cargo test --all-targets + xcodebuild test + script/build_and_run.sh --verify","Bounded one-entry-per-root snapshot avoids turning UserDefaults into a second Git data source; Rust supplies full ref tip ids so short-hash collisions cannot reuse history"
Arbor.Current.StatusFirstPaintCache.2026-08-23,current verification override,stash,status first-paint snapshot after relaunch,UserDefaults + Codable FileEntry/ChangeList snapshot,WorkspaceOperations.swift + ContentView.swift + RebasedWorkspaceViews.swift,verified-partial,"Each Git root persists a display-only status snapshot including staged/unstaged/rename source and Changelist membership; relaunch paints it immediately with a refreshing indicator, then replaces it with fresh Rust status and never uses the cache for operation safety","No claim of a permanent VFS/FilenameIndex status cache; external worktree edits may make the first paint stale for the duration of the fresh scan, and native DataContext/VcsNotifier/UI automation remain partial","ArborTests/CompareSelectionTests.swift::testPersistedStatusCacheRoundTripsFilesAndChangeListsByRoot + xcodebuild test + cargo test --all-targets + script/build_and_run.sh --verify","The cache improves first paint without creating a second authority for Git status"
Arbor.Current.Shelf.RootQualifiedSemanticGuard.2026-08-23,current verification override,stash,Shelf semantic action root routing,ArborVCSActionRequest.rootPath + active-root guard,WorkspaceOperations.swift + CompareSelectionTests.swift,verified-partial,"Restore/Drop/Recently Deleted/direct and grouped Shelf semantic requests converge on one handler; an inactive root fails closed instead of mutating primary projectRepo; the visible Unshelve dialog receives the selected root's Changelist snapshot","Native DataContext and notification lifecycle remain partial","ArborTests/CompareSelectionTests.swift::testShelfActionRootGuardFailsClosedForInactiveRoots + testSecondaryShelfRootActionAllowlistFailsClosedForWorktreeWrites + testShelfRootSnapshotCarriesItsOwnChangeLists + xcodebuild test + script/build_and_run.sh --verify","Root-qualified mutation and target-Changelist context preserve a fail-closed inactive-root boundary"
Arbor.Current.Shelf.MultiRootReadPreview.2026-08-23,current verification override,stash,multi-root Shelf root chooser and root-bound read/preview,shelve_list + shelve_deleted_list + shelve_diff + shelve_file_diff_with_settings,ContentView.swift + WorkspaceOperations.swift + RebasedWorkspaceViews.swift,verified-partial,"Commit/Shelf provides a Git root picker; secondary roots independently load active/Recently Deleted Shelves, target Changelists, and raw/structured previews from the selected Repository with root/name/deleted-state stale guards; Rename, whole-Shelf Drop/Restore/Delete, direct and grouped Apply/Pop/Unshelve, member Apply/Drop/permanent delete, bulk DeleteProvider actions, target-Changelist Unshelve dialog, Patch Import/Export, Clear Already Unshelved, conflict status/complete/abort, and persisted Retry use a selected-root mutation context and root-scoped notification/semantic actions","Native DataContext/VcsNotifier/notification lifecycle and UI automation remain partial for secondary roots","ArborTests/CompareSelectionTests.swift::testShelfRootSelectionKeepsPrimaryAndSecondaryBoundaries + testShelfRootSnapshotCarriesItsOwnChangeLists + testShelfPreviewRootGuardRejectsStaleRootAndName + testShelfPreviewRootGuardFailsClosedWhenCurrentRootIsUnavailable + testShelfNotificationIDsRemainRootScoped + testShelfMetadataNotificationIDsRemainDistinctPerOperationAndRoot + testSecondaryShelfRootActionAllowlistFailsClosedForWorktreeWrites + xcodebuild test + script/build_and_run.sh --verify","Current verification override for root-safe multi-root Shelf mutations"
Arbor.Current.InteractiveRebaseDetailsPane.2026-08-23,current verification override,rebase,interactive rebase commit details and changes pane,commit_info + commit_diff,CommitDetailView.swift + RebasedDialogs.swift: RebaseTodoCommitDetailsPane,verified-partial,"Selecting one or more structured todo rows directly loads CommitInfo and shows a read-only metadata/changes/diff splitter; multi-selection is switchable in the details pane","Multi-root structured details, native control-row structured editing, full notification grouping and UI automation remain partial","arbor-engine/tests/history.rs::commit_info_loads_requested_revision_directly + xcodebuild focused/full test + script/build_and_run.sh --verify","Current verification override for IntelliJ GitInteractiveRebaseDialog details splitter"
Arbor.Current.InteractiveRebaseDragDrop.2026-08-23,current verification override,rebase,interactive rebase structured todo drag/drop ordering,moveRebaseTodoRows + commit identity selection restore,RebasedDialogs.swift: RebaseTodoDropDelegate + RebaseTodoEditorView,verified-partial,"Standard structured single-root todo rows support dragging one row or a selected group before a target row while preserving source order and selection; merge-preserving rows fail closed for structured drag","Exact Swing drop targets between rows, native control-row structured editing, full notification grouping and UI automation remain partial","ArborTests/CompareSelectionTests.swift::testRebaseTodoDragMovePreservesSourceOrderAndDestinationSemantics + xcodebuild focused test + script/build_and_run.sh --verify","Current verification override for IntelliJ MoveTableItemRunnable interaction"
Arbor.Current.InteractiveRebaseNativeTodoPreview.2026-08-23,current verification override,rebase,interactive rebase native todo structured preview,parseNativeRebaseTodoPreview,RebasedDialogs.swift: NativeRebaseTodoPreviewView + RawRebaseTodoEditorView,verified-partial,"Raw todo editor previews commit actions and label/reset/merge/exec/break/update-ref control rows, flags unknown or malformed lines without blocking Git, and keeps raw text editable for native execution","Preview is not a structured reorder/action model; Git remains the only final syntax/execution authority; full control-row editing, notification grouping and UI automation remain partial","ArborTests/CompareSelectionTests.swift::testNativeRebaseTodoPreviewParsesCommitAndControlRowsWithoutRejectingUnknownSyntax + xcodebuild focused test + script/build_and_run.sh --verify","Current verification override for IntelliJ native Git commands / interactive todo presentation"
Arbor.Current.InteractiveRebaseMultiRootDetails.2026-08-23,current verification override,rebase,interactive rebase multi-root commit details and changes pane,multiRootRebaseDetailCommitIDs,RebasedDialogs.swift: MultiRootRebaseTodoEditorView + RebaseTodoCommitDetailsPane,verified-partial,"Each root's todo selection drives a root-qualified read-only metadata/changes/diff splitter; selected commit IDs are ordered by that root's todo and repositories are independently cached","Native control-row structured editing, cross-root atomic notification/history semantics and UI automation remain partial","ArborTests/CompareSelectionTests.swift::testMultiRootRebaseDetailsStayInRootTodoOrderAndUseFocusedCommitWhenUnselected + xcodebuild focused/full test","Current verification override for IntelliJ GitInteractiveRebaseDialog multi-root details behavior"
Arbor.Current.InteractiveRebaseCommandsDialog.2026-08-23,current verification override,rebase,interactive rebase Git rebase commands reference dialog,rebaseTodoActionCommand,RebasedDialogs.swift: RebaseCommandsHelpView + RebaseTodoEditorView + MultiRootRebaseTodoEditorView,verified-partial,"Structured todo editors expose a read-only Commands window showing current action command, commit hash and subject without mutating editor state","Native control-row structured editing, exact IntelliJ context-menu placement, notification grouping and UI automation remain partial","ArborTests/CompareSelectionTests.swift::testRebaseTodoCommandsHelpUsesGitCommandNames + xcodebuild focused/full test + script/build_and_run.sh --verify","Current verification override for IntelliJ GitRebaseCommandsDialog"
Arbor.Current.InteractiveRebaseContextMenu.2026-08-23,current verification override,rebase,interactive rebase todo row context actions,rebaseTodoContextSelection + uniteRebaseTodoItems,"RebasedDialogs.swift: RebaseTodoEditorView + MultiRootRebaseTodoEditorView row contextMenu",verified-partial,"Structured todo rows expose topology-appropriate Pick/Reword/Edit/Squash/Fixup/Drop/Commands…; an invoked row preserves the current multi-selection only when it is inside that selection, otherwise it acts on the row; merge-row-incompatible batch actions fail closed and preserve-merges unite is limited to contiguous same-branch segments","Native control-row context actions, exact Swing menu placement, notification grouping and UI automation remain partial","ArborTests/CompareSelectionTests.swift::testRebaseTodoContextSelectionKeepsMultiSelectionOnlyWhenInvokedInsideIt + testRebaseTodoUniteAllowsOnlyContiguousPreserveMergeBranchSegments + xcodebuild focused/full test + script/build_and_run.sh --verify","Current verification override for IntelliJ GitInteractiveRebaseDialog row actions"
Arbor.Current.InteractiveRebaseNoopConfirmation.2026-08-23,current verification override,rebase,interactive rebase no-op confirmation,rebaseStartNeedsNoopConfirmation + multiRootRebaseNoopRootPaths,"RebasedDialogs.swift: RebasedRebaseDialog + MultiRootRebaseTodoEditorView",verified-partial,"Interactive rebase with an empty loaded range asks for explicit Continue/Cancel instead of disabling Start; multi-root counts only successfully loaded empty roots and keeps failed roots blocked","Exact native DialogWrapper wording/lifecycle, notification grouping and UI automation remain partial","ArborTests/CompareSelectionTests.swift::testRebaseStartNeedsNoopConfirmationOnlyForInteractiveEmptyRange + testMultiRootRebaseNoopRootsIgnoreFailedDrafts + xcodebuild focused/full test","Current verification override for IntelliJ confirmNoopRebase"
Arbor.Current.InteractiveRebaseHelpPopover.2026-08-23,current verification override,rebase,interactive rebase --onto contextual help,rebaseHelpDocumentationURL + RebaseHelpPopupView,"RebasedDialogs.swift: RebasedRebaseDialog --onto row",verified-partial,"A focusable help button beside --onto opens a dismissible branch-relationship popover and links to the Git rebase documentation","Exact IntelliJ popup advertisement text, theme-specific image asset and UI automation remain partial","ArborTests/CompareSelectionTests.swift::testRebaseHelpLinksToGitDocumentation + xcodebuild focused test","Current verification override for IntelliJ GitRebaseHelpPopupPanel"
Arbor.Current.InteractiveRebaseControlRowEditing.2026-08-24,current verification override,rebase,interactive rebase native control-row editing and reordering,updateNativeRebaseTodoControlLine + moveNativeRebaseTodoControlLine + nativeRebaseTodoControlCommand,"RebasedDialogs.swift: NativeRebaseTodoPreviewView + RawRebaseTodoEditorView",verified-partial,"The native todo preview edits control-row arguments, converts label/reset/merge/exec/break/update-ref command types, and moves control rows while preserving other lines, comments, unknown syntax, indentation and CRLF/LF newlines; single-root and multi-root reuse the same editor","Exact native popup/editor lifecycle, notification grouping and UI automation remain partial","ArborTests/CompareSelectionTests.swift::testNativeRebaseTodoControlEditingChangesOnlyTheTargetLine + testNativeRebaseTodoControlRowsSupportTypeConversionAndStableReordering + xcodebuild focused/full test + script/build_and_run.sh --verify","Current verification override for IntelliJ GitInteractiveRebaseFile control-row presentation"
Arbor.Current.MultiRoot.ResultTree.2026-08-23,current verification override,push_fetch,multi-root Fetch/Pull result tree and Operation Log,feedbackResultRows + FeedbackCenter.attachResultRows + finishGenericMultiRootOperation,"FeedbackCenter.swift: FeedbackResultRow + OperationLogView; WorkspaceOperations.swift: finishGenericMultiRootOperation",verified-partial,"Generic multi-root Fetch/Pull now preserve engine-order root-qualified success/skipped/failed rows in the Codable Operation Log; the detail view exposes repository name, root path and message and reload keeps the same grouped notification entry","Custom Push/Commit/Merge/Rebase/Shelf runners, native UpdateInfoTree/DataContext/VcsNotifier lifecycle and UI automation remain partial","Arbor/ArborTests/CompareSelectionTests.swift::testFeedbackResultRowsPreserveExecutionOrderAndState + testFeedbackResultRowsPersistAcrossOperationLogReload + focused/full xcodebuild","Current verification override for IntelliJ UpdateInfoTree-style grouped multi-root feedback"
Arbor.Current.MultiRoot.PushResultTree.2026-08-23,current verification override,push_fetch,multi-root Push and Push recovery result tree,feedbackResultRows + finishMultiRootPush + finishMultiRootPushRecovery,"WorkspaceOperations.swift: finishMultiRootPush + finishMultiRootPushRecovery; FeedbackCenter.swift: OperationLogView",verified-partial,"Push All and non-fast-forward Update with Merge/Rebase recovery persist engine-order root-qualified success/skipped/failed rows in the same stable notification history as Retry, Force Push, Update recovery and View Commits actions","Commit/Merge/Rebase/Shelf custom runners, native UpdateInfoTree/DataContext/VcsNotifier lifecycle and UI automation remain partial; operation-level failures without per-root results have no result tree","Arbor/ArborTests/CompareSelectionTests.swift::testFeedbackResultRowsPersistAcrossOperationLogReload + xcodebuild focused/full test + script/build_and_run.sh --verify","Current verification override for IntelliJ GitUpdateInfo-style grouped Push feedback"
Arbor.Current.MultiRoot.CommitResultTree.2026-08-23,current verification override,commit,multi-root Commit result tree,feedbackResultRows + performMultiRootCommit,"WorkspaceOperations.swift: performMultiRootCommit; FeedbackCenter.swift: OperationLogView",verified-partial,"Commit All/Commit Selected and the cancel branch of failed before-commit checks persist engine-order root-qualified success/skipped/failed rows beside Retry Failed Commits, Commit Anyway, Commit and Push, GPG configuration and Reword actions","Merge/Rebase/Shelf custom runners, native UpdateInfoTree/DataContext/VcsNotifier lifecycle and UI automation remain partial; catastrophic commit errors without per-root results have no result tree","Arbor/ArborTests/CompareSelectionTests.swift::testFeedbackResultRowsPersistAcrossOperationLogReload + xcodebuild focused/full test + script/build_and_run.sh --verify","Current verification override for IntelliJ GitApplyChanges/Commit notification result grouping"
Arbor.Current.MultiRoot.MergeResultTree.2026-08-23,current verification override,merge,multi-root Merge result tree and stable notification lifecycle,feedbackResultRows + multiRootMergeNotificationID + runMultiRootMergeOperation,"WorkspaceOperations.swift: runMultiRootMergeOperation; FeedbackCenter.swift: OperationLogView",verified-partial,"Successful, partially failed, conflict-paused and Smart Merge decision paths persist engine-order root-qualified rows on the initial stable Merge notification; rollback and delete-on-merge use separate lifecycle IDs so later actions do not overwrite the original result tree","Rebase/Shelf custom runners, native UpdateInfoTree/DataContext/VcsNotifier lifecycle and UI automation remain partial; merge rollback itself still exposes only its own operation summary","Arbor/ArborTests/CompareSelectionTests.swift::testFeedbackResultRowsPersistAcrossOperationLogReload + xcodebuild focused/full test + script/build_and_run.sh --verify","Current verification override for IntelliJ GitMergeAction result grouping"
Arbor.Current.MultiRoot.RebaseResultTree.2026-08-23,current verification override,rebase,multi-root Rebase session result tree,feedbackResultRows + multiRootRebaseRows + applyMultiRootRebaseResults,"WorkspaceOperations.swift: runPendingMultiRootRebase + applyMultiRootRebaseResults; FeedbackCenter.swift: OperationLogView",verified-partial,"Pending, paused, completed and failed roots from the durable multi-root Rebase session are persisted in execution/session order on the stable Rebase notification and remain visible with recovery and Undo actions","Shelf custom runners, native UpdateInfoTree/DataContext/VcsNotifier lifecycle and UI automation remain partial; operation-level errors without per-root results have no result tree","Arbor/ArborTests/CompareSelectionTests.swift::testFeedbackResultRowsPersistAcrossOperationLogReload + xcodebuild focused/full test + script/build_and_run.sh --verify","Current verification override for IntelliJ GitUpdateInfo/Rebase recovery result grouping"
Arbor.Current.Shelf.BatchOutcomeItems.2026-08-23,current verification override,stash,Shelf batch item outcome tree,FeedbackOperationItem + FeedbackCenter.attachOperationItems + shelfOperationItems,"WorkspaceOperations.swift: batch Apply/Pop/Drop and Recently Deleted Restore/Delete; FeedbackCenter.swift: OperationLogView",verified-partial,"Active and Recently Deleted Shelf batches persist one ordered item per selected Shelf with success/failed/skipped state, applied destination or conflict/failure detail, root scope, and the same stable Retry/Undo notification; reload preserves the item tree","Native ShelvedTreeModel/DataContext/DeleteProvider lifecycle, finer VcsNotifier grouping and UI automation remain partial","ArborTests/CompareSelectionTests.swift::testFeedbackOperationItemsPersistShelfBatchOutcomesAcrossReload + xcodebuild focused test + script/build_and_run.sh --verify","Closes the missing persisted item-level outcome presentation without changing Shelf mutation authority or Retry safety"
Arbor.Current.Shelf.FileOutcomeTree.2026-08-24,current verification override,stash,Shelf file-member outcome tree,FeedbackOperationSubitem + shelfOperationSubitems + FeedbackCenter.OperationLogView,"WorkspaceOperations.swift: single/batch Shelf Apply/Pop, selected-member Apply, Changelist drop, batch member Apply; FeedbackCenter.swift: FeedbackOperationItem",verified-partial,"Operation Log Shelf items now retain ordered file-member children with success/failed/skipped state and applied/conflict/failure detail; user-facing revision-backed Apply/Unshelve/Pop routes use the engine applied/failed ledger, while retry and conflict completion remain keyed to the durable Shelf snapshot","Internal preserve/rebase Shelf flows, native ApplyPatchViewer/ShelvedTreeModel/DataContext lifecycle, hunk-level control rows, VcsNotifier grouping and UI automation remain partial","arbor-engine/tests/shelve.rs::native_differentiated_unshelve_conflict_completion_restores_index_boundary + native_differentiated_pop_conflict_completion_consumes_only_attempted_members + ArborTests/CompareSelectionTests.swift::testFeedbackOperationItemsPersistShelfBatchOutcomesAcrossReload + xcodebuild focused/full test + cargo test + script/build_and_run.sh --verify","Presentation snapshot only: child rows never authorize Retry, Undo, conflict completion or Shelf deletion"
Arbor.Current.InternalPreservationShelfRestore.2026-08-24,current verification override,stash,internal preserved local changes Shelf/Stash restore,shelve_for_preservation + differentiated git apply --3way + shared native rebase process cancellation + Pull stash restore boundary,arbor-engine/src/repo.rs + arbor-engine/src/shelve.rs + WorkspaceOperations.swift preservation recovery,verified-partial,"Smart Checkout Checkout+Update Pull/Update and the main Rebase/Checkout-with-Rebase/raw-todo entry points restore revision-backed temporary Shelves or Stashes per file/boundary; ordinary failures keep the full preservation for retry; empty patches are consumed safely; clean and conflict completion preserve the original staged/unstaged boundary; native raw-todo cancellation kills Git's process group and preserves an active rebase's saved scene; Pull Stash cancellation before worktree mutation keeps the Stash and pending recovery remains retryable","Native GitPreservingProcess/VcsNotifier/DataContext lifecycle, multi-root native control-row/editor lifecycle, and UI automation remain partial; Stash restore is intentionally non-interruptible after gix mutation begins",arbor-engine/tests/branch_workspace.rs::cancelled_shelf_smart_checkout_restores_the_original_scene_before_saving + arbor-engine/tests/shelve.rs::cancelled_preservation_shelf_pop_keeps_snapshot_for_retry + arbor-engine/tests/rebase_todo.rs::cancelled_shelve_policy_rebase_keeps_local_scene_before_preservation + arbor-engine/tests/rebase_options.rs::cancelled_raw_todo_rebase_kills_git_and_keeps_saved_scene_for_abort + arbor-engine/tests/rebase_options.rs::cancelled_multi_root_raw_todo_keeps_active_root_recoverable_and_skips_later_roots + arbor-engine/tests/stash.rs::cancelled_stash_pop_keeps_stash_and_worktree_before_restore + arbor-engine/tests/branch_workspace.rs::smart_checkout_shelve_policy_restores_staged_and_unstaged_boundaries + arbor-engine/tests/shelve.rs::preservation_shelf_conflict_completion_restores_original_index_boundary + arbor-engine/tests/multi_root.rs::multi_root_checkout_and_update_shelve_preserves_staged_and_unstaged_changes + arbor-engine/tests/rebase_options.rs::multi_root_rebase_shelve_policy_preserves_dirty_files_in_each_root + cargo test + xcodebuild test + script/build_and_run.sh --verify,"Internal restoration preserves the user-visible recovery object and does not flatten the staged/unstaged scene"
Arbor.Current.MultiRootRebaseCancellation.2026-08-24,current verification override,rebase,multi-root native rebase cancellation and partial session boundary,run_multi_root_rebase_with_cancel + rebase_raw_todo_for_branch_with_options_and_policy_and_cancel,WorkspaceOperations.swift: prepareMultiRootRawTodoEditor + runPendingMultiRootRebase,verified-partial,"Native raw-todo capture and native/structured/non-interactive multi-root Rebase execution share one GitCancelHandle; cancellation returns the active root as failed or paused recovery state and later roots as skipped, while an active Git rebase retains Continue/Skip/Abort recovery","Native control-row/editor lifecycle, full VcsNotifier/DataContext grouping and UI automation remain partial",arbor-engine/tests/rebase_options.rs::cancelled_multi_root_raw_todo_keeps_active_root_recoverable_and_skips_later_roots + cargo test --test rebase_options + xcodebuild test + script/build_and_run.sh --verify,"Closes the multi-root process-cancellation/session boundary without claiming native UI lifecycle parity"
Arbor.Current.NativeNotificationCategoryLifecycle.2026-08-24,current verification override,cross-cutting,native VcsNotifier category/action lifecycle,ArborNativeNotificationCenter.publish + expire + category registry cleanup,"FeedbackCenter.swift: ArborNativeNotificationCenter",verified-partial,"Stable notification expiry, downgrade to tool-window/silent, and actionless replacement remove the matching macOS UNNotificationCategory and its action routing while preserving other categories and Operation Log history","System permission/banner lifecycle, exact native DataContext/action groups and UI automation remain partial","ArborTests/CompareSelectionTests.swift::testVcsNotificationGroupsMapToNativePresentationAndSharedThreads + xcodebuild full test + script/build_and_run.sh --verify","Keeps expired recovery actions from remaining registered in Notification Center without deleting historical feedback"
Arbor.Current.NativeNotificationPermissionLifecycle.2026-08-24,current verification override,cross-cutting,native VcsNotifier permission and banner lifecycle,ArborNativeNotificationCenter.refreshAuthorizationStatus + FeedbackCenter.nativeNotificationPermissionWarning,"FeedbackCenter.swift: ArborNativeNotificationCenter + FeedbackCenter; RebasedWorkspaceViews.swift: RebasedStatusBar",verified-partial,"UNNotificationSettings refresh maps denied authorization and disabled alerts to a persistent in-app recovery prompt; opening macOS notification settings is available from the status bar, authorization is refreshed after app activation, and restored authorization clears the prompt without changing Operation Log history","Exact macOS permission prompt/banner rendering, system-settings UI automation, native DataContext/action groups and Notification Center integration tests remain partial","ArborTests/CompareSelectionTests.swift::testNativeNotificationAuthorizationTreatsDisabledAlertsAsUnavailable + testNativeNotificationPermissionWarningProvidesRecoveryAction + xcodebuild focused/full test + script/build_and_run.sh --verify","The recovery surface is intentionally separate from Git operation feedback so a denied system permission cannot replace an active Git result"
Arbor.Current.QuickGitActionsCommitDataContext.2026-08-24,current verification override,other,Quick Git Actions Commit action-group enablement,vcsQuickActionItems(hasCommitChanges) + ArborVCSActionContext.hasLocalChanges,"ArborApp.swift: vcsQuickActionItems; ContentView.swift: presentVCSQuickActionsPanel",verified-partial,"Quick Git Actions now disables Commit for a clean worktree while preserving Commit for staged-only and unstaged changes, using the same local-change fact as the main VCS menu","Other branch/tree action groups still have finer IntelliJ disabled presentation and native selection/DataContext lifecycle differences; UI automation remains partial","ArborTests/CompareSelectionTests.swift::testVCSQuickActionItemsMatchGitQuickListOrderAndEnablement + xcodebuild focused/full test + script/build_and_run.sh --verify","Closes a concrete action enablement divergence without making the Quick Actions panel depend on UI-only state"
Arbor.Current.Hosting.FileRevisionLink.2026-08-24,git4idea.remote.hosting.action.GlobalHostedGitRepositoryReferenceActionGroup,other,文件 revision 托管链接,permalink_for_path,"LogSidebar.swift: Log Changes Browser context menu; WorkspaceOperations.swift: file revision hosting actions",verified-partial,"按 commit.repositoryPath 解析所属 root 并生成 GitHub/GitLab/Bitbucket 文件 blob 链接；支持 HTTPS SSH SCP remote 及特殊字符路径编码；文件行可打开或复制链接","多 remote 的原生 DataContext/VcsNotifier action lifecycle、编辑器当前文件/行号链接、VCS History 原生 DataContext 和 UI automation 仍 partial",arbor-engine/tests/hosting.rs::file_permalink_matches_hosting_provider_path_conventions + file_permalink_fails_closed_for_invalid_or_unhosted_inputs + ArborTests/CompareSelectionTests.swift::testHostedFileRevisionTargetUsesParentForDeletedPaths + xcodebuild test/build + script/build_and_run.sh --verify,"Closes the missing file-level hosted reference action without claiming the full native action-group lifecycle"
Arbor.Current.Hosting.MultiRemoteActionGroup.2026-08-24,git4idea.remote.hosting.action.HostedGitRepositoryReferenceActionGroup,other,多 remote hosting reference action group,hostedRemoteActionPresentation + selected RemoteInfo,"HostingProvider.swift; CommitDetailView.swift; LogGraphView.swift; LogSidebar.swift; WorkspaceOperations.swift",verified-partial,"0 个 supported remote 隐藏；1 个直达；多个按 remote name 展开 Open in Browser 与 Copy Link；提交和文件 revision 按 repositoryPath 路由所属 root","编辑器当前文件/行号链接、原生 DataContext/VcsNotifier action lifecycle 和 UI automation 仍 partial",Arbor/ArborTests/HostingProviderTests.swift::testHostedRemoteActionPresentationMatchesIntelliJGroupSemantics + xcodebuild test + script/build_and_run.sh --verify,"Closes first-remote divergence without claiming full native action-group parity"
Arbor.Current.Hosting.PullRequestRemoteSelection.2026-08-24,git4idea hosting integration,other,Pull Request / Merge Request remote selection,pr_url + pullRequestRemotesForCommit + selected RemoteInfo,"arbor-engine/src/repo.rs; RepoSidebar.swift; LogGraphView.swift; HostingIntegration.swift; HostingProvider.swift",verified-partial,"Branches PR、Log Open Pull Requests 和 Comment this commit 按所属 root 过滤 supported remote；单 remote 直达、多 remote 展开；PR URL 支持 GitHub/GitLab/Bitbucket HTTPS SSH SCP 与 branch 编码，provider PR 列表路径分开处理","API 创建 token/账户选择、原生 hosting DataContext/action lifecycle 和 UI automation 仍 partial",arbor-engine/tests/hosting.rs::pull_request_url_matches_hosting_provider_conventions_and_encodes_branch + pull_request_url_fails_closed_for_invalid_or_unhosted_inputs + ArborTests/HostingProviderTests.swift::testParsesGitLabAndBitbucketRemotes + xcodebuild test,"Closes first-remote PR browser/comment divergence without claiming complete hosting integration"
Arbor.Current.PushTags.RemoteSelection.2026-08-24,git4idea.actions.tag.GitPushTagsActionGroup,tag,Push Tag remote selection,resolveSelectedRemoteName + selected remote,"HostingProvider.swift; LogSidebar.swift; RebasedDialogs.swift; WorkspaceOperations.swift",verified-partial,"Log Tags 单 tag、单 root/multi-root Push All Tags 和 tag push backend 在一个 remote 时直达、多个 remote 时展开选择；无显式选择的多 remote backend fail-closed，不再取第一个 remote","原生 IntelliJ action wrapper/DataContext/VcsNotifier lifecycle、完整 UI automation 和其它 Push 默认 remote 语义仍 partial","Arbor/ArborTests/HostingProviderTests.swift::testRemoteResolutionNeverFallsThroughToFirstRemote + xcodebuild test + cargo test --test hosting + script/build_and_run.sh --verify","Closes silent first-remote tag publication without claiming full native action parity"
Arbor.Current.Push.RemoteSelection.2026-08-24,git4idea.actions.branch.GitPushBranchAction,push_fetch,通用 Push remote selection,resolveSelectedRemoteName + PushDialogView selection,"ContentView.swift; PushDialogView.swift; WorkspaceOperations.swift; HostingProvider.swift",verified-partial,"主工具栏 Push 进入 PushDialogView；唯一 remote 自动初始化；多个 remote 不预填第一个且未选择时禁用确认；doPush 与 pushInRoot 只接受显式或唯一 remote","Push dialog native DataContext、target discovery、VcsNotifier lifecycle 和 UI automation 仍 partial","Arbor/ArborTests/HostingProviderTests.swift::testRemoteResolutionNeverFallsThroughToFirstRemote + xcodebuild test + cargo fmt --check + script/build_and_run.sh --verify","Closes general Push first-remote execution fallback without claiming full native dialog parity"
Arbor.Current.RemoteTags.RemoteSelection.2026-08-24,custom single-root remote-tag browser,remote,Remote Tags remote selection,resolveSelectedRemoteName + RemoteTagsDialogView,"RebasedDialogs.swift; HostingProvider.swift",verified-partial,"唯一 remote 自动初始化；多个 remote 不预填第一个，读取和远程 tag 删除都必须使用明确选择的 remote","原生 remote-tag action/DataContext、通知 lifecycle 和 UI automation 仍 partial","Arbor/ArborTests/HostingProviderTests.swift::testRemoteResolutionNeverFallsThroughToFirstRemote + xcodebuild test + cargo test --all-targets + script/build_and_run.sh --verify","Closes silent first-remote remote-tag read/delete routing without claiming native action parity"
Arbor.Current.ConfigureRemotes.Selection.2026-08-24,git4idea.remote.GitConfigureRemotesDialog,remote,Configure Remotes explicit selection,selectedName without implicit fallback,"RebasedDialogs.swift; WorkspaceOperations.swift",verified-partial,"单 root 与 root-scoped RemoteConfigDialogView 仅在显式 selection 时填充编辑字段；无 selection 时保持空，刷新或删除当前 remote 后不会跳到第一个 remote","原生 table/DataContext selection、VcsNotifier lifecycle 和 UI automation 仍 partial","xcodebuild test + script/build_and_run.sh --verify","Closes accidental first-remote edit/remove target without claiming native remote dialog parity"
Arbor.Current.Unshallow.RemoteSelection.2026-08-24,git4idea.actions.GitUnshallowRepositoryAction,remote,Fetch Full History remote selection,defaultFetchRemoteName + fetch_unshallow,"HostingProvider.swift; WorkspaceOperations.swift",verified-partial,"单 remote 使用唯一 remote；多 remote 优先当前 tracking remote，再使用 origin；没有安全候选时 fail-closed 并通过 FeedbackCenter 提示","原生后台任务通知、DataContext lifecycle 和 UI automation 仍 partial","Arbor/ArborTests/HostingProviderTests.swift::testDefaultFetchRemoteUsesTrackingThenOriginWithoutGuessing + cargo test --test remote_config + xcodebuild test + script/build_and_run.sh --verify","Closes unshallow first-remote fallback without claiming native fetch lifecycle parity"
Arbor.Current.CompareBranches.RowActions.2026-08-24,git4idea.branch.GitCompareBranchesUi,history,Compare Branches unique-commit row actions,BranchCommitComparisonView + existing root-safe Log handlers,"LogSidebar.swift; WorkspaceOperations.swift; LogGraphView.swift",verified-partial,"两侧 unique commit 行提供 View Details、Checkout、Reset、Create Branch、Compare、Interactive Rebase、Cherry-pick、Revert；Compare 按选中 commit 的 owning root 读取当前分支；merge commit Revert 与不可用 Interactive Rebase 禁用","完整 IntelliJ VCS Log 双窗 filter/graph/action lifecycle 与 UI automation 仍 partial","xcodebuild test + script/build_and_run.sh --verify","Closes comparison-row interaction gap without claiming native VCS Log parity"
Arbor.Current.CompareBranches.Filters.2026-08-24,git4idea.branch.GitCompareBranchesUi,history,Compare Branches per-pane VCS Log filters,log_filtered_with_message_and_date_options_for_revisions,"LogSidebar.swift; WorkspaceOperations.swift; ContentView.swift",verified-partial,"两侧分别支持 Message/Hash、Author、Since、Until、Regex、Match Case、No Merges；日期严格校验；hash 在对应 range 结果上按 commit ID 前缀过滤；异步结果校验 branch/root/filter snapshot","完整 IntelliJ permanent VCS Log graph、原生 VCS Log 的分页/refresh lifecycle、native DataContext/action lifecycle 与 UI automation 仍 partial；比较 pane 的 cursor continuation 已覆盖，不再受 500 条数量基线限制","arbor-engine/tests/log_filter.rs::filters_by_author_since_and_start_revision + text_filter_supports_regex_and_match_case_options + date_upper_bound_and_no_merges_match_vcs_log_filters + revision_range_filter_excludes_the_left_end + xcodebuild test + script/build_and_run.sh --verify","Closes the missing per-pane comparison filter surface without claiming full VCS Log parity"
Arbor.Current.CompareBranches.Graph.2026-08-24,git4idea.branch.GitCompareBranchesUi,history,Compare Branches full VCS Log graph/table surface,log_filtered_with_message_and_date_options_for_revisions,"LogSidebar.swift; LogGraphView.swift; WorkspaceOperations.swift",verified-partial,"两侧 unique-commit pane 复用共享 LogGraphView，提供 graph lanes、merge fragment 交互、Commit/Author/Date/Hash 列、横向/纵向滚动、Cmd/Shift 多选与完整 Log context action callbacks；独立 filters 与 root-safe action 路由保持不变","完整 IntelliJ permanent VCS Log graph、原生 VCS Log 的分页/refresh lifecycle、native DataContext/action-group lifecycle 与 UI automation 仍 partial；比较 pane 的 cursor continuation 已覆盖，不再受 500 条数量基线限制","xcodebuild test + script/build_and_run.sh --verify","Closes the missing comparison graph/table surface without claiming native VCS Log parity"
Arbor.Current.CompareBranches.Pagination.2026-08-24,git4idea.branch.GitCompareBranchesUi,history,Compare Branches independent refresh and incremental loading,log_filtered_with_message_and_date_options_for_revisions,"LogSidebar.swift; WorkspaceOperations.swift; ContentView.swift",verified-partial,"每侧独立维护 entries、hasMore、loading state；首屏 80 条，单侧 Load More 使用当前 loaded count + 200 的累积查询，按 commit ID 去重追加；Refresh 取消旧 task，generation、branch/root/filter snapshot 防止 stale result 覆盖；hash query 不伪造分页","仍非 IntelliJ permanent VCS Log manager/VisiblePackRefresher；Rust API 没有 revision cursor，因此使用累积查询投影；独立 pane task 由后续 PaneLifecycle 记录补齐；原生 DataContext/action-group lifecycle 与 UI automation 仍 partial","Arbor/ArborTests/CompareSelectionTests.swift::testBranchComparisonPaginationProjectsOnlyNewUniqueEntries + xcodebuild test + script/build_and_run.sh --verify",Closes the missing comparison refresh/incremental loading surface without claiming native VCS Log lifecycle
Arbor.Current.CompareBranches.PaneLifecycle.2026-08-24,git4idea.branch.GitCompareBranchesUi,history,Compare Branches independent pane task and filter lifecycle,log_filtered_with_message_and_date_options_for_revisions,"LogSidebar.swift; WorkspaceOperations.swift; ContentView.swift",verified-partial,"first/second pane 各自拥有 task、request generation、loading/error/hasMore；初始查询并行启动，pane filter/Refresh/Load More 只作用于所属 pane；旧结果校验 compare context、pane request、branch/root 和本侧 filter snapshot；一侧错误不会清空另一侧 entries，刷新一侧保留另一侧 selection","仍非 IntelliJ permanent VCS Log manager/VisiblePackRefresher；Swift task 不是 native Disposable/VcsLogUi 生命周期；native DataContext/action-group lifecycle 与 UI automation 仍 partial","Arbor/ArborTests/CompareSelectionTests.swift::testBranchComparisonRefreshKeepsSelectionFromOtherPane + xcodebuild test + script/build_and_run.sh --verify",Closes the shared comparison task/filter lifecycle gap without claiming native VCS Log parity
Arbor.Current.CompareTree.PatchExport.2026-08-24,git4idea.compare.CompareWithRevision,history,Compare With / Show Files Diff selected change patch export,git diff --binary --no-ext-diff with revision and path arguments,LogSidebar.swift; WorkspaceOperations.swift; ContentView.swift,verified-partial,Compare and revision tree views can export selected changes to a portable patch; revision-to-revision and revision-to-working-tree modes preserve old rename paths and use root-scoped Repository execution with separate arguments,Empty comparison output or Git failure shows FeedbackCenter error and does not report success,ArborTests/CompareSelectionTests.swift::testComparePatchArgumentsKeepRevisionsAndPathsAsSeparateArguments + focused xcodebuild test + full build verification,Closes the user-visible Create Patch action gap without claiming full native Changes Browser lifecycle
Arbor.Current.LogSelectedHistoryChangeMergeTarget.2026-08-24,git4idea.rebase.log.changes.GitDropSelectedChangesOperation + GitExtractSelectedChangesOperation,rebase,Drop/Extract selected changes from a merge target,drop_selected_changes + extract_selected_changes,repo.rs::rewrite_selected_commit_history + LogSidebar.swift: first-parent Changes gate,verified-partial,"Merge targets and merge descendants now use the first-parent diff, preserve every rewritten commit's original parent topology, and Extract keeps the rewritten merge before the new full-tree commit; the UI allows only first-parent merge Changes selections","submodules/all-selected selections, unsafe replay conflicts, and native conflict dialog/VcsNotifier lifecycle remain partial",arbor-engine/tests/log_selected_changes.rs::drop_selected_changes_preserves_merge_descendant_topology + extract_selected_changes_replays_merge_descendants_and_keeps_topology + xcodebuild test + cargo test + script/build_and_run.sh --verify,Closes the concrete merge-target and merge-descendant rejection without claiming submodule or native conflict UI parity
Arbor.Current.ExternalVCS.AmbiguousFileRenameReview.2026-08-24,git4idea.vfs.GitVFSListener,index,external VFS ambiguous file rename old-endpoint review,GitVFSListener add/remove action settings with explicit move review,RepositoryIndexRevisionMonitor.swift; WorkspaceOperations.swift,verified-partial,when FSEvents omits a file rename old endpoint and one or more deleted candidates share the destination basename the action pipeline presents one-to-one old-to-new choices; approved choices route through independent Add and Remove settings and skipped choices remain unmodified; a singleton deleted path with no identity is no longer auto-paired; an unmatchable destination follows the conservative new-file path,native VFS operation state permission banner action history and UI automation remain partial,ArborTests/RepositoryFileChangeMonitorTests.swift::testExternalVCSActionPathsReconcileUnpairedRenamesWithoutGuessing + focused xcodebuild test + full build verification,Closes the unsafe singleton unpaired-rename pairing without guessing an old endpoint
Arbor.Current.RebaseUndoNotificationPersistence.2026-08-24,git4idea.rebase.log.GitCommitEditingNotifications,rebase,Rebase Undo success-notification persistence,ArborVCSActionRequest.undoRebase + RebaseUndoTarget + FeedbackCenter stable notification ID,WorkspaceOperations.swift: rebaseUndoFeedbackAction across interactive/native/Drop/Branches-Popup/Pull/Shelf recovery,verified-partial,"interactive/native/Drop Rebase completion, Branches Popup secondary-root Rebase completion, Skip/Continue completion, Pull Rebase restore and Shelf/Stash restore now expose the same root-scoped Codable Undo Rebase action; Operation Log reload can reconstruct the request and execution keeps expected HEAD/branch/operation-state/protected-remote guards",native VcsNotifier/DataContext lifecycle and UI automation remain partial,Arbor/ArborTests/CompareSelectionTests.swift::testDropUndoTargetAndSemanticActionRoundTripAcrossPersistence + testRebaseUndoSemanticActionRemainsRootScopedAcrossReload + focused xcodebuild test + full build verification,Closes the cross-restart Undo Rebase action-loss gap without claiming native notification parity
Arbor.Current.Push.NotificationGroupingAndDurableActions.2026-08-24,git4idea.push.GroupedPushResult + GitPushResultNotification,push_fetch,Push rejection/error grouping and durable notification actions,ArborVCSActionRequest.retryPush + PersistedPushRecovery + showOperationDetails,WorkspaceOperations.swift: doPush / pushInRoot / finishMultiRootPush / OperationLogView,verified-partial,Single/root-scoped stale lease Force Push Anyway and Retry Push preserve remote/branch/force/lease/refspec/tag/hooks and View Commits range across reload; Show Details opens the matching Operation Log entry by stable notification ID; multi-root Push distinguishes rejected results from authentication/permission transport failures and permits nested-root actions,"native VcsNotifier repository result types, UpdateInfoTree and UI automation remain partial",Arbor/ArborTests/CompareSelectionTests.swift::testSingleRootPushRetryAndShowDetailsRequestsRoundTripAcrossReload + testMultiRootPushGroupsRejectionsSeparatelyFromTransportErrors + xcodebuild test + script/build_and_run.sh --verify,Closes closure-only Push notification recovery and warning/error grouping gaps without claiming full native notification parity
Arbor.Current.Push.StandardRetryAction.2026-08-24,git4idea.push.GitPushResultNotification,push_fetch,standard single-root Push retry action,ArborVCSActionRequest.retryPush + PersistedPushRecovery,WorkspaceOperations.swift: doPush / offerPushRecovery,verified-partial,ordinary transport/auth failures retain root-scoped Retry Push; non-fast-forward Update with Merge/Rebase retains direct Retry alongside recovery actions; stale branch messaging names the actual saved branch,full native notification lifecycle and UI automation remain partial,Arbor/ArborTests/CompareSelectionTests.swift::testSingleRootPushRetryAndShowDetailsRequestsRoundTripAcrossReload + xcodebuild test + script/build_and_run.sh --verify,Closes the remaining standard Push closure-only retry gap
Arbor.Current.Push.DetachedRefspec.2026-08-24,git4idea.push.GitPushTargetPanel,push_fetch,detached HEAD custom refspec Push,root-scoped pushRefspec + persisted retryPush,WorkspaceOperations.swift: pushInRoot / retrySingleRootPush,verified-partial,non-empty custom refspec can execute and retry without a local branch; ordinary branch Push keeps branch validation,full IntelliJ Push dialog/DataContext lifecycle and UI automation remain partial,Arbor/ArborTests/CompareSelectionTests.swift::testDetachedRefspecPushRetryPayloadDoesNotRequireBranch + xcodebuild test + script/build_and_run.sh --verify,Closes the detached custom-refspec branch-gate gap
Arbor.Current.FileHistory.RenameMerge.2026-08-24,git4idea.history.GitFileHistory + git4idea.history.GitLogHistoryHandler,history,followed File History rename and merge-parent traversal,log_filtered path follow with parent-scoped rename state,arbor-engine/src/log.rs + WorkspaceOperations.swift + ContentView.swift: root-aware File History tab and path filter,verified-partial,"ordinary File History starts at HEAD; followed history detects edited renames with rewrite detection, propagates path state separately through merge parents, replays state before a pagination cursor, and opens/reuses a root-qualified History tab",full native VCS history provider/DataContext/action lifecycle and UI automation remain out of the current SwiftUI boundary,arbor-engine/tests/history.rs::file_history_follows_renames_with_content_edits + file_history_follows_renames_across_merge_parents + followed_file_history_pagination_replays_rename_state_before_cursor + ArborTests/CompareSelectionTests.swift::testFileHistoryLogTabIsRootQualifiedAndStartsAtRequestedRevision + cargo test --test history + xcodebuild test,Closes the concrete File History start-revision/rename/merge and independent-tab gaps without claiming native File History parity
Arbor.Current.Push.RecoveryViewCommitRangeJoin.2026-08-24,git4idea.push.GitPushOperation,push_fetch,multi-root Push recovery View Commits range continuity,joined root-qualified PersistedLogRevisionRange,ContentView.swift + WorkspaceOperations.swift,verified-partial,"initial multi-root Push and Update with Merge/Rebase recovery now carry View Commits ranges through root-scoped Retry; repeated attempts preserve the first old boundary and append latest successful root ranges across reload",cross-root rollback joint diff complete native notification lifecycle and UI automation remain partial,Arbor/ArborTests/HostingProviderTests.swift::testMultiRootPushRetryRangesRetainCompletedRootsAndAppendLaterSuccesses + Arbor/ArborTests/CompareSelectionTests.swift::testMultiRootRetryActionRequestRoundTripsOperationAndRootScopes + xcodebuild test + script/build_and_run.sh --verify,Aligns GitPushOperation.joinUpdatedRanges and preserves the received-commits follow-up across multi-root recovery attempts
Arbor.Current.LogSelectedHistoryChangeUndo.2026-08-24,git4idea.rebase.log.GitCommitEditingOperationResult,history,Drop/Extract selected changes durable Undo,undo_log_selected_changes_expected_head + LocalChangesSavePolicy,WorkspaceOperations.swift: Drop/Extract success feedback and root-scoped semantic action,verified-partial,"successful Drop/Extract rewrites expose a Codable root-qualified Undo action; Undo checks operation state, exact HEAD, symbolic branch and protected published history, then restores the original tip with reset --keep while preserving the configured Stash/Shelf local scene","submodule/all-selected selections,restore conflicts and native VcsNotifier/DataContext/UI automation remain partial",arbor-engine/tests/log_selected_changes.rs::selected_change_history_undo_restores_tip_and_preserves_new_local_scene + selected_change_history_undo_rejects_a_stale_head + ArborTests/CompareSelectionTests.swift::testSelectedChangesUndoTargetAndSemanticActionRoundTripAcrossPersistence + xcodebuild test + script/build_and_run.sh --verify,Closes the successful Drop/Extract completion-state and cross-restart Undo gap without claiming native notification parity
Arbor.Current.RebaseEditAmend.2026-08-24,git4idea.rebase.GitRebaseContinue + GitStageCommitWorkflowHandler,rebase,Rebase edit pause Amend and Continue,rebase_continue amended HEAD reuse,RebasedWorkspaceViews.swift: edit-pause-only Amend enablement + WorkspaceOperations.swift: guarded amend feedback,verified-partial,"When an object-level rebase pauses at edit, staged changes can be amended from the Commit workspace; Continue validates the amended parent topology and reuses the amended commit without a duplicate history entry","Conflict pauses remain resolver-only; native Git/VcsNotifier/DataContext lifecycle, complex merge-topology action semantics and UI automation remain partial",arbor-engine/tests/rebase.rs::rebase_edit_amend_then_continue_reuses_amended_commit + ArborTests/ReflogSelectionTests.swift::testRebaseEditPauseAllowsAmendOnlyWithoutConflicts + xcodebuild test + cargo test --test rebase + cargo fmt --check,"Closes the real edit-pause Amend gap without broadening the operation guard for other Git operations"
Arbor.Current.CompareBranches.CursorPagination.2026-08-24,current verification override,log,Compare Branches cursor-based pagination beyond 500 commits,log_filtered_with_message_and_date_options_for_revisions_with_after_id,WorkspaceOperations.swift: startBranchComparisonLoad,verified-partial,"Each comparison pane requests an independent first/continuation page and resumes from the previous page's last commit id; revision range, filters, graph, deduplication and stale guards remain root/branch/filter scoped","Permanent VCS Log manager, native DataContext/action-group lifecycle, VcsNotifier details and UI automation remain partial",arbor-engine/tests/log_filter.rs::filtered_log_cursor_and_limit_are_not_capped_at_500_commits + ArborTests/CompareSelectionTests.swift::testBranchComparisonPaginationProjectsOnlyNewUniqueEntries + cargo test --all-targets + xcodebuild test + cargo fmt --check + script/build_and_run.sh --verify,"Removes the old cumulative-query/500-row baseline without changing the Compare Branches product boundary"
Arbor.Current.UpdateProject.MethodSelection.2026-08-24,git4idea.config.GitVcsOptions,settings,Update Project merge/rebase method selection,GitUpdateMethodSettings + run_multi_root_update_with_policy,DiagnosticsLogger.swift: ProjectGitIncomingChangesSettingsView + ContentView.swift: Update Project toolbar/VCS action,verified-partial,"Project Git Settings persists Merge or Rebase per normalized project path; Update Project (⌘T) and its multi-root runner use the selected method, defaulting to Merge; explicit Pull Merge/Rebase actions remain independent","Native UpdateOptionsDialog/DataContext lifecycle and UI automation remain partial",ArborTests/CompareSelectionTests.swift::testUpdateMethodIsProjectScopedAndDefaultsToMerge + xcodebuild test + script/build_and_run.sh --verify,"Closes the real hard-coded Merge gap against GitVcsOptions.updateMethod without changing explicit Pull actions"
Arbor.Current.UpdateProject.RebaseOverMerge.2026-08-25,git4idea.update.GitRebaseOverMergeProblem,update,Update Project rebase-over-merge warning and per-root decision,has_non_empty_merge_commits_in_range + prepare_multi_root_update + run_multi_root_update_selected_with_methods_and_options,WorkspaceOperations.swift: presentUpdateRebaseOverMergeDialog + persisted retry root methods,verified-partial,"Rebase Update Project fetches each root before checking base..current; only merge commits with non-empty first-parent tree changes trigger Merge Instead/Rebase Anyway/Cancel; Merge Instead switches only those roots to merge, reuses fetched refs, and persists the per-root method selection through retry and reload","Native DialogWrapper/DataContext/VcsNotifier lifecycle, UI automation, and deeper compound post-action orchestration remain partial",arbor-engine/tests/branch_compare.rs::detects_only_non_empty_merge_commits_in_revision_range + ignores_noop_no_ff_merge_commits + cargo test --all-targets + xcodebuild test + script/build_and_run.sh --verify,"Closes the concrete GitRebaseOverMergeProblem decision gap without changing explicit Pull actions"
Arbor.Current.UpdateProject.SaveChangesPolicy.2026-08-24,git4idea.config.GitVcsSettings,settings,Project-level local changes preservation policy,GitProjectLocalChangesSavePolicySettings + project-scoped savePolicy arguments,DiagnosticsLogger.swift: ProjectGitIncomingChangesSettingsView + WorkspaceOperations.swift: Pull/Update/Rebase/Merge/Reset/Checkout runners,verified-partial,"Project Git Settings can override the global Shelf/Stash policy per normalized project path; when enabled the selected policy is used by dirty Pull/Update preservation and the existing Rebase/Merge/Reset/Checkout/force-pushed update runners, while disabled projects inherit the global policy","Native GitVcsSettings/DataContext lifecycle, full project setting automation and a few legacy native action surfaces remain partial",ArborTests/CompareSelectionTests.swift::testLocalChangesSavePolicyIsProjectScopedAndFallsBackToGlobal + focused/full xcodebuild test + script/build_and_run.sh --verify,"Closes the project cross-contamination gap without changing the global fallback"
Arbor.Current.UpdateProject.ResetToRemoteBranch.2026-08-24,git4idea.update.GitUpdateOptionsDialog + GitResetUpdater,update,Reset current branch to tracked remote branch,fetch_remote_branch + revisionCommitId + resetWithRecovery,WorkspaceOperations.swift + ContentView.swift + ArborApp.swift,verified-partial,"Single-root VCS and toolbar action checks current branch and tracked upstream; confirmation makes local commit loss explicit; only the upstream is fetched; Smart Hard Reset uses the project Shelf/Stash policy and existing Reset Recovery exposes Undo/Keep","Native UpdateOptionsDialog/DataContext/VcsNotifier lifecycle and UI automation remain partial","ArborTests/CompareSelectionTests.swift::testVCSActionContextMatchesGitMenuEnablement + arbor-engine/tests/reset.rs::smart_hard_reset_preserves_overlapping_local_changes + cargo test + xcodebuild test + script/build_and_run.sh --verify","Closes the action-only RESET gap without turning RESET into a persisted Update method"
Arbor.Current.UpdateProject.OptionsDialog.2026-08-24,platform.vcs-impl.UpdateOptionsDialog + git4idea.update.GitUpdateConfigurable,update,Update Project options dialog lifecycle,GitUpdateMethodSettings + GitUpdateOptionsDialogSettings,RebasedDialogs.swift + ContentView.swift + WorkspaceOperations.swift,verified-partial,"VCS Update Project opens a project-scoped SwiftUI options dialog by default; Merge/Rebase remains a draft until Update confirms; Do not show this dialog again is project-scoped; the single-root dialog exposes Reset to Remote Branch and Cancel leaves the method unchanged","Native Swing DialogWrapper/DataContext/VcsNotifier lifecycle and UI automation remain partial","ArborTests/CompareSelectionTests.swift::testUpdateMethodIsProjectScopedAndDefaultsToMerge + testUpdateOptionsDialogVisibilityIsProjectScopedAndDefaultsToShown + focused/full xcodebuild test + script/build_and_run.sh --verify","Closes the direct-execution Update Project interaction gap while preserving the SwiftUI product boundary"
Arbor.Current.Branches.UnbornActionPresentation.2026-08-24,git4idea.actions.GitCreateNewBranchAction + git4idea.ui.branch.GitBranchesAction,branch,Branches Popup New Branch action presentation for fresh repositories,branch_list + headId,RebasedDialogs.swift: RebasedBranchesPopover + MultiRootBranchesPopover,verified-partial,"Top-level New Branch remains visible but disabled when the single root or any project root in the multi-root action scope is unborn; the action-search row uses the same enablement, shows the reference disabled description, and disabled actions are excluded from keyboard activation; Checkout Tag or Revision remains available","Native action-group/DataContext lifecycle and UI automation remain partial","Arbor/ArborTests/CompareSelectionTests.swift::testBranchPopupNewBranchActionIsVisibleButDisabledForUnbornRepositories + focused/full xcodebuild test + script/build_and_run.sh --verify","Closes a concrete fresh-repository enablement and disabled-description mismatch without changing checkout-reference behavior"
Arbor.Current.Branches.RepositoryScopedPopup.2026-08-25,git4idea.ui.branch.popup.GitDefaultBranchesPopupStep,branch,Branches Popup multi-root repository-scoped nested interaction,branch_list + GitBranchesTreeMultiRepoFilteringModel,RebasedDialogs.swift: MultiRootBranchesPopover,verified-partial,"Clicking a repository node enters a repository-scoped second-level model with an explicit Return to All Repositories control; the parent speed-search is restored on return; Escape first returns to the repository list and only the next Escape dismisses the popup; keyboard Enter and invalid-root/filter-setting cleanup share the same navigation path","Native Swing nested popup/DataContext/action-group lifecycle and UI automation remain partial","Arbor/ArborTests/CompareSelectionTests.swift::testBranchPopupRepositoryScopeEscapeReturnsBeforeDismiss + focused xcodebuild test","Closes the user-visible nested repository navigation mismatch without claiming native popup lifecycle parity"
Git.OpenExcludeFile,git4idea.ignore.actions.OpenGitExcludeAction,ignore,Open repository-local exclude file,Repository.gitDir + repositoryGitExcludeURL,WorkspaceOperations.swift: editGitExclude,verified-partial,"Opens or creates the repository-local info/exclude file and resolves linked worktree commondir to the shared Git directory; missing or malformed commondir safely falls back to the actual administrative directory","Native OpenFileDescriptor/DataContext lifecycle and UI automation remain partial",Arbor/ArborTests/RepositoryFileChangeMonitorTests.swift::testGitExcludeURLUsesCommonDirectoryForLinkedWorktree + testGitExcludeURLFallsBackToAdministrativeDirectoryWithoutCommonDirectory + xcodebuild test,Closes the linked-worktree path correctness gap for the existing Edit .git/info/exclude surface
Git.Log.Branches.Change.Branch.Filter.On.Selection,git4idea.ui.branch.dashboard.BranchesDashboardActions$ChangeBranchFilterAction,history,Branches dashboard selection action: filter Log,log_filtered(start) / log_filtered_with_message_and_date_options_for_revisions,LogSidebar.swift: LogBranchesPanel + MultiRootLogBranchesPanel selection action,verified-partial,"Filter mode now applies after ordinary click, Cmd multi-selection and Shift range selection; local, remote and HEAD refs become root-qualified Log filters, duplicate selections are removed, and tags remain navigable refs without becoming branch filters","Native TreeSelection/DataContext/action lifecycle and UI automation remain partial",Arbor/ArborTests/HostingProviderTests.swift::BranchDirectoryTreeTests::testLogBranchDashboardFiltersAreRootQualifiedAndExcludeTags + focused/full xcodebuild test,Closes the concrete multi-selection and tag-filter semantic gap in Git.Log.Branches.Change.Branch.Filter.On.Selection
Git.Log.Branches.Navigate.Log.To.Branch.On.Selection,git4idea.ui.branch.dashboard.BranchesDashboardActions$NavigateLogToBranchAction,history,Branches dashboard selection action: navigate Log,log_filtered(start_rev),LogSidebar.swift: LogBranchesPanel + MultiRootLogBranchesPanel selection action,verified-partial,"Navigate mode now reacts to ordinary click, Cmd multi-selection and Shift range selection using the first root-qualified selected ref; local, remote, tag and HEAD refs remain navigable","Native TreeSelection/DataContext/action lifecycle and UI automation remain partial",Arbor/ArborTests/HostingProviderTests.swift::BranchDirectoryTreeTests::testLogBranchDashboardFiltersAreRootQualifiedAndExcludeTags + focused/full xcodebuild test,Closes the selection-action trigger gap while preserving the existing exact branch HEAD navigation path
Arbor.Current.Merge.DeleteOnMergeSemantics.2026-08-25,current verification override,merge,Merge Delete-on-Merge DELETE/PROPOSE/NOTHING semantics,branch_delete + multi-root semantic action,WorkspaceOperations.swift: runMerge / finishMerge / mergeBranchInRoot / runMultiRootMergeOperation,verified-partial,"Eligible non-current unprotected local source branches follow DELETE, PROPOSE, or NOTHING; multi-root PROPOSE re-resolves root-qualified targets and shows one destructive confirmation before deletion; Merge post-actions fail closed instead of force-deleting a branch that became unmerged; NOTHING publishes no extra rollback action, matching GitMergeOperation.notifySuccess","Native VcsNotifier/DataContext lifecycle, full post-merge action history, and UI automation remain partial",Arbor/ArborTests/HostingProviderTests.swift::GitDeleteOnMergeOptionTests::testMultiRootMergeDeleteTargetsAreRootQualifiedAndDeduplicated + xcodebuild test + script/build_and_run.sh --verify,Current verification override for IntelliJ GitBrancher.DeleteOnMergeOption and GitMergeOperation.notifySuccess
Arbor.Current.CommitAndPushPreviewPolicy.2026-08-25,current verification override,push_fetch,Commit and Push preview and automatic Push policy,GitPushAfterCommitSettings + pushAfterCommitRequiresPreview,BeforeCommitSettingsView.swift: GitPushSettingsSection + DiagnosticsLogger.swift: ProjectGitIncomingChangesSettingsView + WorkspaceOperations.swift: beginSingleRootPushAfterCommit / beginMultiRootCommitPush,verified-partial,"Global and project-level Always preview, Preview protected branches only, and Push automatically choices are persisted with application fallback; commit success is the only gate into the Push phase; automatic mode requires one unambiguous remote and an attached current branch, while missing or ambiguous transport state opens explicit Push options; multi-root partial commit and failed commit phases never auto-push","Native VcsPushDialog/VcsNotifier lifecycle, deeper multi-root compound rollback/post-actions and UI automation remain partial",Arbor/ArborTests/HostingProviderTests.swift::testPushAfterCommitPreviewSettingsUseProjectOverrideAndSafeDefaults + testPushAfterCommitPreviewPolicyMatchesIntelliJSafetyBoundaries + testPushAfterCommitPreviewNeverAutoPushesAnUnavailableRoot + xcodebuild focused/full test + script/build_and_run.sh --verify,Current verification override for IntelliJ GitPushAfterCommitDialog.showOrPush and GitCheckinEnvironment
Arbor.Current.SubmodulePathScopedUpdate.2026-08-25,current verification override,submodule,Standalone initialized submodule Update from parent with recursive dirty preservation,run_submodule_update_with_policy + submodule_update_path_with_auth_and_cancel,RebasedDialogs.swift: SubmodulePanel row Update + WorkspaceOperations.swift: submoduleUpdatePath,verified-partial,"An initialized clean or modified submodule row updates from the superproject with git submodule update --recursive -- path; recursive descendants are saved deepest-first and restored in reverse using the project Stash/Shelf policy; each affected root persists a submodule-update apply marker before Git changes the worktree and clears it only after restore; crash or restore conflict is rehydrated by the existing startup scan and Git Roots conflict workbench; the parent repository is not pulled or rewritten; retry identity preserves path and options","Uninitialized/missing/conflict/unknown rows fail closed and require the global init-capable Update; native VFS/permission/banner/VcsNotifier/DataContext lifecycle and UI automation remain partial",arbor-engine/tests/multi_root.rs::standalone_submodule_update_is_parent_scoped_and_preserves_dirty_worktree + standalone_submodule_update_preserves_recursive_descendant_worktrees + standalone_submodule_update_persists_restore_marker_on_restore_conflict + focused/full xcodebuild test + script/build_and_run.sh --verify,Current verification override for IntelliJ GitSubmoduleUpdater.isSaveNeeded and doUpdate
Arbor.Current.LogSelectedHistoryChangeGitlink.2026-08-25,current verification override,rebase,Drop/Extract Selected Changes for submodule gitlink paths,drop_selected_changes + extract_selected_changes + gitlink tree materialization,repo.rs::rewrite_selected_commit_history + merge.rs::materialize_gitlink_changes + stash.rs::build_worktree_tree + LogSidebar.swift,verified-partial,"Drop rewrites a selected gitlink to the first-parent commit and synchronizes the initialized nested worktree; Extract preserves the remaining-change commit and full-tree follow-up commit with the correct gitlink IDs; parent stash trees retain gitlinks; multi-root Update Project still honors ignored submodule paths and parent-before-child ordering","Dirty nested worktrees fail closed before stash; directory paths, all-selected paths, missing/uninitialized submodules and unsafe replay conflicts remain unsupported; native conflict/VcsNotifier/DataContext lifecycle and UI automation remain partial","arbor-engine/tests/log_selected_changes.rs::drop_selected_changes_rewrites_a_gitlink_and_updates_the_nested_worktree + extract_selected_changes_preserves_gitlink_topology_in_the_extracted_commit + drop_selected_changes_refuses_a_dirty_nested_worktree_before_rewrite + arbor-engine/tests/multi_root.rs::multi_root_update_updates_detached_submodule_from_parent_and_restores_local_changes + cargo test --all-targets + xcodebuild test + script/build_and_run.sh --verify","Current verification override for IntelliJ GitDropSelectedChangesOperation.restoreChanges path semantics with explicit nested repository safety boundary"
Arbor.Current.Log.ParentChildNavigation.2026-08-25,current verification override,history,VCS Log Go to Parent/Child adjacency navigation,commit_info + commit_children,WorkspaceOperations.swift + LogSidebar.swift + repo.rs + log.rs,verified-partial,"Single-parent and single-child commits navigate directly; merge commits resolve every parent for a choice popup; child navigation walks all reachable refs so children outside the loaded page and on another local branch are available; popup labels include short hash, summary, author and date; root-qualified aggregate identities and Log generation/selection stale guards are preserved","Native VcsLogGraphActionGroup/graph adjacency index, permanent VCS Log data lifecycle, DataContext/VcsNotifier lifecycle and UI automation remain partial","arbor-engine/tests/log_filter.rs::commit_children_resolves_all_direct_children_across_branches + ArborTests/CompareSelectionTests.swift::testLogNavigationChoiceTitleCarriesRevisionContext + cargo test --test log_filter + xcodebuild test + script/build_and_run.sh --verify","Closes first-parent and current-page-only navigation gaps without claiming native action-group lifecycle parity"
Arbor.Current.Log.PermanentGraphSnapshot.2026-08-25,current verification override,history,VCS Log permanent-graph continuation snapshot,root-scoped disk cache + refs/query invalidation + after_id continuation,WorkspaceOperations.swift: PersistedLogGraphEntry + single-root/aggregate loadLog,verified-partial,"Single-root and multi-root aggregate Log persist the complete loaded commit set per canonical root with query fingerprint, refs token, cursor and has-more state; reopening restores cross-page data, page-size changes do not invalidate the graph identity, partial snapshots continue from their cursor, refresh re-reads the first page even for a complete snapshot, and large snapshots are written atomically off the main actor","Native VcsLogManager/PermanentGraph live indexing, VisiblePackRefresher, DataContext/VcsNotifier lifecycle and UI automation remain partial","Arbor/ArborTests/CompareSelectionTests.swift::testPersistedLogGraphRoundTripsContinuationAndRejectsInvalidCompletion + testPersistedLogGraphFingerprintIgnoresPageBatchSize + xcodebuild test + cargo test --all-targets + script/build_and_run.sh --verify","Current verification override for the durable display/index continuation semantics; Git refs remain authoritative"
Arbor.Current.Log.PermanentGraphLive.2026-08-25,current verification override,history,VCS Log live permanent graph and adjacency index,root-scoped Rust all-ref graph + refs/HEAD/sort invalidation + indexed page/child lookup,arbor-engine/src/log.rs: PermanentLogGraph + repo.rs: Repository cache,verified-partial,"Each opened Repository builds one all-ref graph with lanes, object-id page index, and direct-child adjacency index; default no-path Log pages are sliced from that graph, child navigation reuses it, and moved refs or HEAD changes rebuild it; path/follow/revision/filter queries retain their separate Git-walk semantics","Native VcsLogManager/VisiblePackRefresher async coordination, filtered-visible-graph options, metadata-on-demand storage, DataContext/VcsNotifier lifecycle and UI automation remain partial","arbor-engine/tests/graph.rs::permanent_graph_pages_match_full_graph_across_small_batches + permanent_graph_refreshes_when_a_ref_moves_on_same_repository_handle + cargo test --all-targets + xcodebuild test + script/build_and_run.sh --verify","Closes the live engine-side graph/index gap while keeping Swift disk snapshots as restart recovery rather than Git authority"
Arbor.Current.Log.PermanentGraphContainment.2026-08-25,current verification override,history,VCS Log containing-branch index,commit-containing local/remote refs from live graph + Push Up To Commit/protected-remote integration,repo.rs: commit_containing_branches + WorkspaceOperations.swift: push/protected branch selection,verified-partial,"A commit can resolve all containing local and remote-tracking branch refs from one root-scoped graph index; Push Up To Commit prefers the current containing local branch then another containing local branch, and protected-remote checks reuse the same query; tags remain outside the branch set","Native asynchronous ContainingBranchesGetter cache/UI contract, branch-head filtered VisibleGraph options, DataContext/VcsNotifier lifecycle and UI automation remain partial","arbor-engine/tests/graph.rs::permanent_graph_reports_containing_local_and_remote_branches + cargo test --all-targets + xcodebuild test + script/build_and_run.sh --verify","Removes per-candidate reachability walks from two real Log actions without claiming full IntelliJ VCS Log lifecycle parity"
Arbor.Current.Log.FilteredVisibleGraphLanes.2026-08-25,current verification override,history,VCS Log filtered VisibleGraph lane preservation,full revision-walk graph context + filtered row projection + cursor-aware lane propagation,arbor-engine/src/log.rs: collect_log_paths + tests/log_filter.rs::filtered_log_keeps_lanes_from_hidden_graph_context,verified-partial,"No-path message/author/date/revision/No Merges filters preserve hidden commits as lane context and expose only matching rows; cursor continuation keeps pre-cursor graph state so filtered pages retain the full-log lane and parent-lane coordinates","Native PermanentGraph VisibleGraph controller and branch-head filtering remain partial; Arbor graph option names/semantics are not yet identical to the reference fork and native VisiblePackRefresher request coalescing/DataContext/VcsNotifier/UI automation remain partial",arbor-engine/tests/log_filter.rs::filtered_log_keeps_lanes_from_hidden_graph_context + cargo test --test log_filter + cargo test --all-targets + xcodebuild test + script/build_and_run.sh --verify,Closes the filtered-subgraph lane break without claiming native VCS Log graph-controller parity
Arbor.Current.Log.FilteredVisibleGraphQuery.2026-08-25,current verification override,history,VCS Log filtered VisibleGraph query and incremental loading,PermanentLogGraph.filtered_page + selected-head reachability + filtered after_id continuation,arbor-engine/src/log.rs: PermanentLogGraph.filtered_page + repo.rs: filtered query fast path + WorkspaceOperations.swift: loadLog/loadMoreLog/scheduleLogRefresh,verified-partial,"No-path/no-follow/no-range filters reuse one live permanent graph for selected heads and author/message/date/No Merges predicates; Swift Load More resumes from the same object-id cursor and coalesces same-turn filter refreshes; path/follow/range retain Git-walk semantics","Exact native VisibleGraph controller, branch-head lane/layout behavior, Base Normal/Bek graph options, VisiblePackRefresher indexing state machine, DataContext/VcsNotifier lifecycle and UI automation remain partial",arbor-engine/tests/log_filter.rs::filtered_log_keeps_lanes_from_hidden_graph_context + first_parent_head_filter_excludes_the_merge_second_parent_line + cargo test --all-targets + xcodebuild test + script/build_and_run.sh --verify,Closes the filtered query and continuation gap without claiming exact native VisibleGraph parity
Arbor.Current.Log.BekGraphOptions.2026-08-26,current verification override,history,VCS Log Normal/Bek/LinearBek/FirstParent graph options,permanent graph Bek branch layout + timestamp/restriction merge + existing SwiftUI LinearBek edge model,arbor-engine/src/log.rs: reorder_commits_for_bek + ContentView.swift: LogGraphSortChoice,verified-partial,"Standard(Bek) now uses an IntelliJ-shaped branch-fragment reorder instead of generic gix TopoOrder; merge rows remain before parents and incoming fragments are selected first; LinearBek reuses that order and keeps the existing edge collapse/expand model; menu labels expose Normal (Off), Standard (Bek), Linear (LinearBek), and First Parent while the persisted legacy raw value remains stable","Native VisibleGraph/ActionController, exact branch-head layout and full LinearBek collapsed graph are still partial; VisiblePackRefresher indexing state, DataContext/VcsNotifier lifecycle and UI automation remain partial","arbor-engine/src/log.rs::tests::bek_places_incoming_merge_branch_before_main_branch + bek_preserves_topology_across_two_heads_and_a_merge + tests/graph.rs::graph_sort_modes_preserve_topology_and_linearize_incoming_lane + cargo test --test graph + cargo test --test log_filter + xcodebuild test + script/build_and_run.sh --verify","Closes the generic-topo-versus-Bek ordering gap without claiming the full native graph controller"
Arbor.Current.Log.BranchHeadVisibleGraphProjection.2026-08-26,current verification override,history,VCS Log selected branch/revision VisibleGraph filtering,selected-head reachable context + lane projection + cursor continuation,arbor-engine/src/log.rs: PermanentLogGraph.filtered_page + WorkspaceOperations.swift: loadLog/loadAggregatedLog,verified-partial,"Selected branch/revision heads are reduced to their reachable graph context before lane projection; unselected sibling branches no longer affect visible lanes; message/author/date/No Merges matching and after_id continuation preserve the same selected-head topology for Normal, Bek and LinearBek, while FirstParent keeps only its first-parent lane","Native BranchFilterController/CollapsedGraph dynamic graph answers, exact dotted filter edges and GraphAction lifecycle, VisiblePackRefresher indexing state, DataContext/VcsNotifier lifecycle and UI automation remain partial","arbor-engine/tests/log_filter.rs::selected_branch_rebuilds_visible_lanes_without_an_unselected_sibling + multiple_branch_heads_filter_to_their_reachable_history_union + first_parent_head_filter_excludes_the_merge_second_parent_line + cargo test --test log_filter + cargo test --all-targets + xcodebuild test + script/build_and_run.sh --verify","Closes the selected-head lane contamination gap without claiming native VisibleGraph controller parity"
Arbor.Current.Log.LinearBekGraphActionController.2026-08-26,current verification override,history,VCS Log LinearBek graph actions and interaction model,typed GraphAction controller + node/row/edge click and hover mapping + global/fragment collapse state,Arbor/LogGraphView.swift: LinearBekGraphController + node/edge hit targets,verified-partial,"MOUSE_CLICK/MOUSE_OVER/BUTTON_COLLAPSE/BUTTON_EXPAND share one deterministic controller; global collapse-off now persists fragment collapse and produces dotted edges, global collapse-on persists per-merge expansion, and node/row/normal-edge/dotted-edge targets all route through the same state transition","Native CollapsedGraph and GraphAnswer update lifecycle, complete fragment-wide highlight sets, VisiblePackRefresher indexing state, DataContext/VcsNotifier lifecycle and UI automation remain partial",ArborTests/ReflogSelectionTests.swift::LinearBekGraphTests::testLinearBekControllerMapsFragmentNodesToCollapseAndExpandActions + testLinearBekControllerCollapsesFragmentWhenGlobalCollapseIsOff + testLinearBekControllerExpandsFragmentWhenGlobalCollapseIsOn + testLinearBekControllerCollapseAndExpandButtonsUpdateAllFragments + xcodebuild test -only-testing:ArborTests/LinearBekGraphTests + cargo test --all-targets + script/build_and_run.sh --verify,Closes the nonfunctional per-fragment collapse path without claiming native LinearBek controller parity
Arbor.Current.Log.LinearBekCollapseExpandMenuActions.2026-08-26,current verification override,history,VCS Log Collapse All / Expand All action exposure,menu actions + monotonic command routing + controller state application,Arbor/ContentView.swift: logGraphCommand + Arbor/LogSidebar.swift: issueLogGraphCommand + Arbor/LogGraphView.swift: graphCommand onChange,verified-partial,"Log menu exposes independent Collapse All Graph and Expand All Graph actions when Log view is active; repeated same-type commands have unique IDs and are applied by the existing typed controller to explicit fragment or global expansion state","Native action-group/DataContext lifecycle, option-sensitive native labels, dynamic CollapsedGraph/GraphAnswer lifecycle, VisiblePackRefresher, VcsNotifier lifecycle and UI automation remain partial",ArborTests/ReflogSelectionTests.swift::LinearBekGraphTests::testLinearBekGraphCommandIdentityAllowsRepeatedMenuActions + testLinearBekControllerCollapseAndExpandButtonsUpdateAllFragments + focused LinearBekGraphTests + full xcodebuild test + cargo test --all-targets + script/build_and_run.sh --verify,Closes the user-inaccessible BUTTON_COLLAPSE/BUTTON_EXPAND path without claiming native action parity
Arbor.Current.Log.LinearBekFragmentWideHover.2026-08-26,current verification override,history,VCS Log LinearBek fragment-wide hover/highlight,fragment-wide GraphAnswer selection + recursive child fragment resolution + identity-safe hover state,Arbor/LogGraphView.swift: LinearBekGraphModel.highlight + LinearBekGraphActionAnswer.highlight + Canvas drawGraph,verified-partial,"MOUSE_OVER now resolves complete child-fragment rows/edges and dotted-edge endpoints; Canvas paints the whole selected fragment and preserves the new highlight when adjacent hit-target leave events arrive out of order","Native selected-node GraphAnswer/CollapsedGraph lifecycle, keyboard/action-group graph selection, VisiblePackRefresher, DataContext/VcsNotifier lifecycle and UI automation remain partial",ArborTests/ReflogSelectionTests.swift::LinearBekGraphTests::testLinearBekHoverHighlightsTheCompleteChildFragment + testLinearBekHoverHighlightsDottedEdgeEndpoints + 15-test focused LinearBekGraphTests + full xcodebuild test + cargo test --all-targets + script/build_and_run.sh --verify,Closes the fragment-wide hover gap without claiming native graph selection parity
Arbor.Current.Log.ChangesBrowserStandaloneDiff.2026-08-26,current verification override,history,Log Changes Browser standalone Show Diff action,ChangesBrowserBase Show Diff + EditorTabPreview double-click/Enter + next diff navigation,Arbor/LogSidebar.swift: LogChangesBrowserView + LogStandaloneDiffView,verified-partial,"Show Diff opens a root-aware standalone diff sheet even when inline preview is hidden; double-click and Enter reuse the same action, Up/Down starts at the first/last visible row and stays within visible filtered files, binary changes have an explicit state, and stale async results are rejected by change identity","Native DiffManager/editor preview, DataContext/action-group lifecycle, external diff tool integration, VcsNotifier history and UI automation remain partial","ArborTests/CompareSelectionTests.swift::testKeyboardChangeIndexStartsAtVisibleBoundaryWithoutSelection + testKeyboardChangeIndexUsesAdjacentSelectionOnceFocused + xcodebuild test -only-testing:ArborTests/CompareSelectionTests + cargo test --all-targets + cargo fmt --check + script/build_and_run.sh --verify","Closes the user-visible no-op Show Diff path without claiming the full native Changes Browser action stack"
Arbor.Current.MultiRootPullPreservingUpdate.2026-08-26,current verification override,push_fetch,Git Roots Pull All preserving/update parity,run_multi_root_update_selected_with_methods_and_options,Arbor/WorkspaceOperations.swift: executeMultiRootOperation + executeMultiRootUpdate,verified-partial,"Git Roots Pull All (Merge/Rebase) and its selected-root retry now use the same preserving/update runner as Update Project: credential broker, cancellation, Fetch tag policy, Shelf/Stash local-scene preservation, conflict recovery, partial results and root-scoped retry are shared","Native VcsNotifier/DataContext lifecycle and UI automation remain partial","ArborTests/CompareSelectionTests.swift::testGitRootsPullAllUsesPreservingUpdateRoute + xcodebuild test + cargo test --all-targets + cargo fmt --check","Closes the legacy Pull All runner divergence without claiming native UpdateInfoTree/VcsNotifier parity"
Arbor.Current.BranchPopup.CommitAction.2026-08-26,current verification override,branch,Branches Popup top-level Commit action,CheckinProject / Git.Commit.Stage -> commit workspace,Arbor/RebasedDialogs.swift: BranchPopupActionID + RebasedBranchesPopover + MultiRootBranchesPopover; Arbor/ContentView.swift: openCommitWorkspaceFromBranchPopup,verified-partial,"Single-root and multi-root Branches Popup expose Commit Changes in the top action group, footer, speed-search, keyboard selection and Enter execution; action is disabled with an explicit explanation when no root has local Git changes and opens the existing Commit workspace when enabled","Fixed staging-area product scope merges the two reference actions; native action-group/DataContext/focus lifecycle and UI automation remain partial","ArborTests/CompareSelectionTests.swift::testBranchPopupActionSpeedSearchMatchesOnlyEnabledActionFilter + testBranchPopupNewBranchActionIsVisibleButDisabledForUnbornRepositories + focused xcodebuild test","Closes the user-visible Branch Popup Commit action gap without duplicating the fixed staging-area entry"
Arbor.Current.MultiRoot.RebaseResultTreeRecovery.2026-08-26,current verification override,rebase,multi-root Rebase result tree recovery,run_multi_root_rebase_with_cancel + MultiRootRebaseSession,Arbor/WorkspaceOperations.swift: multiRootRebaseFeedbackResultRows + runPendingMultiRootRebase + FeedbackCenter.swift: feedbackResultRows,verified-partial,Paused roots map to partial; completed roots stay visible through Retry; first run does not pre-attach pending rows; catch path reattaches the stable session tree,Native VcsNotifier/DataContext lifecycle and UI automation remain partial; engine-thrown failure keeps the operation error without inventing a false root failure,ArborTests/CompareSelectionTests.swift::testFeedbackResultRowsMarkPausedRootsAsPartialUsingCanonicalPaths + testFeedbackResultRowsPersistAcrossOperationLogReload + xcodebuild test -only-testing:ArborTests/CompareSelectionTests,Closes the paused-root misclassification and result-tree loss without changing Rust rebase execution semantics
Arbor.Current.Shelf.BatchRetryResultAccumulation.2026-08-26,current verification override,stash,Shelf batch retry cumulative item result tree,shelf batch stable notification + FeedbackOperationItem merge,Arbor/FeedbackCenter.swift: preserveResultItems + mergeFeedbackOperationItems + finish result preservation; Arbor/WorkspaceOperations.swift: single/batch Shelf Apply/Pop/Drop retry routing,verified-partial,"Retry Remaining Shelves now preserves completed item rows, replaces retried rows by root-qualified item id, and keeps execution order across the final notification and persisted Operation Log; new non-retry operations still clear the previous batch snapshot","Full ShelvedTreeModel/DataContext/VcsNotifier action lifecycle, finer native notification grouping and UI automation remain partial",Arbor/ArborTests/CompareSelectionTests.swift::testFeedbackShelfRetryPreservesAndMergesStableItemResults + focused xcodebuild test,Closes the cumulative result-tree loss on Shelf retry without making persisted presentation rows an authority for Git mutation safety
Arbor.Current.Shelf.LifecycleRetryResultAccumulation.2026-08-26,current verification override,stash,Recently Deleted Shelf lifecycle retry cumulative item result tree,shelf lifecycle stable notification + FeedbackOperationItem merge,Arbor/WorkspaceOperations.swift: restoreDeletedShelves/deleteDeletedShelves + retryShelfLifecycleBatch; Arbor/FeedbackCenter.swift: stable lifecycle item preservation,verified-partial,"Restore Selected and Delete Permanently Selected now reuse stable root-qualified lifecycle IDs from the start; Retry Remaining Shelf Actions preserves completed rows, updates only retried names, keeps item/file order after reload, and skips a second permanent-delete confirmation on the semantic retry route","Full ShelvedTreeModel/DeleteProvider/DataContext lifecycle, finer Recently Deleted notification grouping and UI automation remain partial",Arbor/ArborTests/CompareSelectionTests.swift::testFeedbackHistoryRestoresShelfLifecycleBatchRetryActionAcrossReload + focused xcodebuild test,Extends the cumulative result invariant from active Shelf Apply/Pop/Drop to Recently Deleted Restore/Delete without changing Rust lifecycle authority
Arbor.Current.Shelf.MemberBatchRetryResultAccumulation.2026-08-26,current verification override,stash,Shelf member-group batch retry cumulative item/file result tree,shelf member-batch stable notification + FeedbackOperationItem merge,Arbor/WorkspaceOperations.swift: doShelveUnshelvePathGroups/doShelveDropPathGroups/doShelveDeleteDeletedPathGroups + retryShelfMemberBatch; Arbor/FeedbackCenter.swift: stable item preservation,verified-partial,"Grouped Shelf member Apply/Drop/Delete actions now use stable root-qualified member-batch notification IDs, persist one item per Shelf with file children, preserve completed groups across Retry Remaining Shelf Changes, replace only retried groups, and restore the tree after Operation Log reload","Full ShelvedTreeModel/DataContext/DeleteProvider lifecycle, native grouped ChangesBrowser selection and UI automation remain partial",Arbor/ArborTests/CompareSelectionTests.swift::testFeedbackShelfMemberRetryPreservesGroupedPathResults + focused xcodebuild test,Closes the member-level result-tree loss while keeping persisted rows presentation-only and Rust repository state authoritative
Arbor.Current.Shelf.ProjectScopedRecycledSetting.2026-08-26,current verification override,stash,Project-scoped Show Already Unshelved setting and cleanup notification lifecycle,project-keyed UserDefaults + stable shelf-metadata.clean notification,Arbor/RebasedWorkspaceViews.swift: ShelfViewSettings + RebasedCommitWorkspace; Arbor/WorkspaceOperations.swift: cleanRecycledShelves,verified-partial,"Show Already Unshelved is persisted per project and reloaded when the active project changes instead of leaking through one global AppStorage key; Clear Already Unshelved uses one root-qualified stable notification ID from begin through empty/success/failure completion and reuses the same Operation Log entry","Native ShelveChangesManager project workspace state, ShelvedTreeModel/DataContext/VcsNotifier lifecycle, cleanup result presentation and UI automation remain partial","Arbor/ArborTests/CompareSelectionTests.swift::testShelfViewSettingsAreProjectScoped + testFeedbackCleanShelfLifecycleReusesStableNotificationEntry + focused xcodebuild test","Closes cross-project setting leakage and unstable cleanup history identity without claiming native Shelf workspace state parity"
Arbor.Current.Shelf.ProjectScopedRemoveAppliedSetting.2026-08-26,current verification override,stash,Project-scoped Remove Applied Files from Shelf policy,project-keyed UserDefaults + shelf unshelve fallback,"Arbor/RebasedWorkspaceViews.swift: ShelfViewSettings + RebasedCommitWorkspace; Arbor/WorkspaceOperations.swift: doShelveUnshelveIntoChangeList",verified-partial,"Remove Applied Files from Shelf is now persisted per project using the normalized project path; ordinary Unshelve, silent Unshelve, Recently Deleted, and target-Changelist paths all use the active project's value, and the legacy global key is ignored","Native ShelveChangesManager project state, ShelvedTreeModel/DeleteProvider/DataContext/VcsNotifier lifecycle, and UI automation remain partial","Arbor/ArborTests/CompareSelectionTests.swift::testShelfRemoveAppliedSettingIsProjectScoped + focused/full xcodebuild test + cargo fmt --check + cargo test --workspace --all-targets --quiet","Current verification override for IntelliJ ShelveChangesManager.State.myRemoveFilesFromShelf"
Arbor.Current.CherryPick.ProjectScopedPublishedSuffix.2026-08-26,current verification override,history,Project-scoped published Cherry-pick suffix setting,project-keyed UserDefaults + GitVcsSettings-equivalent effective lookup,"Arbor/BeforeCommitSettingsView.swift: GitCherryPickSettings; Arbor/DiagnosticsLogger.swift: ProjectGitIncomingChangesSettingsView; Arbor/WorkspaceOperations.swift: runLogApplyOperation",verified-partial,"Project Git Settings can override whether Cherry-pick appends the published-commit suffix for commits already reachable from a protected remote branch; each Log/Recovery operation captures the effective decision, and projects without an override inherit the application setting","Native GitVcsSettings workspace component, exact GitVcsNotifier/DataContext lifecycle, and UI automation remain partial","Arbor/ArborTests/CompareSelectionTests.swift::testCherryPickPublishedSuffixSettingIsProjectScopedWithGlobalFallback + focused/full xcodebuild test + cargo fmt --check + cargo test --workspace --all-targets --quiet","Closes cross-project suffix leakage while preserving global compatibility"
Arbor.Current.Push.ProjectScopedTagMode.2026-08-26,current verification override,push_fetch,Project-scoped default Push tag mode,project-keyed UserDefaults + PushDialogView defaultPushTagMode,"Arbor/BeforeCommitSettingsView.swift: GitPushTagSettings; Arbor/DiagnosticsLogger.swift: ProjectGitIncomingChangesSettingsView; Arbor/ContentView.swift: single/multi-root PushDialogView; Arbor/WorkspaceOperations.swift: beginMultiRootPushDialog",verified-partial,"Project Git Settings can persist All tags or Tags reachable from current branch per project; single-root, multi-root, and submodule Push dialogs load that default while the user can still disable tags for one operation","Native GitVcsSettings workspace component, full PushOptionsPanel/DataContext/VcsNotifier lifecycle, and UI automation remain partial","Arbor/ArborTests/CompareSelectionTests.swift::testPushTagModeSettingIsProjectScopedAndDefaultsToOff + focused/full xcodebuild test + cargo fmt --check + cargo test --workspace --all-targets --quiet","Closes the missing project default for GitVcsOptions.pushTags without forcing tags on when no project override exists"
Arbor.Current.Push.ProjectScopedAutoUpdateOnRejected.2026-08-26,current verification override,push_fetch,Project-scoped auto-update after current-branch Push rejection,project-keyed UserDefaults + guarded Push recovery runner,"Arbor/BeforeCommitSettingsView.swift: GitPushAutoUpdateSettings + gitPushAutoUpdateIsEligible; Arbor/DiagnosticsLogger.swift: ProjectGitIncomingChangesSettingsView; Arbor/WorkspaceOperations.swift: doPush/pushInRoot/finishMultiRootPush",verified-partial,"Project Git Settings can enable automatic Merge/Rebase update-and-retry for non-fast-forward rejection of the checked-out branch; force pushes, custom refspecs, non-current branches, missing upstreams, and force-with-lease rejection stay manual; single-root, root-scoped, and multi-root Push paths use the guard","Native GitVcsSettings workspace component, exact GitPushOperation dialog/do-not-ask lifecycle, local-history labels, and UI automation remain partial","Arbor/ArborTests/CompareSelectionTests.swift::testPushAutoUpdateSettingIsProjectScopedAndGuarded + focused xcodebuild test + full xcodebuild test + cargo fmt --check + cargo test --workspace --all-targets --quiet","Closes the missing PUSH_AUTO_UPDATE project behavior while preserving safe explicit recovery for ineligible Pushes"
Arbor.Current.Commit.ProjectScopedSignOffDefault.2026-08-26,current verification override,commit,Project-scoped SIGN_OFF_COMMIT default,project-keyed UserDefaults + commit dialog default propagation,"Arbor/BeforeCommitSettingsView.swift: GitSignOffCommitSettings; Arbor/DiagnosticsLogger.swift: ProjectGitIncomingChangesSettingsView; Arbor/WorkspaceOperations.swift: project load and identity compatibility save",verified-partial,"Project Git Settings now controls the default Signed-off-by state for single-root and multi-root Commit dialogs; projects without an override inherit the legacy global identity setting; switching projects reloads the effective value","Native GitVcsSettings workspace component, exact CommitOptionsPanel/DataContext lifecycle, and UI automation remain partial","Arbor/ArborTests/CompareSelectionTests.swift::testSignOffCommitSettingIsProjectScopedWithGlobalFallback + focused xcodebuild test","Closes cross-project SIGN_OFF_COMMIT leakage while preserving compatibility with the existing identity setting"
Arbor.Current.Reset.ProjectScopedDefaultMode.2026-08-26,current verification override,branch,Project-scoped RESET_MODE default,project-keyed UserDefaults + reset dialog default propagation,"Arbor/BeforeCommitSettingsView.swift: GitResetModeChoice/GitResetModeSettings; Arbor/DiagnosticsLogger.swift: ProjectGitIncomingChangesSettingsView; Arbor/WorkspaceOperations.swift: resetFromLog/resetCommit/resetCommitsAcrossRoots",verified-partial,"Project Git Settings now persists Soft/Mixed/Hard/Keep as the default Reset mode; the Reset dialog reloads the active project's value and saves the selected mode for subsequent single-root and multi-root resets; the default remains Mixed","Native GitVcsSettings workspace component, exact GitNewResetDialog/DataContext lifecycle, and UI automation remain partial","Arbor/ArborTests/CompareSelectionTests.swift::testResetModeSettingIsProjectScopedAndDefaultsToMixed + focused/full xcodebuild test","Closes the missing RESET_MODE persistence while preserving the explicit destructive confirmation for Hard reset"
Arbor.Gap.Commit.WarningChecks.2026-08-26,current gap audit,commit,Project-scoped Commit warning handlers and warning interaction,commit_checks + CommitCheckKind,WorkspaceOperations.swift: doCommit + multi-root commit runner,verified-partial,"Rust and Swift now cover the four warning categories, project switches, the default 50 MB threshold, selected-path checks, Git LFS exclusion, root-qualified Continue/Cancel, and project-level Do-not-ask; Commit now presents warnings one category at a time in CommitCheck order, with duplicate categories suppressed within one operation and CRLF Set core.autocrlf and Commit preserved","Fork GitCheckinHandlerFactory also owns native DialogWrapper/CommitCheck workspace, VcsNotifier/DataContext lifecycle, and warning details links","arbor-engine/tests/commit_checks.rs::configurable_large_file_limit_and_selected_paths_cover_bad_names + ArborTests/CompareSelectionTests.swift::testCommitWarningSettingsAreProjectScopedAndDefaultToIntelliJValues + xcodebuild test + script/build_and_run.sh --verify","P1 reduced to native warning lifecycle/details links and UI automation"
Arbor.Current.Commit.ProjectScopedWarningChecks.2026-08-26,current verification override,commit,Project-scoped pre-commit warning checks and decision,commit_checks_with_large_file_limit + commit_checks_with_large_file_limit_for_paths + set_global_core_autocrlf,BeforeCommitSettingsView.swift: GitCommitWarningSettings + DiagnosticsLogger.swift: ProjectGitIncomingChangesSettingsView + WorkspaceOperations.swift: doCommit/performMultiRootCommit,verified-partial,"Four project-scoped warning switches and a default 50 MB threshold are persisted; Rust detects configurable large files, selected-path scope, mixed line endings, detached HEAD, Git LFS roots, and Windows reserved/invalid names; single-root and multi-root Commit collect warnings before Git mutation, then present each warning category in order with root-qualified text, CRLF Set core.autocrlf and Commit, Commit Anyway, Cancel, and category-scoped Do-not-ask","Detached-rebase details links, native GitVcsSettings/DialogWrapper/CommitCheck/VcsNotifier/DataContext lifecycle, and UI automation remain partial","arbor-engine/tests/commit_checks.rs + ArborTests/CompareSelectionTests.swift::testCommitWarningSettingsAreProjectScopedAndDefaultToIntelliJValues + xcodebuild test + cargo fmt --check + cargo test --workspace --all-targets + script/build_and_run.sh --verify","Closes the silent-warning and aggregate-alert interaction gap while preserving explicit cancellation before Git mutation"
Arbor.Current.Commit.ProjectScopedIdentityScope.2026-08-26,current verification override,commit,Project-scoped Git identity scope and missing-identity recovery,git_identity + git_config_effective_value + set_git_identity_with_global_name_email + commit_checks,BeforeCommitSettingsView.swift: GitIdentityScopeSettings + GitIdentitySettingsView; ContentView.swift: identity retry state; WorkspaceOperations.swift: single/multi-root commit recovery,verified-partial,"Git identity checks use effective config including global values; the identity sheet persists a project-level global/local choice, global mode writes user.name/email globally while keeping signing settings local, single-root save automatically retries the blocked commit, and multi-root failures expose a root-safe Codable Configure Git Identity action","Fork's detached-rebase special warning, native GitCheckinHandler/DialogWrapper/DataContext/VcsNotifier lifecycle, and UI automation remain partial","arbor-engine/tests/identity.rs::global_identity_is_effective_and_removes_local_override + ArborTests/CompareSelectionTests.swift::testGitIdentityScopeIsProjectScopedAndDefaultsGlobal + xcodebuild test (601 passed) + cargo test --workspace --all-targets + script/build_and_run.sh --verify","Closes the current identity scope/recovery gap without importing IDE-only author movement providers"
Arbor.Current.Commit.PreviousAuthorHistory.2026-08-26,current verification override,commit,Project-scoped PREVIOUS_COMMIT_AUTHORS MRU history,GitVcsSettings.PREVIOUS_COMMIT_AUTHORS + GitCommitOptions author editor,BeforeCommitSettingsView.swift: GitCommitAuthorHistorySettings + GitIdentitySettingsView; ContentView.swift: Recent authors menu; WorkspaceOperations.swift: commit author recording,verified-partial,"Commit author history is isolated by standardized project path, de-duplicated in MRU order, capped at 16 entries, and updated by single-root Commit, Commit and Push, and multi-root Commit; Git Identity sheet can select a previous author to refill author name/email without changing committer","Native GitVcsSettings workspace persistence, exact CommitOptionsPanel/DataContext lifecycle, and UI automation remain partial","ArborTests/CompareSelectionTests.swift::testCommitAuthorHistoryIsProjectScopedMRUAndCapped + xcodebuild test (601 passed) + cargo fmt --check + cargo test --workspace --all-targets + script/build_and_run.sh --verify","Closes the missing PREVIOUS_COMMIT_AUTHORS interaction while keeping author history project-scoped"
Arbor.Current.Branch.RootSync.2026-08-26,current verification override,branch,Project-scoped ROOT_SYNC branch action scope,GitVcsSettings.rootSync + shouldExecuteOperationsOnAllRoots,"DiagnosticsLogger.swift: GitRootSyncChoice/GitRootSyncSettings/ProjectGitIncomingChangesSettingsView; RebasedDialogs.swift: MultiRootBranchesPopover scope menu and cross-root action gating",verified-partial,"Project path-scoped NOT_DECIDED/SYNC/DONT_SYNC state is persisted; Branch Popup exposes scope selection; SYNC/NOT_DECIDED preserve cross-root same-name branch/tag/remote actions, DONT_SYNC hides those shortcuts while leaving explicit multi-selection available","Native GitVcsSettings/DvcsSyncSettings state component, first-run synchronization prompt, full affected-repository routing and native DataContext/VcsNotifier/UI automation remain partial","ArborTests/CompareSelectionTests.swift::testRootSyncSettingIsProjectScopedAndDefaultsToNotDecided + xcodebuild test (602 passed) + cargo fmt --check + cargo test --workspace --all-targets + script/build_and_run.sh --verify","Closes the missing ROOT_SYNC project state and Branch Popup presentation boundary while preserving safe root-qualified explicit actions"
Arbor.Current.Commit.MessageCleanup.2026-08-26,current verification override,commit,Git commit message cleanup for object-level commit-tree paths,commit.cleanup + core.commentChar -> IntelliJ GitCommitMessageFormatter,"arbor-engine/src/commit_message.rs: format; arbor-engine/src/repo.rs: commit_inner/amend/rebase replay",verified,"gix-backed single-root, multi-root, merge, amend and object-level rebase commit paths apply default/whitespace/scissors, verbatim, strip and custom comment-prefix semantics before writing objects","Native CommitOptionsPanel/GitCheckinEnvironment/VcsNotifier/DataContext lifecycle and UI automation remain partial","arbor-engine/src/commit_message.rs::tests + tests/commit_push.rs::gix_commit_paths_apply_commit_cleanup_and_comment_char + tests/multi_root.rs::multi_root_commit_uses_each_root_message_cleanup_config + tests/merge.rs::merge_commit_tree_applies_repository_message_cleanup + cargo fmt --check + cargo test --workspace --all-targets --quiet","Closes the reference GitCommitMessageFormatter gap without changing system-Git commit cleanup"
Arbor.Current.OperationActionGroups.2026-08-26,current verification override,cross-cutting,In-progress Git action groups in main menu and Branches Popup,operation_state,"ArborApp.swift: ProjectCommands; ContentView.swift: focused operation context; RebasedDialogs.swift: BranchPopupOperationActionID; RebasedWorkspaceViews.swift: GitMergeRebaseWidget",verified-partial,"Main menu exposes Git.Merge.Commit/Git.Merge.Abort and Rebase Abort/Continue/Skip plus Cherry-pick/Revert recovery actions from the live current-root state; Branches Popup keeps Git.Ongoing.Rebase.Actions boundaries; Merge Commit is hidden/disabled with unresolved conflicts; every action carries project/root-qualified operationRecovery request","Native action-group/DataContext/VcsNotifier lifecycle and UI automation remain partial","ArborTests/CompareSelectionTests.swift::testBranchPopupOperationActionsMatchIntelliJGroupsAndConflictVisibility + focused xcodebuild test (345 passed)","Closes the missing Git.MainMenu.MergeActions/Git.MainMenu.RebaseActions presentation gap without routing a secondary-root operation to the current Repository"
Arbor.Current.GitShowStageMenuAction.2026-08-26,current verification override,index,Git.Show.Stage main-menu reachability,show_staging_area,"ArborApp.swift: ProjectCommands + WorkspaceOperations.swift: handleArborVCSActionNotification",verified-partial,"VCS > Git > Show Staging Area now directly opens the root-scoped fixed Staging/Commit workspace; it reuses the existing HEAD/index/worktree model and clears Shelf tab selection without adding a second staging mode","Native IntelliJ action-group/DataContext/focus lifecycle and UI automation remain partial","ArborTests/CompareSelectionTests.swift::testVCSActionContextMatchesGitMenuEnablement + focused xcodebuild test (345 passed)","Closes the user-visible Git.Show.Stage reachability gap while preserving the fixed staging-area product decision"
Arbor.Current.GitAddIgnoredConfirmation.2026-08-26,current verification override,index,Git.Add ignored-file confirmation,stage(path),"RebasedWorkspaceViews.swift: RebasedIgnoredGroup context menu + confirmationDialog",verified-partial,"Ignored Files rows now expose Add to Git…; explicit confirmation reuses root-scoped stage(path), and the engine status transitions from Ignored to staged Added","Cancel leaves the ignored file unchanged; native ScheduleForAdditionAction/ChangesView/DataContext lifecycle and UI automation remain partial","arbor-engine/tests/status.rs::explicitly_staging_an_ignored_file_adds_its_contents_to_the_index + focused xcodebuild test (345 passed)","Closes the Git.Add containsIgnored confirmation gap without changing default Stage all ignored-file exclusion"
Arbor.Current.Commit.WarningRebaseContext.2026-08-26,current verification override,commit,Commit warning rebase context,commit_checks + commitWarningSetting,"checks.rs: RebaseInProgress; WorkspaceOperations.swift: commit warning mapping",verified-partial,"Interactive rebase suppresses the generic DetachedHead check; other unfinished rebase states emit a non-blocking RebaseInProgress warning and Swift routes it through the project-scoped detached-head warning setting","Native GitCheckinHandler/DialogWrapper/VcsNotifier/DataContext lifecycle and UI automation remain partial","arbor-engine/tests/commit_checks.rs::interactive_rebase_suppresses_generic_detached_warning + noninteractive_rebase_uses_rebase_specific_warning + focused xcodebuild test (346 passed)","Aligns Commit warning classification with GitDetachedRootCheckinHandler without changing the commit safety gate"
Git.Ignore.File,git4idea.ignore.actions.GitIgnoreFileActionGroup,ignore,Ignore or exclude unversioned files,add_to_gitignore + add_to_gitignore_rules + add_to_gitignore_at + add_to_gitignore_at_paths + exclude_path,"RebasedWorkspaceViews.swift: gitIgnoreActionAvailable + gitIgnoreFileCandidates + gitIgnoreTargetPaths + cross-group context selection + root creation confirmation + file context menu",verified-partial,"Ignore and Exclude are visible only for unversioned, unstaged files; existing .gitignore candidates from the target directory through the Git root are selectable; cross-group Cmd-selection intersects non-empty common candidates, filters paths outside the chosen ignore root, and Rust validates every passed target before one batch write; no candidate asks before creating the root .gitignore","Native ChangesView/DataContext action lifecycle, native notifications and UI automation remain partial","arbor-engine/tests/staging_model.rs::gitignore_rule_can_target_existing_ancestor_ignore_file + gitignore_rule_can_create_a_target_directory_ignore_file + gitignore_rules_can_append_multiple_targets_to_shared_file + gitignore_target_rejects_ignore_file_outside_target_ancestry + Arbor/ArborTests/RepositoryFileChangeMonitorTests.swift::testGitIgnoreCandidatesFollowTargetAncestryAndProduceRelativeRules + testGitIgnoreCandidatesIntersectAcrossSelectedPaths + testGitIgnoreRootCreationConfirmationOnlyAppliesToMissingRootFile + focused xcodebuild test","Aligns GitIgnoreFileActionGroup common-candidate selection, creation confirmation and root-qualified safe writes"
Arbor.Current.PatchExport.Configuration.2026-08-26,current verification override,history,IntelliJ Create Patch configuration across Log Compare and Diff Viewer,git diff/show --binary --no-ext-diff with --relative/reverse,ContentView.swift: PatchExportOptions + RebasedDialogs.swift: RebasedPatchExportDialog + WorkspaceOperations.swift + DiffDetailView.swift,verified-partial,"Log selected changes, Compare selected tree changes, and Diff Viewer exports now share reverse, clipboard, and safe in-root base-directory options; single revision export adds Subject header and multi-group export normalizes boundaries","Full IntelliJ PatchWriter file/encoding/common-parent persistence, native Changes action/DataContext/VcsNotifier lifecycle and UI automation remain partial; full revision export keeps repository-root base because complete path set is not loaded before dialog","ArborTests/CompareSelectionTests.swift::testPatchExportBaseDirectoryRejectsPathsOutsideSelectedBase + testPatchExportArgumentsPreserveAndToggleExistingReverseFlag + testPatchExportTextKeepsCommitHeaderAndStableMultiPartBoundary + full xcodebuild test","Closes the concrete configuration gap without claiming full native PatchWriter parity"
Arbor.Current.PatchExport.EncodingPersistence.2026-08-26,current verification override,history,PatchWriter charset and export preference persistence,patchExportData + project-scoped UserDefaults + save panel directory,ContentView.swift: PatchExportEncodingChoice/PatchExportSettings + RebasedDialogs.swift: RebasedPatchExportDialog + WorkspaceOperations.swift + DiffDetailView.swift,verified-partial,"Create Patch offers UTF-8, UTF-16, ISO-8859-1, and Windows-1252; encoding, clipboard preference, and last output directory are scoped to the canonical Git root; file writes use explicit non-lossy Data encoding while clipboard output remains Unicode text","Rust GitCommandResult currently exposes stdout as String through UTF-8-lossy conversion, so arbitrary non-UTF-8 Git diff bytes are not fully preserved; IntelliJ CharsetToolkit/EncodingProjectManager defaults, native dialog/action lifecycle and UI automation remain partial","ArborTests/CompareSelectionTests.swift::testPatchExportEncodingUsesExplicitBytesAndRejectsLossyConversion + testPatchExportSettingsAreProjectScopedAndRememberDestination + focused/full xcodebuild test","Closes PatchWriter explicit file encoding and preference-memory gap without claiming raw non-UTF-8 source-byte parity"
Arbor.Current.PatchExport.RawStdoutBytes.2026-08-26,current verification override,history,PatchWriter raw Git stdout byte preservation,GitCommandResult.stdout_bytes + GitProcessOutcome.stdout_bytes,arbor-engine/src/repo.rs + arbor-engine/src/gitprocess.rs + ContentView.swift + WorkspaceOperations.swift + DiffDetailView.swift,verified-partial,"普通与可取消 Git 执行均保留原始 stdout bytes；Compare、Log、Diff Viewer 及多组 Log 文件导出不再把 Git 输出先经 UTF-8-lossy String；有效 UTF-8 仍可转码，非法 UTF-8 在选择 UTF-8 时逐字节写盘，剪贴板保持 Unicode 文本","未知源字符集的非 UTF-8 输出不能安全转码为另一目标字符集而会明确失败；IntelliJ CharsetToolkit/EncodingProjectManager 默认值、原生 dialog/action/DataContext/VcsNotifier lifecycle 和 UI automation 仍为 partial","arbor-engine/tests/console.rs::raw_git_command_preserves_non_utf8_stdout_bytes + ArborTests/CompareSelectionTests.swift::testPatchExportDataPreservesNonUtf8BytesOnlyForExplicitUtf8Output + testJoinedGitPatchDataPreservesPayloadAndNormalizesSeparators + cargo test --workspace --all-targets + full xcodebuild test + script/build_and_run.sh --verify","Closes the raw stdout byte-loss gap while keeping charset conversion fail-closed"
Arbor.Current.GitHttpAuthSessionReuse.2026-08-26,current verification override,commands,"HTTPS askpass username persistence, one-dialog prompt reuse and stale secret invalidation",CredentialBroker + CredentialRequestHandler remote_url/failed callback,CredentialAuth.swift: GitRememberedUsernameStore + CredentialDialogView + KeychainStore.gitCredential,verified-partial,"每个认证轮次携带无密码 remote URL；Swift 按完整远端 URL 记住用户名；用户名 prompt 中提供的 password 在同轮 password prompt 中复用，避免连续两次对话框；认证失败只清除对应 host/user 的 Keychain secret 后再进入一次 fresh askpass retry","真实 sshd、Keychain UI automation、credential helper/SSH agent 来源级成功观测与完整原生 VcsNotifier/DataContext 生命周期仍 partial","arbor-engine/src/auth.rs unit tests + tests/auth.rs::wrong_credentials_retry_then_success + ArborTests/KeychainStoreTests.swift::testGitRememberedUsernameIsScopedByRemoteWithoutStoringSecrets + full xcodebuild test","Aligned with GitHttpGuiAuthenticator provider session and forgetPassword semantics without mixing SSH/hosting credentials"
Arbor.Current.CompareBranchesSwapSides.2026-08-26,current verification override,history,"Compare Branches Show Diff with Working Tree side orientation","project-scoped SWAP_SIDES_IN_COMPARE_BRANCHES + presentation-only FileDiff reversal","LogGraphView.swift: TreeCompareDetailView + DiagnosticsLogger.swift: ProjectGitIncomingChangesSettingsView",verified-partial,"默认按 IntelliJ 将当前工作树显示为左侧、选中分支为右侧；Swap Sides 按项目持久化，并反转 hunk 起点、行号与 Addition/Deletion 展示；异步 diff 回填校验 swap 状态","原生 CompareBranchesDiffPanel/ChangesBrowser/DataContext lifecycle 与 UI automation 仍 partial","ArborTests/CompareSelectionTests.swift::testCompareBranchesSwapSidesSettingIsProjectScoped + testReversedFileDiffForPresentationSwapsSidesAndLineKinds + full xcodebuild test","Aligns GitVcsSettings.SWAP_SIDES_IN_COMPARE_BRANCHES without changing Log Compare with Current semantics"
Arbor.Current.Shelf.SecondaryRootExternalRefresh.2026-08-26,current verification override,cross-cutting,"Secondary-root Shelf external metadata refresh","RepositoryChangeScope.gitMetadata + secondary Shelf snapshot reload","WorkspaceOperations.swift: shouldRefreshSecondaryShelfSnapshot + reloadSecondaryShelfSnapshot; RepositoryIndexRevisionMonitor.swift: metadata watcher","verified-partial","当前选中的 secondary Git root 收到 shelf metadata 变更后，aggregate root refresh 完成后重新读取 Shelf、Recently Deleted 和 changelist；generation 与 root guard 防止旧事件覆盖新选择","IntelliJ ShelveChangesManagerListener/VcsNotifier/DataContext lifecycle、文件系统 watcher automation 与 native notification history 仍 partial","ArborTests/CompareSelectionTests.swift::testSecondaryShelfSnapshotRefreshRequiresItsOwnGitMetadataEvent + focused xcodebuild test (361 passed)","Closes stale secondary Shelf snapshot refresh without widening primary/worktree invalidation"
Arbor.Current.Commit.CrlfAttributeSemantics.2026-08-26,current verification override,commit,"Commit warning CRLF/config/attributes semantics","core.autocrlf + git check-attr text/crlf/binary","arbor-engine/src/checks.rs + attributes.rs; WorkspaceOperations.swift: Commit warning dialog","verified-partial","有效 core.autocrlf 为 true/input 时跳过 warning；Git attributes 显式声明 text、legacy crlf 或 binary 时不重复报警；无声明的 CRLF 工作区文件仍按 fork 边界触发 warning","CRLF 属性读取失败按 fork 语义保守跳过告警；原生 CRLF DialogWrapper/DataContext/VcsNotifier lifecycle 与 UI automation 仍 partial","arbor-engine/tests/commit_checks.rs::crlf_warning_respects_autocrlf_and_gitattributes + cargo test --test commit_checks","Aligns GitCrlfProblemsDetector without changing project-level warning controls"
Arbor.Current.Commit.MultiRootCrlfFix.2026-08-27,current verification override,commit,multi-root Commit CRLF fix action execution,global core.autocrlf write before commit,"WorkspaceOperations.swift: performMultiRootCommit","verified-partial","multi-root warning dialog 的“Set core.autocrlf and Commit”现在在 Git 写入前只执行一次 global core.autocrlf=input；写入失败不阻断本次提交，下一次仍会继续显示 CRLF warning","原生 GitCrlfDialog/DialogWrapper、DataContext/VcsNotifier lifecycle 与 UI automation 仍 partial","ArborTests/CompareSelectionTests.swift::testCommitWarningSettingsAreProjectScopedAndDefaultToIntelliJValues + focused/full xcodebuild test + cargo test --workspace --all-targets","Closes the multi-root path where the advertised CRLF fix was silently skipped"
Arbor.Current.GitStage.ProjectScopedIgnoredSetting.2026-08-27,current verification override,index,Git Stage Show Ignored project workspace setting,project-keyed UserDefaults + GitStageViewSettings,"RebasedWorkspaceViews.swift: GitStageViewSettings + RebasedCommitWorkspace",verified-partial,"Show Ignored defaults to visible and is persisted by normalized project path; switching projects and rebuilding the Commit workspace restores each project’s value; nil project paths remain non-persistent","Native GitStageUiSettings/DataContext/action lifecycle and UI automation remain partial","ArborTests/CompareSelectionTests.swift::testGitStageIgnoredFilesSettingIsProjectScoped + focused/full xcodebuild test + cargo fmt --check","Closes cross-project Git Stage ignored-files view state leakage"
Arbor.Current.ExternalVCS.UniqueBlobRenameIdentity.2026-08-27,current verification override,index,external VFS arbitrary-basename rename unique Git blob identity,Repository.worktree_blob_id + Repository.index_blob_id + repositoryUniqueContentRenameMatches,RepositoryIndexRevisionMonitor.swift; WorkspaceOperations.swift,verified-partial,"When FSEvents omits oldPath, a file's clean-filtered worktree blob id is matched against deleted tracked index blobs; only one-to-one blob matches automatically route Add+Remove for arbitrary basenames; existing filesystem-identity/status-oldPath/case-only routes remain unchanged","Duplicate content, modified content, directory events, unsafe paths, Git query failures and missing matches remain explicit basename review or conservative Add without guessing an old Remove; native VFS provenance/permission/banner/action history and UI automation remain partial","arbor-engine/tests/shelve.rs::blob_identity_matches_a_clean_filtered_worktree_rename_without_mutation + ArborTests/RepositoryFileChangeMonitorTests.swift::testUnpairedRenameUsesUniqueGitBlobIdentityForArbitraryBasenames + testUnpairedRenameDoesNotAutoPairDuplicateGitBlobIdentity + testExternalVCSActionPathsReconcileUnpairedRenamesWithoutGuessing + cargo test --all-targets + xcodebuild test + script/build_and_run.sh --verify","Current verification override for safe content-identity recovery; does not claim full native GitVFSListener lifecycle"
Arbor.Current.Shelf.NonUtf8MemberDeletion.2026-08-27,current verification override,stash,Recently Deleted raw patch member deletion with non-UTF-8 payload,patch_paths_bytes + remove_patch_chunks_bytes + shelve_delete_deleted_paths,arbor-engine/src/shelve.rs + arbor-engine/src/repo.rs + RebasedWorkspaceViews.swift + WorkspaceOperations.swift,verified-partial,"Recently Deleted imported/raw patch member listing and path-scoped permanent deletion parse only UTF-8 patch headers/paths, locate member chunks by byte offsets, and preserve unselected non-UTF-8 payload bytes exactly; deleting the last member still removes the deleted shelf","Invalid or unsafe headers/paths and patches without recoverable member boundaries fail closed without partial writes; raw apply and structured preview still require UTF-8, and native binary provider/DataContext/delete-provider/notification lifecycle remains partial","arbor-engine/tests/shelve.rs::deleted_shelf_member_delete_preserves_non_utf8_patch_payload + deleted_shelf_can_delete_selected_members_permanently + cargo test --all-targets","Current verification override for non-UTF-8 raw payload safety in Recently Deleted member deletion"
Arbor.Current.UpdateProject.UpdateInfoLogTab.2026-08-27,current verification override,history,Update Project View Commits dedicated Log tab,makeUpdateInfoLogTab + LogTabDescriptor aggregate filter persistence,Arbor/ContentView.swift + Arbor/WorkspaceOperations.swift + Arbor/LogSidebar.swift,verified-partial,"View Commits saves the current Log context, reuses an existing same-range Update Info tab or creates a dedicated tab, keeps before/after ranges root-qualified, and restores aggregate branch/range/root filters when switching tabs","Native VcsLogManager/UpdateInfoTree lifecycle, StructureFilterPopupComponent native lifecycle, DataContext/VcsNotifier lifecycle and UI automation remain partial","Arbor/ArborTests/CompareSelectionTests.swift::testUpdateInfoLogTabIsDedicatedAndRetainsRootQualifiedRanges + testExternalLogTabsStateRoundTripsAndKeysByRootScope + focused xcodebuild test","Closes the user-visible gap where View Commits replaced the ordinary Log context"
Arbor.Current.UpdateProject.UpdateInfoPathFilter.2026-08-27,current verification override,history,Update Info project path filter,GitUpdateInfoPathFilterSettings + parseLogPathFilterEditorText,DiagnosticsLogger.swift + WorkspaceOperations.swift + LogSidebar.swift,verified-partial,"Project Git Settings stores root-qualified Update Info path selections per project; View Commits applies them on a new tab and tab edits persist back; blank means all paths; ordinary Log filters remain separate and outside-project paths are ignored","Native StructureFilterPopupComponent/FilePath tree lifecycle, exact project configuration storage, DataContext/VcsNotifier lifecycle and UI automation remain partial","Arbor/ArborTests/CompareSelectionTests.swift::testUpdateInfoPathFilterSettingsAreProjectScopedAndRootQualified + focused/full xcodebuild test + script/build_and_run.sh --verify","Closes the missing project-scoped Update Info path-filter setting"
Arbor.Current.UpdateProject.UpdateInfoAutoOpen.2026-08-27,git4idea.update.GitUpdateInfoAsLog + advancedSetting git.update.info.auto.open.enabled,settings,Update Project and shared Update Info automatic tab opening,GitUpdateInfoAutoOpenSettings + showLogRevisionRanges,DiagnosticsLogger.swift + WorkspaceOperations.swift,verified-partial,"Global setting defaults to enabled; single-root Update Project, multi-root Update Project, partial results, and failed-root Retry open the dedicated Update Info tab when non-empty received commit ranges exist; the shared Push/Force-push update-range producers use the same setting; disabling it preserves the current Log and leaves notification View Commits actions available; ordinary Pull remains opt-in","Native AdvancedSettings/VcsNotifier/DataContext lifecycle, exact UpdateInfoTree creation timing, and UI automation remain partial","Arbor/ArborTests/CompareSelectionTests.swift::testUpdateInfoAutoOpenSettingDefaultsOnAndCanBeDisabledGlobally + focused/full xcodebuild test + script/build_and_run.sh --verify","Closes the missing global auto-open setting and Update Project interaction"
Arbor.Current.RevisionContentMode.2026-08-27,git4idea.util.GitFileUtils + advancedSetting git.read.content.with,history,Historical revision file content transform,read_revision_file_with_mode + system git cat-file --filters/--textconv,RevisionBrowserView.swift + DiagnosticsLogger.swift,verified-partial,"Revision Browser supports NONE raw blobs, FILTERS checkout filters, and TEXTCONV path drivers; FILTERS is the IntelliJ-compatible default; transformed stdout is redirected through the shared Git runner and read as raw bytes before binary/truncation classification; changing the setting reloads the selected file","Native GitFileUtils/VirtualFile content lifecycle, AdvancedSettings storage, external-driver UX, and UI automation remain partial; arbitrary filter/textconv commands still depend on the repository's Git configuration","arbor-engine/tests/read_file.rs::revision_file_content_honors_none_filters_and_textconv_modes + Arbor/ArborTests/CompareSelectionTests.swift::testHistoricalRevisionContentAndCommitHookSettingsUseIntellijDefaults + focused xcodebuild test","Closes the historical Revision Browser content-transform gap without changing the existing raw read API"
Arbor.Current.CommitAlwaysSkipHooks.2026-08-27,git4idea.checkin.GitSkipHooksCommitHandlerFactory + advancedSetting git.commit.do.not.run.commit.hooks,settings,Global Git commit hook override,GitCommitHooksSettings + effectiveSkipHooks + commit/commitWithOptions/amend/multi-root commit routing,DiagnosticsLogger.swift + RebasedWorkspaceViews.swift + RebasedDialogs.swift + WorkspaceOperations.swift,verified-partial,"Global Always skip Git commit hooks defaults off and forces skip-hooks for single-root Commit, Amend, Commit and Push, selected-file/multi-root Commit, and multi-root retry paths; the per-commit checkbox remains checked and disabled while the override is active; explicit per-commit skip still works when the global setting is off","Native GitSkipHooksCommitHandlerFactory/CheckinEnvironment, persistent AdvancedSettings workspace state, and UI automation remain partial; Git Push-only pre-push-hook options remain governed by the Push dialog","arbor-engine/tests/hooks.rs::pre_commit_can_block_and_skip_can_bypass + Arbor/ArborTests/CompareSelectionTests.swift::testHistoricalRevisionContentAndCommitHookSettingsUseIntellijDefaults + focused xcodebuild test","Closes the global commit-hook setting gap while preserving the existing explicit before-commit check flow"
Arbor.Current.BranchNameCleanup.2026-08-27,git4idea.validators.GitRefNameValidator + GitNewBranchDialog + GitPushTargetPanel,branch,Git ref name typing and final cleanup,GitBranchNameCleanupSettings + GitBranchNameCleanup + validate_branch_name,DiagnosticsLogger.swift + RebasedDialogs.swift + PushDialogView.swift + WorkspaceOperations.swift,verified-partial,"New branch, multi-root branch, worktree branch, and Push target fields remove Git-invalid characters, replace spaces/control characters with the configurable cleanup symbol (default '-'), and remove invalid ending patterns; final create/push paths repeat cleanup before validation/execution","Native Swing caret-preserving typing behavior, AdvancedSettings storage, DialogWrapper/DataContext lifecycle, and UI automation remain partial; custom refspec text is intentionally left untouched","arbor-engine/tests/branch_ops.rs::branch_create_rejects_invalid_and_existing_names_before_mutation + Arbor/ArborTests/CompareSelectionTests.swift::testBranchNameCleanupMatchesGitRefValidatorTypingAndFinalRules + focused xcodebuild test","Closes the user-visible branch-name input cleanup gap without weakening engine-side ref validation"
Arbor.Current.InteractiveRebase.UpdateRefBlockOrder.2026-08-27,git4idea.rebase.interactive.GitRebaseTodoModel,rebase,Interactive Rebase update-ref block ordering,merge-preserving ordered todo + write_rebase_editors,arbor-engine/src/repo.rs,verified-partial,"When structured preserve-merges or multi-root rebase reorders commits the native sequence editor moves each contiguous update-ref block with its preceding pick; label/reset/merge topology controls remain anchored; real Git execution keeps the tracked branch on the intended rewritten commit","Fork models UPDATE_REF as a visible non-commit row and applies dedicated movement boundaries; Arbor structured editors still expose update-ref through the Native Todo text fallback; native action/DataContext/VcsNotifier lifecycle and UI automation remain partial","arbor-engine/src/repo.rs::rebase_editor_tests::desired_order_moves_update_ref_rows_with_their_pick_block + arbor-engine/tests/multi_root.rs::multi_root_rebase_moves_update_ref_with_reordered_commit + cargo test --test multi_root","Closes incorrect ref placement after preserve-merges structured reorder without claiming full UPDATE_REF row-model parity"
Arbor.Current.GitAnnotation.Options.2026-08-27,git4idea.actions.GitToggleAnnotationOptionsActionProvider + git4idea.history.GitAnnotationProvider,history,Git annotate/blame options,blame_with_options + blame_worktree_with_options,arbor-engine/src/blame.rs + Arbor/FileContentView.swift + Arbor/DiffDetailView.swift + Arbor/DiagnosticsLogger.swift,verified-partial,"Blame Options persist IntelliJ-compatible defaults (Ignore Whitespaces on, movement None, Prefer Commit Date off); the active HEAD/worktree runner passes -w/-M/-C as selected and chooses author or committer timestamps; both viewers expose the same menu","Native AnnotationGutter/FileAnnotation/DataContext lifecycle, affected-path cache, system editor gutter and UI automation remain partial","arbor-engine/tests/blame.rs::worktree_blame_options_match_git_annotation_semantics + Arbor/ArborTests/CompareSelectionTests.swift::testGitAnnotationSettingsMatchIntellijDefaultsAndPersistOptions + cargo test --all-targets + xcodebuild test + script/build_and_run.sh --verify","Closes the user-visible annotation option gap without claiming full native blame lifecycle parity"
Arbor.Current.Submodule.SyncPanelAction.2026-08-27,git4idea Git submodule sync action,submodule,Submodule Sync panel action,submodule_sync + submodule_sync_with_auth_and_cancel,Arbor/RebasedDialogs.swift + Arbor/ContentView.swift + Arbor/WorkspaceOperations.swift,verified-partial,"Operations > Submodules exposes Sync and routes it to the existing root-scoped recursive git submodule sync runner with authentication, cancellation, durable failure notification, and Retry","Native action-group/DataContext/VcsNotifier lifecycle and UI automation remain partial","Arbor/ArborTests/CompareSelectionTests.swift::testSubmoduleSyncRetryRequestRetainsTheSyncOperation + cargo test --all-targets + xcodebuild test + script/build_and_run.sh --verify","Closes the user-visible missing Submodule Sync entry without duplicating the existing runner"
Arbor.Current.NativeRebase.ProgressCancellation.2026-08-27,git4idea.rebase.GitRebaser + GitRebaseProcess,rebase,Native Rebase progress and process cancellation,native_rebase_command_spec + gitprocess::run + GitCancelToken + Rebasing progress parser,arbor-engine/src/repo.rs + arbor-engine/src/gitprocess.rs + FeedbackCenter.swift,verified-partial,"Structured, branch-targeted, root and non-interactive native rebase paths now use the shared Git runner; GitCancelHandle cancels the process group, stderr progress reaches the existing FeedbackCenter snapshot, and Rebasing (n/m) is shown as a percentage; an already-created native rebase remains recoverable for Continue/Skip/Abort while pre-state cancellation cleans support state","Fork exposes richer ProgressIndicator stages, retry policy and native notifier/data-context lifecycle; gix object-level Rebase/Merge remains indeterminate and UI automation is still partial","arbor-engine/src/gitprocess.rs::tests::parses_native_rebase_progress_lines + arbor-engine/tests/rebase_options.rs + rebase_todo.rs + rebase_merges.rs + multi_root.rs + cargo test --all-targets + focused xcodebuild test","Closes the native structured-rebase runner bypass without claiming full IntelliJ progress-window parity"
Arbor.Current.GitInit.RepeatedInitializationWarning.2026-08-28,git4idea.actions.GitInit + GitUtil.isUnderGit,project,Git.Init repeated-initialization safety warning,gitInitializationExistingRepositoryRoot + warning confirmation before initializeRepository,WorkspaceOperations.swift + CompareSelectionTests.swift,verified-partial,"Initialization resolves the selected directory's owning Git worktree, including a selected subdirectory, and requires explicit confirmation before running git init; cancellation starts no feedback operation and performs no mutation","Native FileChooser/ProjectLevelVcsManager/VcsNotifier lifecycle and UI automation remain partial; invalid or inaccessible Git metadata is left to the engine error path",Arbor/ArborTests/CompareSelectionTests.swift::testGitInitializationDetectsExistingRepositoryAndNestedPath + focused/full xcodebuild test + cargo fmt check + script/build_and_run.sh --verify,"Closes the fork's already-under-Git warning boundary without changing git init behavior after confirmation"
Arbor.Current.GitStash.Dialog.2026-08-28,git4idea.actions.GitStash + git4idea.stash.ui.GitStashDialog,stash,Git.Stash dialog root and Keep index interaction,stash_save_with_keep_index + selected-root stash execution,Arbor/RebasedDialogs.swift + Arbor/ContentView.swift + Arbor/WorkspaceOperations.swift,verified-partial,"Explicit Stash shows Git root current branch message and Keep index; selected secondary roots reopen their own Repository; Keep index preserves the staged snapshot while removing the unstaged delta","Native DialogWrapper/ChangeListManager freeze/VcsNotifier/DataContext lifecycle and UI automation remain partial; Pull/Update workspace preservation and Stash Files untracked options remain separate",arbor-engine/tests/stash_workspace.rs::save_with_keep_index_preserves_staged_snapshot_and_removes_unstaged_delta + focused/full cargo test + xcodebuild test + script/build_and_run.sh --verify,"Closes the fork GitStashDialog interaction gap without narrowing Pull or Stash Files semantics"
Arbor.Current.GitShowStash.2026-08-28,git4idea.stash.ui.GitShowStashTabAction,stash,Git.Show.Stash main-menu tab action,existing stash workspace tab request,Arbor/ArborApp.swift + Arbor/WorkspaceOperations.swift + Arbor/RebasedWorkspaceViews.swift,verified-partial,"Show Stash opens the combined Commit/Stash workspace; Unstash remains a separate restore dialog action","Native GitStashUIHandler/tool-window lifecycle and UI automation remain partial",Arbor/ArborTests/CompareSelectionTests.swift::testVCSActionContextMatchesGitMenuEnablement + focused/full xcodebuild test + script/build_and_run.sh --verify,"Closes the missing main-menu action and aligns Git.MainMenu.LocalChanges ordering"
Arbor.Current.GitStash.UnstashAs.2026-08-28,git4idea.stash.ui.GitUnstashAsAction,stash,Git.Stash.UnstashAs single-stash action,stash_apply_with_index + stash_pop_with_index + stash_branch,Arbor/RebasedDialogs.swift + Arbor/RebasedWorkspaceViews.swift + Arbor/ContentView.swift + Arbor/WorkspaceOperations.swift,verified-partial,"Single stash menu opens Apply/Pop/Restore staged state/Create Branch dialog; stash commit ID is remapped to the current stack index immediately before mutation","Native SavedPatches/DataContext/VcsNotifier lifecycle and UI automation remain partial",Arbor/ArborTests/CompareSelectionTests.swift::testStashDeleteSelectionResolvesByStableIDAfterStackIndexShifts + focused/full xcodebuild test + script/build_and_run.sh --verify,"Closes the missing single-stash Unstash As interaction without replacing existing Apply/Pop actions"
Arbor.Current.GitStash.OperationIdentity.2026-08-28,git4idea.stash.ui.GitStashActions + GitUnstashAsAction,stash,Stash operation identity across async and multi-root recovery,StashInfo commit identity + root-qualified recovery context,currentStashIndex + stashID callbacks + conflict/resolver state in WorkspaceOperations.swift/RebasedDialogs.swift/RebasedWorkspaceViews.swift/ContentView.swift,verified-partial,"Commit/Stash workspace, legacy sidebar, Branches Popup, Unstash/Unstash As, Pull/Update, Checkout/Reset/Force-update recovery, multi-root Update recovery and Diff/Preview carry stash commit IDs and resolve stack indexes only at engine invocation; new state prefers IDs, legacy Pull message-only markers require a unique match, and ambiguous or missing identity fails closed while keeping the stash; Diff results are guarded by root plus stash ID; conflict completion preserves the same identity","Repository mutation APIs remain index-based; native SavedPatches/DataContext/VcsNotifier lifecycle and UI automation remain partial",Arbor/ArborTests/CompareSelectionTests.swift::testStashDeleteSelectionResolvesByStableIDAfterStackIndexShifts + testPullStashSelectionRequiresTheExactPersistedMessage + testPullLocalChangesPreservationCodableKeepsExactShelfOrStashIdentity + xcodebuild test + cargo test --all-targets + cargo fmt --check + script/build_and_run.sh --verify,"Closes stale-stack-index misrouting without expanding the Git feature set"
